Ortsname;Bundesstaat/Region;Land;Latitude;Longitude;Zeitzone;Löschgrund
Abbapoola Creek entrance, Stono River, South Carolina;Stono River;South Carolina;32,6767;-80,0067;-5:00 :America/New_York;US State: South Carolina
Aberdeen, Washington;;Washington;46,9667;-123,8533;-08:00 :America/Los_Angeles;US State: Washington
Aberdeen, Washington (3);;Washington;46,9670;-123,8500;-08:00 :America/Los_Angeles;US State: Washington
Admiralty Inlet, Washington Current;;Washington Current;48,0300;-122,6367;-08:00 :America/Los_Angeles;US State: Washington
Akutan Pass, Aleutian Islands, Alaska Current;Aleutian Islands;Alaska Current;54,0217;-166,0517;-9:00 :America/Anchorage;US State: Alaska
Alameda, San Francisco Bay, California;San Francisco Bay;California;37,7717;-122,2983;-8:00 :America/Los_Angeles;US State: California
Alameda, San Francisco Bay, California (2);San Francisco Bay;California;37,7717;-122,2983;-8:00 :America/Los_Angeles;US State: California
Alameda, San Francisco Bay, California (3);San Francisco Bay;California;37,7717;-122,2983;-08:00 :America/Los_Angeles;US State: California
Albany, New York;;New York;42,6500;-73,7467;-05:00 :America/New_York;US State: New York
Alcatraz (North Point), San Francisco Bay, California Current;San Francisco Bay;California Current;37,8267;-122,4167;-8:00 :America/Los_Angeles;US State: California
Alligator Reef Light, Florida;;Florida;24,8500;-80,6183;-05:00 :America/New_York;US State: Florida
Amelia City, South Amelia River, Florida;South Amelia River;Florida;30,5867;-81,4633;-5:00 :America/New_York;US State: Florida
Amelia City, South Amelia River, Florida (2);South Amelia River;Florida;30,5867;-81,4633;-5:00 :America/New_York;US State: Florida
Anacortes, Guemes Channel, Washington;Guemes Channel;Washington;48,5167;-122,6167;-8:00 :America/Los_Angeles;US State: Washington
Anchorage (Knik Arm), Alaska;;Alaska;61,2383;-149,9167;-09:00 :America/Anchorage;US State: Alaska
Anchorage, Alaska;;Alaska;61,2383;-149,8883;-09:00 :America/Anchorage;US State: Alaska
Annapolis, Maryland;;Maryland;38,9850;-76,4867;-05:00 :America/New_York;US State: Maryland
Apalachicola, Apalachicola Bay, Florida;Apalachicola Bay;Florida;29,7267;-84,9817;-05:00 :America/New_York;US State: Florida
Apalachicola, Apalachicola Bay, Florida (2);Apalachicola Bay;Florida;29,7233;-84,9800;-05:00 :America/New_York;US State: Florida
Aquia Creek, Virginia;;Virginia;38,4183;-77,3533;-05:00 :America/New_York;US State: Virginia
Aransas Channel, Texas;;Texas;27,8383;-97,0517;-06:00 :America/Chicago;US State: Texas
Aransas Pass, Texas Current;;Texas Current;27,8333;-97,0450;-6:00 :America/Chicago;US State: Texas
Arena Cove, California;;California;38,9133;-123,7083;-08:00 :America/Los_Angeles;US State: California
Astoria (Tongue Point), Oregon;;Oregon;46,2083;-123,7667;-08:00 :America/Los_Angeles;US State: Oregon
Astoria (Tongue Point), Oregon (3);;Oregon;46,2080;-123,7670;-08:00 :America/Los_Angeles;US State: Oregon
Atlantic City (Steel Pier), New Jersey;;New Jersey;39,3550;-74,4183;-05:00 :America/New_York;US State: New Jersey
Atlantic City (Steel Pier), New Jersey (3);;New Jersey;39,3550;-74,4183;-05:00 :America/New_York;US State: New Jersey
Avila, California;;California;35,1700;-120,7400;-8:00 :America/Los_Angeles;US State: California
Avon, North Carolina;;North Carolina;35,3467;-75,5000;-05:00 :America/New_York;US State: North Carolina
Bahia Honda Harbor (Bridge) Florida Current;;;24,6567;-81,2883;-5:00 :America/New_York;US Timezone: America/New_York
Bahia Honda Key (Bridge), Florida;;Florida;24,6550;-81,2817;-05:00 :America/New_York;US State: Florida
Bailey's Landing, Okatee Wharf, South Carolina;Okatee Wharf;South Carolina;32,3467;-80,8900;-05:00 :America/New_York;US State: South Carolina
Baltimore (Chesapeake Bay), Maryland;;Maryland;39,1600;-76,3470;-05:00 :America/New_York;US State: Maryland
Baltimore (Fort McHenry), Maryland;;Maryland;39,2667;-76,5783;-05:00 :America/New_York;US State: Maryland
Baltimore Harbor Approach, Maryland Current;;Maryland Current;39,0133;-76,3683;-05:00 :America/New_York;US State: Maryland
Bangor, Penobscot River, Maine;Penobscot River;Maine;44,7950;-68,7717;-05:00 :America/New_York;US State: Maine
Bangor, Washington;;Washington;47,7483;-122,7267;-08:00 :America/Los_Angeles;US State: Washington
Bar Harbor, Frenchman Bay, Maine;Frenchman Bay;Maine;44,3917;-68,2050;-5:00 :America/New_York;US State: Maine
Barnegat Inlet, Barnegat Bay, New Jersey Current;Barnegat Bay;New Jersey Current;39,7667;-74,1167;-05:00 :America/New_York;US State: New Jersey
Bath, Kennebec River, Maine;Kennebec River;Maine;43,9183;-69,8133;-05:00 :America/New_York;US State: Maine
Bay Shore, Watchogue Creek Entrance, Long Island, New York;Long Island;New York;40,7167;-73,2400;-05:00 :America/New_York;US State: New York
Bay St. Louis, Mississippi;;Mississippi;30,3067;-89,3283;-06:00 :America/Chicago;US State: Mississippi
Bay Waveland Yacht Club, Bay St. Louis, Mississippi;Bay St. Louis;Mississippi;30,3250;-89,3250;-06:00 :America/Chicago;US State: Mississippi
Bayonne Bridge, Kill van Kull, New York Current;Kill van Kull;New York Current;40,6417;-74,1433;-05:00 :America/New_York;US State: New York
Bayonne Bridge, Kill van Kull, New York Current (2);Kill van Kull;New York Current;40,6417;-74,1433;-5:00 :America/New_York;US State: New York
Bayonne Bridge, Staten Island, New York;Staten Island;New York;40,6400;-74,1467;-05:00 :America/New_York;US State: New York
Bayou Rigaud, Grand Isle, Mississippi River Delta, Louisiana;Mississippi River Delta;Louisiana;29,2550;-89,9683;-06:00 :America/Chicago;US State: Mississippi
Beaufort, Beaufort River, South Carolina;Beaufort River;South Carolina;32,4333;-80,6667;-05:00 :America/New_York;US State: South Carolina
Beaufort, Duke Marine Lab, North Carolina;Duke Marine Lab;North Carolina;34,7200;-76,6700;-5:00 :America/New_York;US State: North Carolina
Belleville, Passaic River, New Jersey;Passaic River;New Jersey;40,7767;-74,1517;-5:00 :America/New_York;US State: New Jersey
Bellingham, Washington;;Washington;48,7500;-122,5000;-08:00 :America/Los_Angeles;US State: Washington
Bellingham, Washington (2);;Washington;48,7500;-122,5000;-08:00 :America/Los_Angeles;US State: Washington
Benner Bay, St. Thomas, Virgin Islands;St. Thomas;Virgin Islands;18,3200;-64,8700;-4:00 :America/St_Thomas;US Territory: Virgin Islands
Berkeley Yacht Harbor, California Current;;California Current;37,8522;-122,3112;-08:00 :America/Los_Angeles;US State: California
Berkeley, California;;California;37,8667;-122,3000;-08:00 :America/Los_Angeles;US State: California
Big Paradise Island, Wando River, South Carolina;Wando River;South Carolina;32,9150;-79,7467;-05:00 :America/New_York;US State: South Carolina
Black Creek, S.C.L. RR. bridge, Florida;S.C.L. RR. bridge;Florida;30,0800;-81,7617;-5:00 :America/New_York;US State: Florida
Black Creek, S.C.L. RR. bridge, Florida (2);S.C.L. RR. bridge;Florida;30,0800;-81,7617;-5:00 :America/New_York;US State: Florida
Black Creek, S.C.L. RR. bridge, Florida (3);S.C.L. RR. bridge;Florida;30,0800;-81,7617;-5:00 :America/New_York;US State: Florida
Blaine, Semiahmoo Bay, Washington;Semiahmoo Bay;Washington;49,0000;-122,7667;-08:00 :America/Los_Angeles;US State: Washington
Blaine, Semiahmoo Bay, Washington (2);Semiahmoo Bay;Washington;49,0000;-122,7667;-08:00 :America/Los_Angeles;US State: Washington
Block Island (Old Harbor), Rhode Island;;Rhode Island;41,1733;-71,5567;-05:00 :America/New_York;US State: Rhode Island
Bloody Point, Daufuskie Island, New River, South Carolina;New River;South Carolina;32,0833;-80,8833;-05:00 :America/New_York;US State: South Carolina
Blount Island Bridge, St. Johns River, Florida;St. Johns River;Florida;30,4133;-81,5450;-5:00 :America/New_York;US State: Florida
Bluffton, South Carolina;;South Carolina;32,0833;-80,8667;-05:00 :America/New_York;US State: South Carolina
Boca De Cangrejos, Isla Verde, San Juan, Puerto Rico;San Juan;Puerto Rico;18,4600;-65,9933;-4:00 :America/Puerto_Rico;US Territory: Puerto Rico
Boca Grande Channel, Florida Current;;Florida Current;24,5667;-82,0667;-5:00 :America/New_York;US State: Florida
Boca Grande Pass, Charlotte Harbor, Florida Current;Charlotte Harbor;Florida Current;26,7150;-82,2567;-5:00 :America/New_York;US State: Florida
Bolivar Roads, Texas Current;;Texas Current;29,3433;-94,7817;-06:00 :America/Chicago;US State: Texas
Boot Key Harbor, Vaca Key, Florida;Vaca Key;Florida;24,7067;-81,0967;-05:00 :America/New_York;US State: Florida
Boothbay Harbor, Maine;;Maine;43,8500;-69,6283;-05:00 :America/New_York;US State: Maine
Boston Harbor, Massachusetts Current;;Massachusetts Current;42,3383;-70,9567;-05:00 :America/New_York;US State: Massachusetts
Boston, Massachusetts;;Massachusetts;42,3550;-71,0517;-05:00 :America/New_York;US State: Massachusetts
Breakwater Harbor, Delaware;;Delaware;38,7817;-75,1200;-5:00 :America/New_York;US State: Delaware
Bridgeport, Connecticut;;Connecticut;41,1733;-73,1817;-05:00 :America/New_York;US State: Connecticut
Broad Creek, Hilton Head Island, South Carolina;Hilton Head Island;South Carolina;32,1833;-80,7500;-05:00 :America/New_York;US State: South Carolina
Buffalo Bluff, St. Johns River, Florida;St. Johns River;Florida;29,5950;-81,6817;-5:00 :America/New_York;US State: Florida
Buffalo Bluff, St. Johns River, Florida (2);St. Johns River;Florida;29,5950;-81,6817;-5:00 :America/New_York;US State: Florida
Caesar Creek, Biscayne Bay, Florida Current;Biscayne Bay;Florida Current;25,3867;-80,2267;-05:00 :America/New_York;US State: Florida
Calcasieu Pass, Lighthouse wharf, Louisiana;Lighthouse wharf;Louisiana;29,7783;-93,3450;-6:00 :America/Chicago;US State: Louisiana
Cambridge, Choptank River, Maryland;Choptank River;Maryland;38,5733;-76,0683;-5:00 :America/New_York;US State: Maryland
Canaveral Harbor Entrance, Florida;;Florida;28,4083;-80,6017;-5:00 :America/New_York;US State: Florida
Cape Alava, Washington;;Washington;48,1667;-124,7333;-08:00 :America/Los_Angeles;US State: Washington
Cape Alava, Washington (2);;Washington;48,1667;-124,7333;-08:00 :America/Los_Angeles;US State: Washington
Cape Canaveral, Florida;;Florida;28,4333;-80,5667;-05:00 :America/New_York;US State: Florida
Cape Charles Coast Guard Station, Virginia;;Virginia;37,2633;-76,0150;-05:00 :America/New_York;US State: Virginia
Cape Cod Canal (East Entrance), Massachusetts;;Massachusetts;41,7717;-70,5067;-05:00 :America/New_York;US State: Massachusetts
Cape Cod Canal, Buzzards Bay Entrance, Massachusetts;Buzzards Bay Entrance;Massachusetts;41,7417;-70,6183;-05:00 :America/New_York;US State: Massachusetts
Cape Cod Canal, Massachusetts Current;;Massachusetts Current;41,7417;-70,6133;-05:00 :America/New_York;US State: Massachusetts
Cape Hatteras (fishing pier), North Carolina;;North Carolina;35,2233;-75,6350;-5:00 :America/New_York;US State: North Carolina
Cape Hatteras (fishing pier), North Carolina (3);;North Carolina;35,2233;-75,6350;-5:00 :America/New_York;US State: North Carolina
Cape May, ferry terminal, Delaware Bay, New Jersey;Delaware Bay;New Jersey;38,9683;-74,9600;-5:00 :America/New_York;US State: New Jersey
Cape May, ferry terminal, Delaware Bay, New Jersey (2);Delaware Bay;New Jersey;38,9683;-74,9600;-05:00 :America/New_York;US State: New Jersey
Cape Poge, Chappaquiddick Island, Massachusetts;Chappaquiddick Island;Massachusetts;41,4167;-70,4500;-05:00 :America/New_York;US State: Massachusetts
Carquinez Strait, California Current;;California Current;38,0617;-122,2183;-08:00 :America/Los_Angeles;US State: California
Catalina Harbor, California;;California;33,4317;-118,5033;-08:00 :America/Los_Angeles;US State: California
Cedar Heights, Broward River, St. Johns River, Florida;St. Johns River;Florida;30,4367;-81,6417;-5:00 :America/New_York;US State: Florida
Cedar Heights, Broward River, St. Johns River, Florida (2);St. Johns River;Florida;30,4367;-81,6417;-5:00 :America/New_York;US State: Florida
Cedar Key, Way Key, Florida;Way Key;Florida;29,1350;-83,0317;0:00 :America/New_York;US State: Florida
Cedar Point, Maryland;;Maryland;38,2983;-76,3700;-5:00 :America/New_York;US State: Maryland
Cedar Tree Neck, Martha's Vineyard, Massachusetts;Martha's Vineyard;Massachusetts;41,4333;-70,7000;-05:00 :America/New_York;US State: Massachusetts
Channel Key, west side, Florida;west side;Florida;24,6033;-81,7250;-05:00 :America/New_York;US State: Florida
Charles Island, Washington;;Washington;48,4500;-122,9000;-08:00 :America/Los_Angeles;US State: Washington
Charleston Harbor Entrance, South Carolina Current;;South Carolina Current;32,7567;-79,8700;-5:00 :America/New_York;US State: South Carolina
Charleston, Oregon;;Oregon;43,3450;-124,3217;-8:00 :America/Los_Angeles;US State: Oregon
Charleston, South Carolina;;South Carolina;32,7817;-79,9250;-05:00 :America/New_York;US State: South Carolina
Charlestown, Northeast River, Maryland;Northeast River;Maryland;39,5733;-75,9700;-05:00 :America/New_York;US State: Maryland
Charlotte Amalie, St. Thomas, Virgin Islands;St. Thomas;Virgin Islands;18,3350;-64,9183;-4:00 :America/St_Thomas;US Territory: Virgin Islands
Chassahowitzka, Chassahowitzka River, Florida;Chassahowitzka River;Florida;28,7150;-82,5767;-5:00 :America/New_York;US State: Florida
Chatham (inside), Cape Cod, Massachusetts;Cape Cod;Massachusetts;41,6883;-69,9500;-5:00 :America/New_York;US State: Massachusetts
Chatham (outer coast), Cape Cod, Massachusetts;Cape Cod;Massachusetts;41,6667;-69,9333;-5:00 :America/New_York;US State: Massachusetts
Cherry Point, Washington;;Washington;48,8633;-122,7583;-8:00 :America/Los_Angeles;US State: Washington
Chesapeake Bay Bridge-Tunnel, Virginia;;Virginia;36,9667;-76,1133;-5:00 :America/New_York;US State: Virginia
Chesapeake Bay Entrance, Virginia Current;;Virginia Current;36,9800;-75,9983;-05:00 :America/New_York;US State: Virginia
Chesapeake Beach, Maryland;;Maryland;38,6833;-76,5333;-05:00 :America/New_York;US State: Maryland
Chesapeake and Delaware Canal, Maryland/Delaware Current;;Maryland/Delaware Current;39,5333;-75,8167;-05:00 :America/New_York;US Timezone: America/New_York
Chincoteague Channel (south end), Chincoteague Bay, Virginia;Chincoteague Bay;Virginia;37,9067;-75,4050;-5:00 :America/New_York;US State: Virginia
City Island, New York;;New York;40,8500;-73,7833;-05:00 :America/New_York;US State: New York
Clapboard Creek, Pelotes Island, St. Johns River, Florida;St. Johns River;Florida;30,4067;-81,5100;-5:00 :America/New_York;US State: Florida
Clapboard Creek, Pelotes Island, St. Johns River, Florida (2);St. Johns River;Florida;30,4067;-81,5100;-5:00 :America/New_York;US State: Florida
Clapboard Creek, Pelotes Island, St. Johns River, Florida (3);St. Johns River;Florida;30,4067;-81,5100;-5:00 :America/New_York;US State: Florida
Clapboard Creek, Pelotes Island, St. Johns River, Florida (4);St. Johns River;Florida;30,4067;-81,5100;-5:00 :America/New_York;US State: Florida
Clear Lake, Harris Co. Park, Texas;Harris Co. Park;Texas;29,5633;-95,0667;-6:00 :America/Chicago;US State: Texas
Clearwater Beach, Florida;;Florida;27,9767;-82,8317;-05:00 :America/New_York;US State: Florida
Cobb Point Bar Light, Maryland;;Maryland;38,2500;-76,8333;-05:00 :America/New_York;US State: Maryland
Cocodrie, Terrebonne Bay, Louisiana;Terrebonne Bay;Louisiana;29,2450;-90,6617;-06:00 :America/Chicago;US State: Louisiana
Coffin Point, Maine;;Maine;44,8667;-67,1333;-04:00 :America/New_York;US State: Maine
Colonial Beach, Potomac River, Virginia;Potomac River;Virginia;38,2517;-76,9600;-05:00 :America/New_York;US State: Virginia
Constantine Harbor, Amchitka, Alaska;Amchitka;Alaska;51,4083;179,2817;-10:00 :America/Atka;US State: Alaska
Cordova, Alaska;;Alaska;60,5583;-145,7533;-9:00 :America/Anchorage;US State: Alaska
Cornet Bay, Deception Pass, Washington;Deception Pass;Washington;48,3833;-122,6333;-08:00 :America/Los_Angeles;US State: Washington
Corpus Christi, Texas;;Texas;27,5800;-97,2167;-06:00 :America/Chicago;US State: Texas
Corpus Christi, Texas (2) (expired 1999-07-23);;Texas(expired 1999-07-23);27,7933;-97,3900;-6:00 :America/Chicago;US State: Texas
Cove Point (1.1 mi. NE of), Maryland Current;;Maryland Current;38,3817;-76,3600;-5:00 :America/New_York;US State: Maryland
Cove Point, Maryland;;Maryland;38,3850;-76,3817;-5:00 :America/New_York;US State: Maryland
Coyote Point Marina, San Francisco Bay, California;San Francisco Bay;California;37,5917;-122,3133;-8:00 :America/Los_Angeles;US State: California
Coyote Point Marina, San Francisco Bay, California (2);San Francisco Bay;California;37,6000;-122,3167;-08:00 :America/Los_Angeles;US State: California
Crescent Bay, Washington;;Washington;48,1667;-123,7333;-08:00 :America/Los_Angeles;US State: Washington
Crescent Bay, Washington (2);;Washington;48,1667;-123,7333;-08:00 :America/Los_Angeles;US State: Washington
Crescent City, California;;California;41,7450;-124,1833;-08:00 :America/Los_Angeles;US State: California
Cutler, Little River, Maine;Little River;Maine;44,6567;-67,2100;-05:00 :America/New_York;US State: Maine
Cutler, Little River, Maine (2);Little River;Maine;44,6500;-67,2167;-04:00 :America/New_York;US State: Maine
Cuttyhunk Pond entrance, Buzzards Bay, Massachusetts;Buzzards Bay;Massachusetts;41,4250;-70,9167;-5:00 :America/New_York;US State: Massachusetts
Cypremort Point, Louisiana;;Louisiana;29,7117;-91,8783;-6:00 :America/Chicago;US State: Louisiana
Dahlgren, Upper Machodoc Creek, Virginia;Upper Machodoc Creek;Virginia;38,3200;-77,0367;-5:00 :America/New_York;US State: Virginia
Dame Point, Florida;;Florida;30,3867;-81,5583;-5:00 :America/New_York;US State: Florida
Daufuskie Landing, Daufuskie Island, New River, South Carolina;New River;South Carolina;32,1000;-80,9000;-05:00 :America/New_York;US State: South Carolina
Dauphin Island, Alabama;;Alabama;30,2500;-88,0750;-6:00 :America/Chicago;US State: Alabama
Davis Point, California Current;;California Current;38,0620;-122,2767;-08:00 :America/Los_Angeles;US State: California
Daytona Beach (Ocean), Florida;;Florida;29,2283;-81,0050;-05:00 :America/New_York;US State: Florida
Daytona Beach Shores (Sunglow Pier), Florida;;Florida;29,1467;-80,9633;-5:00 :America/New_York;US State: Florida
Daytona Beach Shores (Sunglow Pier), Florida (2);;Florida;29,1467;-80,9633;-5:00 :America/New_York;US State: Florida
Daytona Beach Shores (Sunglow Pier), Florida (3);;Florida;29,1467;-80,9633;-5:00 :America/New_York;US State: Florida
Deception Pass, Washington Current;;Washington Current;48,4000;-122,6333;-08:00 :America/Los_Angeles;US State: Washington
Delaware Bay Entrance, Delaware Current;;Delaware Current;38,7817;-75,0433;-05:00 :America/New_York;US State: Delaware
Denton, Choptank River, Maryland;Choptank River;Maryland;38,8833;-75,8333;-05:00 :America/New_York;US State: Maryland
Dixie Bay, Salt River, Crystal Bay, Florida;Crystal Bay;Florida;28,8817;-82,6350;-5:00 :America/New_York;US State: Florida
Doctors Lake, Peoria Point, Florida;Peoria Point;Florida;30,1200;-81,7583;-5:00 :America/New_York;US State: Florida
Doctors Lake, Peoria Point, Florida (2);Peoria Point;Florida;30,1200;-81,7583;-5:00 :America/New_York;US State: Florida
Doctors Lake, Peoria Point, Florida (3);Peoria Point;Florida;30,1200;-81,7583;-5:00 :America/New_York;US State: Florida
Dublon Island, Chuuk, F.S.M.;Chuuk;F.S.M.;7,3300;151,5800;10:00 :Pacific/Truk;Associated State: F.S.M.
Duck Key, Hawk Channel, Florida;Hawk Channel;Florida;24,7650;-80,9133;-05:00 :America/New_York;US State: Florida
Duck Pier, outside, North Carolina;outside;North Carolina;36,1833;-75,7467;-05:00 :America/New_York;US State: North Carolina
Dumbarton Bridge, San Francisco Bay, California;San Francisco Bay;California;37,5067;-122,1150;-8:00 :America/Los_Angeles;US State: California
Dumbarton Bridge, San Francisco Bay, California (2);San Francisco Bay;California;37,5000;-122,1167;-08:00 :America/Los_Angeles;US State: California
Dumbarton Bridge, San Francisco Bay, California Current;San Francisco Bay;California Current;37,5100;-122,1200;-08:00 :America/Los_Angeles;US State: California
Dutch Harbor, Alaska (expired 1988-12-31);;Alaska (expired 1988-12-31);53,8917;-166,5367;-09:00 :America/Anchorage;US State: Alaska
East Chop, Martha's Vineyard, Massachusetts;Martha's Vineyard;Massachusetts;41,4667;-70,5667;-05:00 :America/New_York;US State: Massachusetts
East Tocoi, St. Johns River, Florida;St. Johns River;Florida;29,8583;-81,5533;-5:00 :America/New_York;US State: Florida
East Tocoi, St. Johns River, Florida (2);St. Johns River;Florida;29,8583;-81,5533;-5:00 :America/New_York;US State: Florida
East Tocoi, St. Johns River, Florida (3);St. Johns River;Florida;29,8583;-81,5533;-5:00 :America/New_York;US State: Florida
Eastern Point Harbor, Frenchman Bay, Maine;Frenchman Bay;Maine;44,4667;-68,1667;-5:00 :America/New_York;US State: Maine
Eastport, Maine;;Maine;44,9033;-66,9850;-05:00 :America/New_York;US State: Maine
Eastport, Maine (3);;Maine;44,9000;-66,9833;-04:00 :America/New_York;US State: Maine
Edgartown, Martha's Vineyard, Massachusetts;Martha's Vineyard;Massachusetts;41,3883;-70,5117;-05:00 :America/New_York;US State: Massachusetts
Elkhorn, California;;California;36,8183;-121,7450;-08:00 :America/Los_Angeles;US State: California
Estus Point, Hagemeister Strait, Alaska;Hagemeister Strait;Alaska;58,8083;-161,1000;-9:00 :America/Anchorage;US State: Alaska
Eureka, Humboldt Bay, California;Humboldt Bay;California;40,8067;-124,1667;-8:00 :America/Los_Angeles;US State: California
Fernandina Beach, Amelia River, Florida;Amelia River;Florida;30,6717;-81,4667;-5:00 :America/New_York;US State: Florida
Fernandina Beach, Amelia River, Florida (2);Amelia River;Florida;30,6717;-81,4667;-5:00 :America/New_York;US State: Florida
Fernandina Beach, Amelia River, Florida (3);Amelia River;Florida;30,6717;-81,4667;-5:00 :America/New_York;US State: Florida
Fernandina Beach, Amelia River, Florida (4);Amelia River;Florida;30,6717;-81,4667;-5:00 :America/New_York;US State: Florida
Fernandina Beach, Amelia River, Florida (5);Amelia River;Florida;30,6717;-81,4667;-5:00 :America/New_York;US State: Florida
Fernandina Beach, Amelia River, Florida (6);Amelia River;Florida;30,6717;-81,4667;-5:00 :America/New_York;US State: Florida
Fernandina Beach, Amelia River, Florida (7);Amelia River;Florida;30,6717;-81,4667;-5:00 :America/New_York;US State: Florida
Fernandina Beach, Amelia River, Florida (8);Amelia River;Florida;30,6717;-81,4667;-5:00 :America/New_York;US State: Florida
Ferndale, Strait of Georgia, Washington;Strait of Georgia;Washington;48,8333;-122,7167;-08:00 :America/Los_Angeles;US State: Washington
Florida Bay (East), Florida;;Florida;24,8367;-80,7667;-05:00 :America/New_York;US State: Florida
Florida Bay (West), Florida;;Florida;24,8400;-80,7800;-05:00 :America/New_York;US State: Florida
Fort George Island, Fort George River, Florida;Fort George River;Florida;30,4400;-81,4383;-5:00 :America/New_York;US State: Florida
Fort George Island, Fort George River, Florida (2);Fort George River;Florida;30,4400;-81,4383;-5:00 :America/New_York;US State: Florida
Fort Myers, Florida;;Florida;26,6467;-81,8717;-05:00 :America/New_York;US State: Florida
Fort Pierce (inside), Indian River, Florida;Indian River;Florida;27,4567;-80,3233;-5:00 :America/New_York;US State: Florida
Freeport Harbor, Texas;;Texas;28,9467;-95,3083;-6:00 :America/Chicago;US State: Texas
Freeport, DOW Barge Canal, Texas;DOW Barge Canal;Texas;28,9483;-95,3083;-06:00 :America/Chicago;US State: Texas
Friday Harbor, San Juan Channel, Washington;San Juan Channel;Washington;48,5500;-123,0000;-08:00 :America/Los_Angeles;US State: Washington
Friday Harbor, San Juan Channel, Washington (2);San Juan Channel;Washington;48,5500;-123,0000;-08:00 :America/Los_Angeles;US State: Washington
Friday Harbor, San Juan Island, Washington;San Juan Island;Washington;48,5467;-123,0100;-08:00 :America/Los_Angeles;US State: Washington
Fulton, St. Johns River, Florida;St. Johns River;Florida;30,3900;-81,5067;-5:00 :America/New_York;US State: Florida
Fulton, St. Johns River, Florida (2);St. Johns River;Florida;30,3900;-81,5067;-5:00 :America/New_York;US State: Florida
Fulton, St. Johns River, Florida (3);St. Johns River;Florida;30,3900;-81,5067;-5:00 :America/New_York;US State: Florida
Fulton, St. Johns River, Florida (4);St. Johns River;Florida;30,3900;-81,5067;-5:00 :America/New_York;US State: Florida
Galveston (Galveston Channel), Texas;;Texas;29,3100;-94,7933;-6:00 :America/Chicago;US State: Texas
Galveston (Galveston Channel), Texas (2) (expired 1993-12-31);;Texas(expired 1993-12-31);29,3133;-94,7867;-06:00 :America/Chicago;US State: Texas
Galveston (Pleasure Pier), Texas;;Texas;29,2867;-94,7900;-06:00 :America/Chicago;US State: Texas
Galveston Bay Entrance, Texas Current;;Texas Current;29,3467;-94,7050;-06:00 :America/Chicago;US State: Texas
Garden Key, Dry Tortugas, Florida;Dry Tortugas;Florida;24,6267;-82,8717;-05:00 :America/New_York;US State: Florida
Garibaldi, Oregon;;Oregon;45,5583;-123,9117;-08:00 :America/Los_Angeles;US State: Oregon
Garnet Point, Maine;;Maine;44,9167;-67,1167;-04:00 :America/New_York;US State: Maine
Gay Head, Martha's Vineyard, Massachusetts;Martha's Vineyard;Massachusetts;41,3533;-70,8300;-05:00 :America/New_York;US State: Massachusetts
General Dynamics Pier, Cooper River, South Carolina;Cooper River;South Carolina;33,0150;-79,9233;-5:00 :America/New_York;US State: South Carolina
George Washington Bridge (Hudson River), New York Current;;New York Current;40,8500;-73,9500;-05:00 :America/New_York;US State: New York
George Washington Bridge, Hudson River, New York;Hudson River;New York;40,8500;-73,9500;-05:00 :America/New_York;US State: New York
Georgetown, St. Johns River, Florida;St. Johns River;Florida;29,3850;-81,6367;-5:00 :America/New_York;US State: Florida
Georgetown, St. Johns River, Florida (2);St. Johns River;Florida;29,3850;-81,6367;-5:00 :America/New_York;US State: Florida
Georgetown, St. Johns River, Florida (3);St. Johns River;Florida;29,3850;-81,6367;-5:00 :America/New_York;US State: Florida
Georgetown, St. Johns River, Florida (4);St. Johns River;Florida;29,3850;-81,6367;-5:00 :America/New_York;US State: Florida
Gibbs Island, Pleasant River, Maine;Pleasant River;Maine;44,5500;-67,7667;-05:00 :America/New_York;US State: Maine
Gingerville Creek, Maryland;;Maryland;38,9583;-76,5550;-05:00 :America/New_York;US State: Maryland
Gloucester Harbor (Ten Pound Island), Massachusetts;;Massachusetts;42,6033;-70,6650;-05:00 :America/New_York;US State: Massachusetts
Gloucester Point, York River, Virginia;York River;Virginia;37,2467;-76,5000;-05:00 :America/New_York;US State: Virginia
Grand Isle, USCG Station, East Point, Louisiana;East Point;Louisiana;29,2633;-89,9567;-6:00 :America/Chicago;US State: Louisiana
Grassy Key (North), Florida;;Florida;24,7667;-80,9333;-05:00 :America/New_York;US State: Florida
Grassy Key, south side, Hawk Channel, Florida;Hawk Channel;Florida;24,7550;-80,9583;-05:00 :America/New_York;US State: Florida
Grays Harbor Entrance, Washington Current;;Washington Current;46,9167;-124,1250;-08:00 :America/Los_Angeles;US State: Washington
Green Cove Springs, St. Johns River, Florida;St. Johns River;Florida;29,9900;-81,6633;-5:00 :America/New_York;US State: Florida
Green Cove Springs, St. Johns River, Florida (2);St. Johns River;Florida;29,9900;-81,6633;-5:00 :America/New_York;US State: Florida
Green Cove Springs, St. Johns River, Florida (3);St. Johns River;Florida;29,9900;-81,6633;-5:00 :America/New_York;US State: Florida
Green Cove Springs, St. Johns River, Florida (4);St. Johns River;Florida;29,9900;-81,6633;-5:00 :America/New_York;US State: Florida
Green Cove Springs, St. Johns River, Florida (5);St. Johns River;Florida;29,9900;-81,6633;-5:00 :America/New_York;US State: Florida
Guam, Marianas;;Marianas;13,3300;144,6600;10:00 :Pacific/Guam;US Territory: Guam
Gulfport, Gulfport Harbor, Mississippi;Gulfport Harbor;Mississippi;30,3600;-89,0817;-6:00 :America/Chicago;US State: Mississippi
Hackensack, Hackensack River, New Jersey;Hackensack River;New Jersey;40,8900;-74,0383;-05:00 :America/New_York;US State: New Jersey
Hagemeister Island (north end), Alaska;;Alaska;58,7767;-160,7767;-9:00 :America/Anchorage;US State: Alaska
Haig Point, Daufuskie Island, Cooper River, South Carolina;Cooper River;South Carolina;32,1500;-80,8333;-05:00 :America/New_York;US State: South Carolina
Halls Boathouse, Washington;;Washington;48,0500;-123,5500;-08:00 :America/Los_Angeles;US State: Washington
Halls River Bridge, Halls River, Florida;Halls River;Florida;28,8000;-82,6033;-5:00 :America/New_York;US State: Florida
Hampton Roads, Virginia;;Virginia;36,9467;-76,3300;-05:00 :America/New_York;US State: Virginia
Hatteras Inlet, North Carolina;;North Carolina;35,2050;-75,7033;-05:00 :America/New_York;US State: North Carolina
Haulover Pier, North Miami Beach, Florida;North Miami Beach;Florida;25,9033;-80,1200;-5:00 :America/New_York;US State: Florida
Haverstraw (Hudson River), New York Current;;New York Current;41,2000;-73,9500;-05:00 :America/New_York;US State: New York
Haverstraw, Hudson River, New York;Hudson River;New York;41,1967;-73,9583;-05:00 :America/New_York;US State: New York
Havre de Grace, Susquehanna River, Maryland;Susquehanna River;Maryland;39,5367;-76,0900;-5:00 :America/New_York;US State: Maryland
Hell Gate (East River), New York Current;;New York Current;40,7833;-73,9333;-05:00 :America/New_York;US State: New York
Hilo, Hilo Bay, Hawaii;Hilo Bay;Hawaii;19,7333;-155,0583;-10:00 :Pacific/Honolulu;US State: Hawaii
Hilton Head, South Carolina;;South Carolina;32,2333;-80,6667;-05:00 :America/New_York;US State: South Carolina
Holden Beach, North Carolina;;North Carolina;33,9167;-78,2667;-05:00 :America/New_York;US State: North Carolina
Honolulu, Oahu (Hawaii);;Oahu (Hawaii);21,3067;-157,8667;-10:00 :Pacific/Honolulu;US State: Hawaii
Hudson, Florida;;Florida;28,3667;-82,7000;-05:00 :America/New_York;US State: Florida
Humboldt Bay (south jetty), California (expired 1984-12-31);;California (expired 1984-12-31);40,7450;-124,2267;-08:00 :America/Los_Angeles;US State: California
Humboldt Bay, North Spit, California;North Spit;California;40,7667;-124,2167;-08:00 :America/Los_Angeles;US State: California
Hunters Point, San Francisco Bay, California;San Francisco Bay;California;37,7300;-122,3567;-8:00 :America/Los_Angeles;US State: California
Hunters Point, San Francisco Bay, California (2);San Francisco Bay;California;37,7333;-122,3500;-08:00 :America/Los_Angeles;US State: California
Hyannis Port, Nantucket Sound, Massachusetts;Nantucket Sound;Massachusetts;41,6317;-70,3050;-05:00 :America/New_York;US State: Massachusetts
Indian River Inlet (USCG Station), Delaware;;Delaware;38,6100;-75,0700;-05:00 :America/New_York;US State: Delaware
Isanotski Strait (False Pass cannery), Alaska Current;;Alaska Current;54,8667;-163,4000;-9:00 :America/Anchorage;US State: Alaska
Isle of Springs, Maine;;Maine;43,8600;-69,6867;-05:00 :America/New_York;US State: Maine
Jacksonville, Acosta Bridge, Florida;Acosta Bridge;Florida;30,3250;-81,6650;-5:00 :America/New_York;US State: Florida
Jacksonville, Acosta Bridge, Florida (2);Acosta Bridge;Florida;30,3250;-81,6650;-5:00 :America/New_York;US State: Florida
Jacksonville, Acosta Bridge, Florida (3);Acosta Bridge;Florida;30,3250;-81,6650;-5:00 :America/New_York;US State: Florida
Jacksonville, Acosta Bridge, Florida (4);Acosta Bridge;Florida;30,3250;-81,6650;-5:00 :America/New_York;US State: Florida
Jacksonville, Acosta Bridge, Florida (5);Acosta Bridge;Florida;30,7967;-81,5150;-5:00 :America/New_York;US State: Florida
Jacksonville, Navy Fuel Depot, St. Johns River, Florida;St. Johns River;Florida;30,4000;-81,6267;-5:00 :America/New_York;US State: Florida
Jacksonville, Navy Fuel Depot, St. Johns River, Florida (2);St. Johns River;Florida;30,4000;-81,6267;-5:00 :America/New_York;US State: Florida
Jacksonville, Navy Fuel Depot, St. Johns River, Florida (3);St. Johns River;Florida;30,4000;-81,6267;-5:00 :America/New_York;US State: Florida
Jacksonville, Navy Fuel Depot, St. Johns River, Florida (4);St. Johns River;Florida;30,4000;-81,6267;-5:00 :America/New_York;US State: Florida
Jacksonville, Navy Fuel Depot, St. Johns River, Florida (5);St. Johns River;Florida;30,4000;-81,6267;-5:00 :America/New_York;US State: Florida
Jacksonville, Navy Fuel Depot, St. Johns River, Florida (6);St. Johns River;Florida;30,4000;-81,6267;-5:00 :America/New_York;US State: Florida
Johns Island, Chassahowitzka Bay, Florida;Chassahowitzka Bay;Florida;28,6917;-82,6383;-5:00 :America/New_York;US State: Florida
Johnston Atoll, Pacific Ocean;;Pacific Ocean;16,7383;-169,5300;-10:00 :Pacific/Johnston;US Territory: Johnston Atoll
Julington Creek, Florida;;Florida;30,1350;-81,6300;-5:00 :America/New_York;US State: Florida
Julington Creek, Florida (2);;Florida;30,1350;-81,6300;-5:00 :America/New_York;US State: Florida
Julington Creek, Florida (3);;Florida;30,1350;-81,6300;-5:00 :America/New_York;US State: Florida
Julington Creek, Florida (4);;Florida;30,1350;-81,6300;-5:00 :America/New_York;US State: Florida
Juneau, Alaska;;Alaska;58,2983;-134,4117;-09:00 :America/Anchorage;US State: Alaska
Juneau, Alaska (2);;Alaska;58,3000;-134,4100;-09:00 :America/Anchorage;US State: Alaska
Kahului, Kahului Harbor, Hawaii;Kahului Harbor;Hawaii;20,8983;-156,4717;-10:00 :Pacific/Honolulu;US State: Hawaii
Kailua Kona, Big Island, Hawaii;Big Island;Hawaii;19,6433;-156,0000;-10:00 :Pacific/Honolulu;US State: Hawaii
Kaunakakai, Molokai (Hawaii);;Molokai (Hawaii);21,0850;-157,0317;-10:00 :Pacific/Honolulu;US State: Hawaii
Kawaihae, Big Island, Hawaii;Big Island;Hawaii;20,0400;-155,8317;-10:00 :Pacific/Honolulu;US State: Hawaii
Kearney Point, Hackensack River, New Jersey;Hackensack River;New Jersey;40,7267;-74,1050;-05:00 :America/New_York;US State: New Jersey
Kearney Point, Passaic River, New Jersey;Passaic River;New Jersey;40,7317;-74,1167;-5:00 :America/New_York;US State: New Jersey
Ketchikan, Alaska;;Alaska;55,3333;-131,6250;-9:00 :America/Anchorage;US State: Alaska
Key Colony Beach, Florida;;Florida;24,7183;-81,0167;-5:00 :America/New_York;US State: Florida
Key West (Naval Base), Florida;;Florida;24,5533;-81,8083;-05:00 :America/New_York;US State: Florida
Key West, Florida Current;;Florida Current;24,5483;-81,8167;-05:00 :America/New_York;US State: Florida
Kihei, Maui (Hawaii);;Maui (Hawaii);20,7833;-156,4667;-10:00 :Pacific/Honolulu;US State: Hawaii
Kings Bay NSB, Kings Bay, Cumberland Sound, Georgia;Cumberland Sound;Georgia;30,7967;-81,5150;-5:00 :America/New_York;US State: Georgia
Kings Bay, Crystal River, Florida;Crystal River;Florida;28,8983;-82,5983;-5:00 :America/New_York;US State: Florida
Kingsley Creek, RR. bridge, Florida;RR. bridge;Florida;30,6317;-81,4767;-5:00 :America/New_York;US State: Florida
Kingsley Creek, RR. bridge, Florida (2);RR. bridge;Florida;30,6317;-81,4767;-5:00 :America/New_York;US State: Florida
Kiptopeke Beach, Chesapeake Bay, Virginia;Chesapeake Bay;Virginia;37,1667;-75,9883;-5:00 :America/New_York;US State: Virginia
Kodiak, Alaska (expired 1993-12-31);;Alaska (expired 1993-12-31);57,7883;-152,4000;-09:00 :America/Anchorage;US State: Alaska
Kodiak, Women's Bay, Alaska;Women's Bay;Alaska;57,7317;-152,5117;-9:00 :America/Anchorage;US State: Alaska
Kvichak Bay (off Naknek River entrance), Alaska Current;;Alaska Current;58,7033;-157,2500;-9:00 :America/Anchorage;US State: Alaska
Kwajalein Atoll, Marshall Islands;;Marshall Islands;8,7367;167,7383;12:00 :Pacific/Kwajalein;Associated State: Marshall Islands
La Jolla, Scripps Pier, California;Scripps Pier;California;32,8667;-117,2567;-08:00 :America/Los_Angeles;US State: California
La Jolla, Scripps Pier, California (2);Scripps Pier;California;32,8667;-117,2567;-08:00 :America/Los_Angeles;US State: California
Lake Worth Pier, Florida;;Florida;26,6117;-80,0333;-5:00 :America/New_York;US State: Florida
Lewisetta, Potomac River, Virginia;Potomac River;Virginia;37,9967;-76,4633;-05:00 :America/New_York;US State: Virginia
Little Ferry, New Jersey;;New Jersey;40,8467;-74,0317;-05:00 :America/New_York;US State: New Jersey
Little Pottsburg Creek, St. Johns River, Florida;St. Johns River;Florida;30,3100;-81,6100;-5:00 :America/New_York;US State: Florida
Little Pottsburg Creek, St. Johns River, Florida (2);St. Johns River;Florida;30,3100;-81,6100;-5:00 :America/New_York;US State: Florida
Little Pottsburg Creek, St. Johns River, Florida (3);St. Johns River;Florida;30,3100;-81,6100;-5:00 :America/New_York;US State: Florida
Little Pottsburg Creek, St. Johns River, Florida (4);St. Johns River;Florida;30,3100;-81,6100;-5:00 :America/New_York;US State: Florida
Little Pottsburg Creek, St. Johns River, Florida (5);St. Johns River;Florida;30,3100;-81,6100;-5:00 :America/New_York;US State: Florida
Little St. Marys River, Florida;;Florida;30,7317;-81,7267;-5:00 :America/New_York;US State: Florida
Little Talbot Island, Florida;;Florida;30,4300;-81,4050;-5:00 :America/New_York;US State: Florida
Little Talbot Island, Florida (2);;Florida;30,4300;-81,4050;-5:00 :America/New_York;US State: Florida
Little Talbot Island, Florida (3);;Florida;30,4300;-81,4050;-5:00 :America/New_York;US State: Florida
Little Talbot Island, Florida (4);;Florida;30,4300;-81,4050;-5:00 :America/New_York;US State: Florida
Long Beach, Terminal Island, California;Terminal Island;California;33,7517;-118,2267;-8:00 :America/Los_Angeles;US State: California
Long Key Channel (East), Florida;;Florida;24,8033;-80,8500;-05:00 :America/New_York;US State: Florida
Long Key Channel (West), Florida;;Florida;24,7917;-80,8833;-05:00 :America/New_York;US State: Florida
Long Key Viaduct, Florida Current;;Florida Current;24,8017;-80,8650;-5:00 :America/New_York;US State: Florida
Long Key, east of drawbridge, Florida Current;east of drawbridge;Florida Current;24,8400;-80,7700;-5:00 :America/New_York;US State: Florida
Longbranch (USCOE dredge depot), Florida;;Florida;30,3600;-81,6200;-5:00 :America/New_York;US State: Florida
Longbranch (USCOE dredge depot), Florida (2);;Florida;30,3600;-81,6200;-5:00 :America/New_York;US State: Florida
Longbranch (USCOE dredge depot), Florida (3);;Florida;30,3600;-81,6200;-5:00 :America/New_York;US State: Florida
Longbranch (USCOE dredge depot), Florida (4);;Florida;30,3600;-81,6200;-5:00 :America/New_York;US State: Florida
Longbranch (USCOE dredge depot), Florida (5);;Florida;30,3600;-81,6200;-5:00 :America/New_York;US State: Florida
Longbranch (USCOE dredge depot), Florida (6);;Florida;30,3600;-81,6200;-5:00 :America/New_York;US State: Florida
Los Angeles, California;;California;33,7200;-118,2717;-08:00 :America/Los_Angeles;US State: California
Lowe Point (northeast of), Sasanoa River, Maine Current;Sasanoa River;Maine Current;43,8517;-69,7217;-5:00 :America/New_York;US State: Maine
Lower Hell Gate (Knubble Bay, Maine) Current;;Maine) Current;43,8767;-69,7300;-05:00 :America/New_York;US Timezone: America/New_York
Lynchburg Landing, San Jacinto River, Texas;San Jacinto River;Texas;29,7650;-95,0783;-6:00 :America/Chicago;US State: Texas
Magueyes Island, Caribbean Sea, Puerto Rico;Caribbean Sea;Puerto Rico;17,9717;-67,0467;-04:00 :America/Puerto_Rico;US Territory: Puerto Rico
Malakal Harbor, Palau Islands, Caroline Islands;Palau Islands;Caroline Islands;7,3300;134,4700;09:00 :Pacific/Palau;Associated State: Palau
Manasquan Inlet, USCG Station, New Jersey;USCG Station;New Jersey;40,1017;-74,0350;-5:00 :America/New_York;US State: New Jersey
Mangrove Point, Crystal Bay, Florida;Crystal Bay;Florida;28,8700;-82,7233;-5:00 :America/New_York;US State: Florida
Marblehead Channel, Massachusetts Current;;Massachusetts Current;42,5000;-70,8167;-05:00 :America/New_York;US State: Massachusetts
Marblehead, Massachusetts;;Massachusetts;42,5000;-70,8500;-05:00 :America/New_York;US State: Massachusetts
Marco, Big Marco River, Florida;Big Marco River;Florida;25,9717;-81,7333;-5:00 :America/New_York;US State: Florida
Mare Island, Naval Shipyard, California;Naval Shipyard;California;38,0700;-122,2500;-8:00 :America/Los_Angeles;US State: California
Mason Creek, Homosassa Bay, Florida;Homosassa Bay;Florida;28,7617;-82,6383;-5:00 :America/New_York;US State: Florida
Massacre Bay, Attu Island, Alaska;Attu Island;Alaska;52,8400;173,1950;-10:00 :America/Atka;US State: Alaska
Mattapoisett, Mattapoisett Harbor, Buzzards Bay, Massachusetts;Buzzards Bay;Massachusetts;41,6567;-70,8133;-05:00 :America/New_York;US State: Massachusetts
Mayport (ferry dock), Florida;;Florida;30,3950;-81,4317;-05:00 :America/New_York;US State: Florida
Mayport (ferry dock), Florida (2);;Florida;30,3917;-81,4317;-5:00 :America/New_York;US State: Florida
Mayport (ferry dock), Florida (3);;Florida;30,3917;-81,4317;-5:00 :America/New_York;US State: Florida
Mayport (ferry dock), Florida (4);;Florida;30,3917;-81,4317;-5:00 :America/New_York;US State: Florida
Mayport (ferry dock), Florida (5);;Florida;30,3917;-81,4317;-5:00 :America/New_York;US State: Florida
Mayport (ferry dock), Florida (6);;Florida;30,3917;-81,4317;-5:00 :America/New_York;US State: Florida
Mayport (ferry dock), Florida (7);;Florida;30,3917;-81,4317;-5:00 :America/New_York;US State: Florida
Mayport (ferry dock), Florida (8);;Florida;30,3917;-81,4317;-5:00 :America/New_York;US State: Florida
Meadowdale, Washington;;Washington;47,8500;-122,3333;-08:00 :America/Los_Angeles;US State: Washington
Menemsha Bight, Martha's Vineyard, Massachusetts;Martha's Vineyard;Massachusetts;41,3500;-70,7667;-05:00 :America/New_York;US State: Massachusetts
Merrimack River Entrance, Massachusetts;;Massachusetts;42,8167;-70,8167;-05:00 :America/New_York;US State: Massachusetts
Miami Harbor Entrance, Florida;;Florida;25,7683;-80,1317;-05:00 :America/New_York;US State: Florida
Miami Harbor Entrance, Florida Current;;Florida Current;25,7650;-80,1367;-5:00 :America/New_York;US State: Florida
Mobile (Mobile State Docks), Alabama;;Alabama;30,7050;-88,0367;-06:00 :America/Chicago;US State: Alabama
Mobile Bay Entrance, Alabama Current;;Alabama Current;30,2333;-88,0333;-06:00 :America/Chicago;US State: Alabama
Molasses Key Channel, Molasses Keys, Florida;Molasses Keys;Florida;24,6833;-81,1917;-05:00 :America/New_York;US State: Florida
Moncrief Creek entrance, Trout River, Florida;Trout River;Florida;30,3917;-81,6617;-5:00 :America/New_York;US State: Florida
Moncrief Creek entrance, Trout River, Florida (2);Trout River;Florida;30,3917;-81,6617;-5:00 :America/New_York;US State: Florida
Moncrief Creek entrance, Trout River, Florida (3);Trout River;Florida;30,3917;-81,6617;-5:00 :America/New_York;US State: Florida
Money Key, Florida;;Florida;24,6833;-81,2167;-05:00 :America/New_York;US State: Florida
Monhegan Island, Maine;;Maine;43,7650;-69,3217;-05:00 :America/New_York;US State: Maine
Montauk Point, Long Island Sound, New York;Long Island Sound;New York;41,0717;-71,8567;-5:00 :America/New_York;US State: New York
Montauk, Fort Pond Bay, Long Island Sound, New York;Long Island Sound;New York;41,0483;-71,9600;-5:00 :America/New_York;US State: New York
Montauk, Fort Pond Bay, Long Island Sound, New York (2);Long Island Sound;New York;41,0483;-71,9600;-05:00 :America/New_York;US State: New York
Monterey, Monterey Harbor, California;Monterey Harbor;California;36,6050;-121,8883;-08:00 :America/Los_Angeles;US State: California
Monterey, Monterey Harbor, California (2);Monterey Harbor;California;36,6050;-121,8883;-08:00 :America/Los_Angeles;US State: California
Moonstone Beach, Rhode Island;;Rhode Island;41,3667;-71,5500;-05:00 :America/New_York;US State: Rhode Island
Morehead City, North Carolina;;North Carolina;34,7200;-76,7267;-05:00 :America/New_York;US State: North Carolina
Morro Bay, California;;California;35,3670;-120,8500;-08:00 :America/Los_Angeles;US State: California
Morro Beach, Estero Bay, California;Estero Bay;California;35,4000;-120,8667;-08:00 :America/Los_Angeles;US State: California
Moser Channel (swingbridge), Florida Current;;Florida Current;24,7000;-81,1700;-5:00 :America/New_York;US State: Florida
Moss Landing, California;;California;36,8017;-121,7900;-08:00 :America/Los_Angeles;US State: California
Myrtle Beach (Springmaid Pier), South Carolina;;South Carolina;33,6550;-78,9183;-05:00 :America/New_York;US State: South Carolina
Myrtle Beach, South Carolina;;South Carolina;33,6833;-78,8850;-5:00 :America/New_York;US State: South Carolina
Nahcotta, Willipa Bay, Washington;Willipa Bay;Washington;46,5000;-124,0233;-08:00 :America/Los_Angeles;US State: Washington
Nantucket Harbor Entrance Channel, Massachusetts Current;;Massachusetts Current;41,3067;-70,1000;-05:00 :America/New_York;US State: Massachusetts
Nantucket, Nantucket Island, Massachusetts;Nantucket Island;Massachusetts;41,2850;-70,0967;-05:00 :America/New_York;US State: Massachusetts
Nantucket, Nantucket Island, Massachusetts (2);Nantucket Island;Massachusetts;41,2867;-70,0950;-05:00 :America/New_York;US State: Massachusetts
Naples (outer coast), Florida;;Florida;26,1300;-81,8067;-5:00 :America/New_York;US State: Florida
Naples (outer coast), Florida (2);;Florida;26,1300;-81,8067;-5:00 :America/New_York;US State: Florida
Nauset Harbor, Cape Cod, Massachusetts;Cape Cod;Massachusetts;41,8000;-69,9333;-05:00 :America/New_York;US State: Massachusetts
Navarre Beach, Florida;;Florida;30,3767;-86,8650;-6:00 :America/Chicago;US State: Florida
Nawiliwili, Hawaii;;Hawaii;21,9567;-159,3600;-10:00 :Pacific/Honolulu;US State: Hawaii
Neah Bay, Washington;;Washington;48,3683;-124,6167;-08:00 :America/Los_Angeles;US State: Washington
Neah Bay, Washington (2);;Washington;48,3667;-124,6167;-08:00 :America/Los_Angeles;US State: Washington
Neah Bay, Washington (3);;Washington;48,3667;-124,6167;-08:00 :America/Los_Angeles;US State: Washington
New Bedford, Buzzards Bay, Massachusetts;Buzzards Bay;Massachusetts;41,5967;-70,9000;-05:00 :America/New_York;US State: Massachusetts
New Castle, Chesapeake and Delaware Canal, Delaware;Chesapeake and Delaware Canal;Delaware;39,6567;-75,5617;-5:00 :America/New_York;US State: Delaware
New London, Connecticut;;Connecticut;41,3550;-72,0867;-05:00 :America/New_York;US State: Connecticut
New York, New York;;New York;40,7000;-74,0150;-05:00 :America/New_York;US State: New York
Newburyport (Merrimack River), Massachusetts Current;;Massachusetts Current;42,8133;-70,8683;-05:00 :America/New_York;US State: Massachusetts
Newburyport, Merrimack River, Massachusetts;Merrimack River;Massachusetts;42,8150;-70,8733;-05:00 :America/New_York;US State: Massachusetts
Newport Bay Entrance, Corona del Mar, California;Corona del Mar;California;33,6033;-117,8833;-8:00 :America/Los_Angeles;US State: California
Newport, Rhode Island;;Rhode Island;41,5050;-71,3267;-05:00 :America/New_York;US State: Rhode Island
Nikiski, Cook Inlet, Alaska;Cook Inlet;Alaska;60,6833;-151,3967;-9:00 :America/Anchorage;US State: Alaska
No Man's Land, Massachusetts;;Massachusetts;41,2617;-70,8183;-05:00 :America/New_York;US State: Massachusetts
No Name Key (northeast of), Florida Current;;Florida Current;24,7050;-81,3133;-5:00 :America/New_York;US State: Florida
No Name Key, east side, Bahia Honda Channel, Florida;Bahia Honda Channel;Florida;24,6983;-81,3183;-05:00 :America/New_York;US State: Florida
North Inian Pass, Cross Sound, Alaska Current;Cross Sound;Alaska Current;58,2833;-136,3833;-9:00 :America/Anchorage;US State: Alaska
North Lubec, Maine;;Maine;44,8700;-67,0180;-04:00 :America/New_York;US State: Maine
North Point, Pier 41, San Francisco Bay, California;San Francisco Bay;California;37,8100;-122,4133;-8:00 :America/Los_Angeles;US State: California
Northport, Northport Bay, Long Island Sound, New York;Long Island Sound;New York;40,9000;-73,3500;-05:00 :America/New_York;US State: New York
Northport, Northport Bay, Long Island Sound, New York (2);Long Island Sound;New York;40,9000;-73,3500;-05:00 :America/New_York;US State: New York
Nueces Bay, Texas;;Texas;27,8233;-97,4150;-6:00 :America/Chicago;US State: Texas
Nushagak Bay (Clark's Point), Alaska;;Alaska;58,8483;-158,5517;-9:00 :America/Anchorage;US State: Alaska
Oak Bluffs, Martha's Vineyard, Massachusetts;Martha's Vineyard;Massachusetts;41,4583;-70,5550;-05:00 :America/New_York;US State: Massachusetts
Oak Landing, ICWW, Florida;ICWW;Florida;30,2533;-81,4300;-5:00 :America/New_York;US State: Florida
Oak Landing, ICWW, Florida (2);ICWW;Florida;30,2533;-81,4300;-5:00 :America/New_York;US State: Florida
Ocean Beach, California;;California;37,7667;-122,5167;-08:00 :America/Los_Angeles;US State: California
Ocean City (fishing pier), Maryland;;Maryland;38,3267;-75,0833;-5:00 :America/New_York;US State: Maryland
Ocean City, 9th Street Bridge, New Jersey;9th Street Bridge;New Jersey;39,2833;-74,5817;-05:00 :America/New_York;US State: New Jersey
Ocean City, Isle of Wight Bay, Maryland;Isle of Wight Bay;Maryland;38,3317;-75,0900;-05:00 :America/New_York;US State: Maryland
Ocracoke, Ocracoke Island, North Carolina;Ocracoke Island;North Carolina;35,1150;-75,9883;-05:00 :America/New_York;US State: North Carolina
Off Chilmark Pond, Martha's Vineyard, Massachusetts;Martha's Vineyard;Massachusetts;41,3333;-70,7167;-05:00 :America/New_York;US State: Massachusetts
Off Jobs Neck Pond, Martha's Vineyard, Massachusetts;Martha's Vineyard;Massachusetts;41,3500;-70,5833;-05:00 :America/New_York;US State: Massachusetts
Off Lake Tashmoo, Martha's Vineyard, Massachusetts;Martha's Vineyard;Massachusetts;41,4667;-70,6333;-05:00 :America/New_York;US State: Massachusetts
Old Saybrook Point, Connecticut;;Connecticut;41,2833;-72,3500;-05:00 :America/New_York;US State: Connecticut
Old Tampa Bay Entrance (Port Tampa), Florida Current;;Florida Current;27,8650;-82,5533;-5:00 :America/New_York;US State: Florida
Orange Park, St. Johns River, Florida;St. Johns River;Florida;30,1683;-81,6950;-5:00 :America/New_York;US State: Florida
Orange Park, St. Johns River, Florida (2);St. Johns River;Florida;30,1683;-81,6950;-5:00 :America/New_York;US State: Florida
Orange Park, St. Johns River, Florida (3);St. Johns River;Florida;30,1683;-81,6950;-5:00 :America/New_York;US State: Florida
Ortega River Entrance, Florida;;Florida;30,2783;-81,7050;-5:00 :America/New_York;US State: Florida
Ortega River Entrance, Florida (2);;Florida;30,2783;-81,7050;-5:00 :America/New_York;US State: Florida
Ortega River Entrance, Florida (3);;Florida;30,2783;-81,7050;-5:00 :America/New_York;US State: Florida
Ortega River Entrance, Florida (4);;Florida;30,2783;-81,7050;-5:00 :America/New_York;US State: Florida
Oslo, Indian River, Florida;Indian River;Florida;27,5933;-80,3567;-5:00 :America/New_York;US State: Florida
Oyster Point Marina, San Francisco Bay, California;San Francisco Bay;California;37,6650;-122,3767;-08:00 :America/Los_Angeles;US State: California
Oyster Point Marina, San Francisco Bay, California (2);San Francisco Bay;California;37,6667;-122,3833;-08:00 :America/Los_Angeles;US State: California
Oyster Point, California Current;;California Current;37,6650;-122,3233;-08:00 :America/Los_Angeles;US State: California
Ozello North, Crystal Bay, Florida;Crystal Bay;Florida;28,8633;-82,6667;-5:00 :America/New_York;US State: Florida
Ozello, St. Martin's River, Florida;St. Martin's River;Florida;28,8250;-82,6583;-5:00 :America/New_York;US State: Florida
Pablo Creek entrance, St. Johns River, Florida;St. Johns River;Florida;30,3767;-81,4483;-5:00 :America/New_York;US State: Florida
Padre Island (South), Texas;;Texas;26,0683;-97,1567;-06:00 :America/Chicago;US State: Texas
Pago Pago, American Samoa;;American Samoa;-14,2783;-170,6817;-11:00 :Pacific/Pago_Pago;US Territory: American Samoa
Palatka, St. Johns River, Florida;St. Johns River;Florida;29,6433;-81,6317;-5:00 :America/New_York;US State: Florida
Palatka, St. Johns River, Florida (2);St. Johns River;Florida;29,6433;-81,6317;-5:00 :America/New_York;US State: Florida
Palatka, St. Johns River, Florida (3);St. Johns River;Florida;29,6433;-81,6317;-5:00 :America/New_York;US State: Florida
Palatka, St. Johns River, Florida (4);St. Johns River;Florida;29,6433;-81,6317;-5:00 :America/New_York;US State: Florida
Palatka, St. Johns River, Florida (5);St. Johns River;Florida;29,6433;-81,6317;-5:00 :America/New_York;US State: Florida
Palatka, St. Johns River, Florida (6);St. Johns River;Florida;29,6433;-81,6317;-5:00 :America/New_York;US State: Florida
Palm Valley, ICWW, Florida;ICWW;Florida;30,1333;-81,3867;-5:00 :America/New_York;US State: Florida
Palmetto Bluff, St. Johns River, Florida;St. Johns River;Florida;29,7633;-81,5617;-5:00 :America/New_York;US State: Florida
Palmetto Bluff, St. Johns River, Florida (2);St. Johns River;Florida;29,7633;-81,5617;-5:00 :America/New_York;US State: Florida
Palmetto Bluff, St. Johns River, Florida (3);St. Johns River;Florida;29,7633;-81,5617;-5:00 :America/New_York;US State: Florida
Palmetto Bluff, St. Johns River, Florida (4);St. Johns River;Florida;30,7633;-81,5617;-5:00 :America/New_York;US State: Florida
Palmetto Bluff, St. Johns River, Florida (5);St. Johns River;Florida;29,7633;-81,5617;-5:00 :America/New_York;US State: Florida
Palo Alto Yacht Harbor, California;;California;37,4500;-122,1000;-08:00 :America/Los_Angeles;US State: California
Panama City Beach, Florida;;Florida;30,2133;-85,8800;-06:00 :America/Chicago;US State: Florida
Passaic, Passaic River, New Jersey;Passaic River;New Jersey;40,8483;-74,1200;-5:00 :America/New_York;US State: New Jersey
Patos Island, Washington;;Washington;48,7833;-122,9667;-08:00 :America/Los_Angeles;US State: Washington
Peekskill, Hudson River, New York;Hudson River;New York;41,2883;-73,9317;-05:00 :America/New_York;US State: New York
Pensacola, Florida;;Florida;30,4033;-87,2133;-06:00 :America/Chicago;US State: Florida
Philadelphia, Delaware River;;Delaware River;39,9333;-75,1417;-05:00 :America/New_York;US State: Delaware
Philadelphia, Municipal Pier 11, Pennsylvania;Municipal Pier 11;Pennsylvania;39,9517;-75,1350;-05:00 :America/New_York;US State: Pennsylvania
Philadelphia, Pennsylvania;;Pennsylvania;39,9533;-75,1383;-05:00 :America/New_York;US State: Pennsylvania
Philadelphia, Pennsylvania Current;;Pennsylvania Current;39,9500;-75,1333;-05:00 :America/New_York;US State: Pennsylvania
Phoenix Park, Florida;;Florida;30,3833;-81,6367;-5:00 :America/New_York;US State: Florida
Phoenix Park, Florida (2);;Florida;30,3833;-81,6367;-5:00 :America/New_York;US State: Florida
Phoenix Park, Florida (3);;Florida;30,3833;-81,6367;-5:00 :America/New_York;US State: Florida
Phoenix Park, Florida (4);;Florida;30,3833;-81,6367;-5:00 :America/New_York;US State: Florida
Pigeon Key, north side, Florida Bay, Florida;Florida Bay;Florida;24,7050;-81,1567;-05:00 :America/New_York;US State: Florida
Pigeon Key, south side, Hawk Channel, Florida;Hawk Channel;Florida;24,7033;-81,1550;-05:00 :America/New_York;US State: Florida
Piney Point, St. Johns River, Florida;St. Johns River;Florida;30,2283;-81,6633;-5:00 :America/New_York;US State: Florida
Piney Point, St. Johns River, Florida (2);St. Johns River;Florida;30,2283;-81,6633;-5:00 :America/New_York;US State: Florida
Playalinda Beach, Florida;;Florida;28,6500;-80,6000;-5:00 :America/New_York;US State: Florida
Pleasant Bay, Quonset Pont, Massachusetts;Quonset Pont;Massachusetts;41,7367;-69,9817;-05:00 :America/New_York;US State: Massachusetts
Plymouth, Massachusetts;;Massachusetts;41,9600;-70,6633;-05:00 :America/New_York;US State: Massachusetts
Point Judith Harbor of Refuge, Rhode Island;;Rhode Island;41,3633;-71,4900;-05:00 :America/New_York;US State: Rhode Island
Point Lookout, Maryland;;Maryland;38,0400;-76,3233;-5:00 :America/New_York;US State: Maryland
Point Reyes, California;;California;37,9967;-122,9750;-8:00 :America/Los_Angeles;US State: California
Point Reyes, California (2);;California;37,9967;-122,9750;-8:00 :America/Los_Angeles;US State: California
Point Ybel (0.4 Mi. NW of), Florida Current;;Florida Current;26,4567;-82,0183;-5:00 :America/New_York;US State: Florida
Point Ybel, San Carlos Bay Entrance, Florida;San Carlos Bay Entrance;Florida;26,4500;-82,0167;-5:00 :America/New_York;US State: Florida
Pollock Rip Channel, Massachusetts Current;;Massachusetts Current;41,5467;-69,9850;-05:00 :America/New_York;US State: Massachusetts
Ponce de Leon Inlet (inside), Florida;;Florida;29,0633;-80,9150;-5:00 :America/New_York;US State: Florida
Ponquogue Bridge, Shinnecock Bay, Long Island, New York;Long Island;New York;40,8500;-72,5000;-05:00 :America/New_York;US State: New York
Port Angeles, Washington;;Washington;48,1167;-123,4333;-08:00 :America/Los_Angeles;US State: Washington
Port Angeles, Washington (2);;Washington;48,1167;-123,4333;-08:00 :America/Los_Angeles;US State: Washington
Port Aransas, Holiday Beach, Texas;Holiday Beach;Texas;27,8267;-97,0500;-06:00 :America/Chicago;US State: Texas
Port Chicago, Suisun Bay, California;Suisun Bay;California;38,0567;-122,0383;-8:00 :America/Los_Angeles;US State: California
Port Clyde, Maine;;Maine;43,9250;-69,2600;-05:00 :America/New_York;US State: Maine
Port Isabel, Texas;;Texas;26,0600;-97,2150;-6:00 :America/Chicago;US State: Texas
Port Jefferson, Long Island Sound, New York;Long Island Sound;New York;40,9500;-73,0767;-05:00 :America/New_York;US State: New York
Port Lavaca, Matagorda Bay, Texas;Matagorda Bay;Texas;28,6500;-96,5950;-6:00 :America/Chicago;US State: Texas
Port Manatee, Tampa Bay, Florida Current;Tampa Bay;Florida Current;27,6617;-82,6000;-5:00 :America/New_York;US State: Florida
Port O'Connor, Matagorda Bay, Texas;Matagorda Bay;Texas;28,4517;-96,3883;-6:00 :America/Chicago;US State: Texas
Port Orford, Oregon;;Oregon;42,7400;-124,4967;-08:00 :America/Los_Angeles;US State: Oregon
Port San Luis, California;;California;35,1767;-120,7600;-08:00 :America/Los_Angeles;US State: California
Port Townsend, Washington;;Washington;48,1117;-122,7583;-08:00 :America/Los_Angeles;US State: Washington
Port Townsend, Washington (3);;Washington;48,1333;-122,7667;-08:00 :America/Los_Angeles;US State: Washington
Port Washington, Manhasset Bay, Long Island Sound, New York;Long Island Sound;New York;40,8333;-73,7000;-05:00 :America/New_York;US State: New York
Portland, Maine;;Maine;43,6567;-70,2467;-05:00 :America/New_York;US State: Maine
Portsmouth Harbor Entrance, New Hampshire Current;;New Hampshire Current;43,0667;-70,7000;-05:00 :America/New_York;US State: New Hampshire
Portsmouth, Norfolk Naval Shipyard, Virginia;Norfolk Naval Shipyard;Virginia;36,8217;-76,2933;-5:00 :America/New_York;US State: Virginia
President Channel, Orcas Island, Washington;Orcas Island;Washington;48,6550;-123,0083;-08:00 :America/Los_Angeles;US State: Washington
Providence, Rhode Island;;Rhode Island;41,8067;-71,4017;-05:00 :America/New_York;US State: Rhode Island
Provincetown, Massachusetts;;Massachusetts;42,0533;-70,1883;-05:00 :America/New_York;US State: Massachusetts
Prudhoe Bay, Alaska;;Alaska;70,4000;-148,5267;-9:00 :America/Anchorage;US State: Alaska
Prudhoe Bay, Dock #2, Alaska;Dock #2;Alaska;70,3883;-148,5100;-9:00 :America/Anchorage;US State: D.C.
Punta Gorda, Charlotte Harbor, Florida;Charlotte Harbor;Florida;26,9283;-82,0650;-5:00 :America/New_York;US State: Florida
Punta Tuna, Puerto Rico;;Puerto Rico;17,9900;-65,8850;-4:00 :America/Puerto_Rico;US Territory: Puerto Rico
Quicks Hole (middle), Massachusetts Current;;Massachusetts Current;41,4433;-70,8483;-5:00 :America/New_York;US State: Massachusetts
Red Bank, Navesink River, New Jersey;Navesink River;New Jersey;40,3550;-74,0650;-05:00 :America/New_York;US State: New Jersey
Red Bay Point, St. Johns River, Florida;St. Johns River;Florida;29,9850;-81,6300;-05:00 :America/New_York;US State: Florida
Redwood City, Wharf 5, California;Wharf 5;California;37,5067;-122,2100;-8:00 :America/Los_Angeles;US State: California
Redwood City, Wharf 5, California (2);Wharf 5;California;37,5067;-122,2100;-8:00 :America/Los_Angeles;US State: California
Redwood Creek, C.M. No.8, San Francisco Bay, California;San Francisco Bay;California;37,5333;-122,1933;-8:00 :America/Los_Angeles;US State: California
Reedy Point, Delaware;;Delaware;39,5583;-75,5733;-5:00 :America/New_York;US State: Delaware
Reedy Point, Delaware (2) (expired 1994-12-31);;Delaware(expired 1994-12-31);39,5617;-75,5667;-05:00 :America/New_York;US State: Delaware
Reservation Bay, Washington;;Washington;48,4167;-122,6667;-08:00 :America/Los_Angeles;US State: Washington
Reservation Bay, Washington (2);;Washington;48,4167;-122,6667;-08:00 :America/Los_Angeles;US State: Washington
Ribault River, Lake Forest, Florida;Lake Forest;Florida;30,3983;-81,6983;-5:00 :America/New_York;US State: Florida
Richmond, Chevron Oil Pier, California;Chevron Oil Pier;California;37,9283;-122,4000;-8:00 :America/Los_Angeles;US State: California
Rincon Island, California;;California;34,3483;-119,4433;-08:00 :America/Los_Angeles;US State: California
Rio Vista, Sacramento River, California;Sacramento River;California;38,1450;-121,6917;-8:00 :America/Los_Angeles;US State: California
Robinhood, Sasanoa River, Maine;Sasanoa River;Maine;43,8533;-69,7333;-5:00 :America/New_York;US State: Maine
Rockland, Penobscot River, Maine;Penobscot River;Maine;44,1050;-69,1017;-05:00 :America/New_York;US State: Maine
Rockport, Aransas Bay, Texas;Aransas Bay;Texas;28,0217;-97,0467;-06:00 :America/Chicago;US State: Texas
Rockport, Aransas Bay, Texas (2);Aransas Bay;Texas;28,0217;-97,0467;-6:00 :America/Chicago;US State: Texas
Rocky Point, Back River, Maryland;Back River;Maryland;39,2500;-76,4000;-5:00 :America/New_York;US State: Maryland
Rosario Strait, Washington Current;;Washington Current;48,4583;-122,7800;-08:00 :America/Los_Angeles;US State: Washington
Roses Bluff, Bells River, St. Marys River, Florida;St. Marys River;Florida;30,7033;-81,5767;-5:00 :America/New_York;US State: Florida
Sabine Pass, North, Texas;North;Texas;29,7300;-93,8700;-06:00 :America/Chicago;US State: Texas
Sabine Pass, Texas;;Texas;29,7067;-93,8533;-06:00 :America/Chicago;US State: Texas
Salem, Massachusetts;;Massachusetts;42,5183;-70,8867;-05:00 :America/New_York;US State: Massachusetts
Salisbury, Maryland (2 miles below) Current;;Maryland (2 miles below) Current;38,3400;-75,6383;-5:00 :America/New_York;US State: Maryland
Salisbury, Wicomico River, Chesapeake Bay, Maryland;Chesapeake Bay;Maryland;38,3650;-75,6067;-5:00 :America/New_York;US State: Maryland
San Diego Bay Entrance, California Current;;California Current;32,6817;-117,1733;-08:00 :America/Los_Angeles;US State: California
San Diego, California;;California;32,7133;-117,1733;-08:00 :America/Los_Angeles;US State: California
San Diego, California (2);;California;32,7170;-117,1670;-08:00 :America/Los_Angeles;US State: California
San Francisco Bay Entrance (Golden Gate), California Current;;California Current;37,8167;-122,4833;-08:00 :America/Los_Angeles;US State: California
San Francisco, California;;California;37,8067;-122,4650;-8:00 :America/Los_Angeles;US State: California
San Francisco, Pier 22 1/2, California;Pier 22 1/2;California;37,7900;-122,3867;-8:00 :America/Los_Angeles;US State: California
San Juan Channel (South Entrance), Washington Current;;Washington Current;48,4667;-122,9500;-08:00 :America/Los_Angeles;US State: Washington
San Juan, Puerto Rico;;Puerto Rico;18,4617;-66,1167;-04:00 :America/Puerto_Rico;US Territory: Puerto Rico
San Juan, Puerto Rico (3);;Puerto Rico;18,4617;-66,1150;-04:00 :America/Puerto_Rico;US Territory: Puerto Rico
San Luis Pass, Texas;;Texas;29,0950;-95,1133;-6:00 :America/Chicago;US State: Texas
Sand Island, Midway Islands;;Midway Islands;28,2117;-177,3600;-11:00 :Pacific/Midway;US Territory: Midway Island
Sand Key Lighthouse, Sand Key Channel, Florida;Sand Key Channel;Florida;24,4533;-81,8767;-05:00 :America/New_York;US State: Florida
Sand Point, Popof Island, Alaska;Popof Island;Alaska;55,3367;-160,5017;-09:00 :America/Anchorage;US State: Alaska
Sandy Hook, New Jersey;;New Jersey;40,4667;-74,0017;-5:00 :America/New_York;US State: New Jersey
Sandy Hook, New Jersey (2) (expired 1994-12-31);;New Jersey(expired 1994-12-31);40,4683;-74,0117;-05:00 :America/New_York;US State: New Jersey
Santa Barbara, California;;California;34,4083;-119,6850;-8:00 :America/Los_Angeles;US State: California
Santa Cruz, California;;California;36,9667;-122,0167;-08:00 :America/Los_Angeles;US State: California
Santa Monica, California;;California;34,0083;-118,5000;-08:00 :America/Los_Angeles;US State: California
Santa Monica, Municipal Pier, California;Municipal Pier;California;34,0067;-118,4983;-8:00 :America/Los_Angeles;US State: California
Sarasota, Sarasota Bay, Florida;Sarasota Bay;Florida;27,3317;-82,5450;-05:00 :America/New_York;US State: Florida
Sausalito, California;;California;37,8500;-122,4833;-08:00 :America/Los_Angeles;US State: California
Savannah (Bull Street), Georgia;;Georgia;32,0817;-81,0917;-05:00 :America/New_York;US State: Georgia
Savannah River Entrance, Georgia;;Georgia;32,0333;-80,9017;-05:00 :America/New_York;US State: Georgia
Savannah River Entrance, Georgia Current;;Georgia Current;32,0367;-80,8583;-05:00 :America/New_York;US State: Georgia
Savannah, Georgia (expired 1988-12-31);;Georgia (expired 1988-12-31);32,0800;-81,0817;-05:00 :America/New_York;US State: Georgia
Sea Girt, New Jersey;;New Jersey;40,1333;-74,0333;-05:00 :America/New_York;US State: New Jersey
Seattle, Washington;;Washington;47,6000;-122,3333;-08:00 :America/Los_Angeles;US State: Washington
Seattle, Washington (2);;Washington;47,6000;-122,3333;-08:00 :America/Los_Angeles;US State: Washington
Seavey Island (Back Channel), disputed waters, New England;disputed waters;New England;43,0833;-70,7317;-5:00 :America/New_York;US Timezone: America/New_York
Sebastian Inlet bridge, Indian River, Florida;Indian River;Florida;27,8600;-80,4483;-5:00 :America/New_York;US State: Florida
Sebastian, Indian River, Florida;Indian River;Florida;27,8117;-80,4650;-5:00 :America/New_York;US State: Florida
Secaucus, New Jersey;;New Jersey;40,7983;-74,0700;-05:00 :America/New_York;US State: New Jersey
Sekiu, Washington;;Washington;48,2667;-124,3000;-08:00 :America/Los_Angeles;US State: Washington
Seldovia, Alaska;;Alaska;59,4400;-151,7200;-9:00 :America/Anchorage;US State: Alaska
Seminole Shores, Florida;;Florida;27,1833;-80,1583;-5:00 :America/New_York;US State: Florida
Sergius Narrows, Peril Strait, Alaska Current;Peril Strait;Alaska Current;57,4067;-135,6267;-9:00 :America/Anchorage;US State: Alaska
Seward, Resurrection Bay, Alaska;Resurrection Bay;Alaska;60,1200;-149,4267;-09:00 :America/Anchorage;US State: Alaska
Sheepscot River (off Barter Island), Maine Current;;Maine Current;43,9000;-69,6917;-05:00 :America/New_York;US State: Maine
Shell Island (north end), Crystal Bay, Florida;Crystal Bay;Florida;28,9233;-82,6917;-5:00 :America/New_York;US State: Florida
Shell Point, Florida;;Florida;30,0600;-84,2900;-05:00 :America/New_York;US State: Florida
Sherman Island (East), California Current;;California Current;38,0587;-121,8000;-08:00 :America/Los_Angeles;US State: California
Shinnecock Canal, Railroad Bridge, New York Current;Railroad Bridge;New York Current;40,8867;-72,5017;-5:00 :America/New_York;US State: New York
Sisters Creek, St. Johns River, Florida;St. Johns River;Florida;30,4167;-81,4533;-5:00 :America/New_York;US State: Florida
Sitka, Alaska;;Alaska;57,0517;-135,3417;-09:00 :America/Anchorage;US State: Alaska
Skagway, Alaska;;Alaska;59,4500;-135,3250;-9:00 :America/Anchorage;US State: Alaska
Solomons Island, Patuxent River, Maryland;Patuxent River;Maryland;38,3167;-76,4517;-05:00 :America/New_York;US State: Maryland
Solomons Island, Patuxent River, Maryland (2);Patuxent River;Maryland;38,3167;-76,4533;-05:00 :America/New_York;US State: Maryland
Sombrero Key, Hawk Channel, Florida;Hawk Channel;Florida;24,6267;-81,1117;-05:00 :America/New_York;US State: Florida
South Beach, Yaquina Bay, Oregon;Yaquina Bay;Oregon;44,6250;-124,0433;-08:00 :America/Los_Angeles;US State: Oregon
South Bend, Washington;;Washington;46,6633;-123,7983;-08:00 :America/Los_Angeles;US State: Washington
South Jamesport, Gt. Peconic Bay, New York;Gt. Peconic Bay;New York;40,9350;-72,5767;-05:00 :America/New_York;US State: New York
South Lubec, Maine;;Maine;44,8210;-66,9920;-04:00 :America/New_York;US State: Maine
South Pass, Louisiana;;Louisiana;28,9900;-89,1400;-6:00 :America/Chicago;US State: Louisiana
South Yarmouth, Bass River, Nantucket Sound, Massachusetts;Nantucket Sound;Massachusetts;41,6650;-70,1833;-5:00 :America/New_York;US State: Massachusetts
Southwest Pass, Mississippi River Delta, Louisiana;Mississippi River Delta;Louisiana;28,9333;-89,4333;-6:00 :America/Chicago;US State: Mississippi
Spuyten Duyvil Creek Entrance, Hudson River, New York;Hudson River;New York;40,8783;-73,9250;-5:00 :America/New_York;US State: New York
Squibnocket Point, Martha's Vineyard, Massachusetts;Martha's Vineyard;Massachusetts;41,3117;-70,7683;-05:00 :America/New_York;US State: Massachusetts
St. Augustine Beach, Florida;;Florida;29,8567;-81,2617;-5:00 :America/New_York;US State: Florida
St. Augustine, city dock, Florida;city dock;Florida;29,8917;-81,3100;-5:00 :America/New_York;US State: Florida
St. Croix, Lime Tree Bay, Virgin Islands;Lime Tree Bay;Virgin Islands;17,6967;-64,7533;-04:00 :America/St_Thomas;US Territory: Virgin Islands
St. Johns River Entrance, Florida Current;;Florida Current;30,4000;-81,3833;-05:00 :America/New_York;US State: Florida
St. Johns River Entrance, Florida Current (3);;Florida Current;30,7967;-81,5150;-5:00 :America/New_York;US State: Florida
St. Johns River at Bar Pilot Dock, Florida;;Florida;30,3969;-81,4294;-5:00 :America/New_York;US State: Florida
St. Johns River at Buckman Bridge, Florida;;Florida;30,1911;-81,6922;-5:00 :America/New_York;US State: Florida
St. Johns River at Dames Point (N. end, SR 9A bridge), Florida;SR 9A bridge);Florida;30,3869;-81,5581;-5:00 :America/New_York;US State: Florida
St. Johns River at Dames Point (N. end, SR 9A bridge), Florida (2);SR 9A bridge);Florida;30,3869;-81,5581;-5:00 :America/New_York;US State: Florida
St. Johns River at Dames Point (N. end, SR 9A bridge), Florida (3);SR 9A bridge);Florida;30,3869;-81,5581;-5:00 :America/New_York;US State: Florida
St. Johns River at Dames Point (N. end, SR 9A bridge), Florida (4);SR 9A bridge);Florida;30,3869;-81,5581;-5:00 :America/New_York;US State: Florida
St. Johns River at Dames Point (N. end, SR 9A bridge), Florida (5);SR 9A bridge);Florida;30,3869;-81,5581;-5:00 :America/New_York;US State: Florida
St. Johns River at Long Branch, USCOE dredge depot, Florida;USCOE dredge depot;Florida;30,3575;-81,6129;-5:00 :America/New_York;US State: Florida
St. Johns River at Main Street Bridge, Florida;;Florida;30,3231;-81,6639;-5:00 :America/New_York;US State: Florida
St. Johns River at Navy degaussing structure, Florida;;Florida;30,3964;-81,3953;-5:00 :America/New_York;US State: Florida
St. Johns River at Navy degaussing structure, Florida (2);;Florida;30,3964;-81,3953;-5:00 :America/New_York;US State: Florida
St. Johns River at Racy Point, Florida;;Florida;29,8019;-81,5497;-5:00 :America/New_York;US State: Florida
St. Johns River at Shands Bridge, Florida;;Florida;29,9786;-81,6286;-5:00 :America/New_York;US State: Florida
St. Marks River Entrance, Florida;;Florida;30,0783;-84,1783;-05:00 :America/New_York;US State: Florida
St. Michael, Alaska;;Alaska;63,4750;-162,0267;-9:00 :America/Anchorage;US State: Alaska
St. Petersburg, Florida;;Florida;27,7600;-82,6267;-5:00 :America/New_York;US State: Florida
St. Petersburg, Florida (2) (expired 1995-12-31);;Florida(expired 1995-12-31);27,7733;-82,6217;-05:00 :America/New_York;US State: Florida
Stamford, Connecticut;;Connecticut;41,0383;-73,5467;-05:00 :America/New_York;US State: Connecticut
Strait of Juan de Fuca Entrance, Washington Current;;Washington Current;48,4500;-124,5833;-08:00 :America/Los_Angeles;US State: Washington
Sutherlands Still, Dunns Creek, Florida;Dunns Creek;Florida;29,5733;-81,6033;-5:00 :America/New_York;US State: Florida
Sutherlands Still, Dunns Creek, Florida (2);Dunns Creek;Florida;29,5733;-81,6033;-5:00 :America/New_York;US State: Florida
Sutherlands Still, Dunns Creek, Florida (3);Dunns Creek;Florida;29,5733;-81,6033;-5:00 :America/New_York;US State: Florida
Sutwik Island, West End, Alaska;West End;Alaska;56,5400;-157,3267;-9:00 :America/Anchorage;US State: Alaska
Sweeper Cove, Adak Island, Alaska;Adak Island;Alaska;51,8633;-176,6317;-10:00 :America/Atka;US State: Alaska
Tampa Bay (Sunshine Skyway Bridge), Florida Current;;Florida Current;27,6200;-82,6550;-5:00 :America/New_York;US State: Florida
Tampa Bay Entrance (Egmont Channel), Florida Current;;Florida Current;27,6050;-82,7600;-5:00 :America/New_York;US State: Florida
Tampa Bay Entrance, Florida Current;;Florida Current;27,6083;-82,7683;-05:00 :America/New_York;US State: Florida
Tarrytown, Hudson River, New York;Hudson River;New York;41,0783;-73,8700;-05:00 :America/New_York;US State: New York
Tavernier, Florida;;Florida;25,0050;-80,5167;-05:00 :America/New_York;US State: Florida
The Folly, Hilton Head Island, South Carolina;Hilton Head Island;South Carolina;32,1833;-80,7000;-05:00 :America/New_York;US State: South Carolina
The Narrows (North End), Puget Sound, Washington Current;Puget Sound;Washington Current;47,3000;-122,5500;-08:00 :America/Los_Angeles;US State: Washington
The Narrows, Midchannel, New York Harbor, New York Current;New York Harbor;New York Current;40,6100;-74,0467;-05:00 :America/New_York;US State: New York
The Narrows, Midchannel, New York Harbor, New York Current (2);New York Harbor;New York Current;40,6100;-74,0467;-05:00 :America/New_York;US State: New York
The Race, Long Island Sound, New York Current;Long Island Sound;New York Current;41,2367;-72,0600;-05:00 :America/New_York;US State: New York
Thomas Point Shoal Light, Maryland;;Maryland;38,9000;-76,4333;-05:00 :America/New_York;US State: Maryland
Threemile Slough Entrance, San Joaquin River, California;San Joaquin River;California;38,0833;-121,6833;-8:00 :America/Los_Angeles;US State: California
Throg's Neck, Long Island Sound, New York Current;Long Island Sound;New York Current;40,8017;-73,7883;-05:00 :America/New_York;US State: New York
Titusville, Indian River, Florida;Indian River;Florida;28,6200;-80,8000;-5:00 :America/New_York;US State: Florida
Toke Point, Willapa Bay, Washington;Willapa Bay;Washington;46,7083;-123,9650;-08:00 :America/Los_Angeles;US State: Washington
Toke Point, Willapa Bay, Washington (2);Willapa Bay;Washington;46,7067;-123,9650;-08:00 :America/Los_Angeles;US State: Washington
Tolchester Beach, Chesapeake Bay, Maryland;Chesapeake Bay;Maryland;39,2133;-76,2450;-05:00 :America/New_York;US State: Maryland
Tomales Bay Entrance, California;;California;38,2283;-122,9767;-8:00 :America/Los_Angeles;US State: California
Trenton, Delaware River, New Jersey;Delaware River;New Jersey;40,1883;-74,7550;-05:00 :America/New_York;US State: New Jersey
Trident Pier, Port Canaveral, Florida;Port Canaveral;Florida;28,4150;-80,5933;-05:00 :America/New_York;US State: Florida
Trout River, Sherwood Forest, Florida;Sherwood Forest;Florida;30,4200;-81,7283;-5:00 :America/New_York;US State: Florida
Trout River, Sherwood Forest, Florida (2);Sherwood Forest;Florida;30,4200;-81,7283;-5:00 :America/New_York;US State: Florida
Trout River, Sherwood Forest, Florida (3);Sherwood Forest;Florida;30,4200;-81,7283;-5:00 :America/New_York;US State: Florida
Trout River, Sherwood Forest, Florida (4);Sherwood Forest;Florida;30,4200;-81,7283;-5:00 :America/New_York;US State: Florida
Tuckahoe, Tuckahoe River, New Jersey;Tuckahoe River;New Jersey;39,2950;-74,7483;-5:00 :America/New_York;US State: New Jersey
Tuckers Island, Homosassa River, Florida;Homosassa River;Florida;28,7717;-82,6950;-5:00 :America/New_York;US State: Florida
Turkey Point, FSU Lab, Florida;FSU Lab;Florida;29,9150;-84,5117;-05:00 :America/New_York;US State: Florida
Twin Rivers Marina, Crystal River, Florida;Crystal River;Florida;28,9050;-82,6383;-5:00 :America/New_York;US State: Florida
U.S. Naval Academy, Annapolis, Maryland;Annapolis;Maryland;38,9833;-76,4800;-5:00 :America/New_York;US State: Maryland
Ugaiushak Island, Alaska;;Alaska;56,7967;-156,8483;-9:00 :America/Anchorage;US State: Alaska
Unalaska, Alaska;;Alaska;53,8800;-166,5367;-9:00 :America/Anchorage;US State: Alaska
Unimak Pass (off Scotch Cap), Alaska Current;;Alaska Current;54,3650;-164,8000;-9:00 :America/Anchorage;US State: Alaska
Upper Hell Gate (Sasanoa River, Maine) Current;;Maine) Current;43,8950;-69,7717;-05:00 :America/New_York;US Timezone: America/New_York
Vaca Key, Florida Bay, Florida;Florida Bay;Florida;24,7117;-81,1050;-5:00 :America/New_York;US State: Florida
Valdez, Alaska;;Alaska;61,1250;-146,3617;-9:00 :America/Anchorage;US State: Alaska
Vancouver, Columbia River, Washington (dubious accuracy);Columbia River;Washington (dubious accuracy);45,6267;-122,6833;-8:00 :America/Los_Angeles;US State: Washington
Venice Inlet (inside), Florida;;Florida;27,1233;-82,4700;-5:00 :America/New_York;US State: Florida
Vero Beach, Indian River, Florida;Indian River;Florida;27,6333;-80,3750;-5:00 :America/New_York;US State: Florida
Victoria Bluff, South Carolina;;South Carolina;32,3000;-80,8000;-05:00 :America/New_York;US State: South Carolina
Vieques Passage, Puerto Rico Current;;Puerto Rico Current;18,1883;-65,6183;-04:00 :America/Puerto_Rico;US Territory: Puerto Rico
Vieques Passage, Puerto Rico Current (2);;Puerto Rico Current;18,1883;-65,6183;-04:00 :America/Puerto_Rico;US Territory: Puerto Rico
Vilano Beach Bridge, Tolomato River, Florida;Tolomato River;Florida;29,9167;-81,3000;-5:00 :America/New_York;US State: Florida
Vineyard Haven, Martha's Vineyard, Massachusetts;Martha's Vineyard;Massachusetts;41,4500;-70,6000;-05:00 :America/New_York;US State: Massachusetts
Virginia Beach, Virginia;;Virginia;36,8433;-75,9717;-05:00 :America/New_York;US State: Virginia
Virginia Key, Bear Cut, Florida;Bear Cut;Florida;25,7317;-80,1617;-5:00 :America/New_York;US State: Florida
Wabasso, Indian River, Florida;Indian River;Florida;27,7550;-80,4250;-5:00 :America/New_York;US State: Florida
Wachapreague, Wachapreague Channel, Virginia;Wachapreague Channel;Virginia;37,6067;-75,6867;-05:00 :America/New_York;US State: Virginia
Wake Island, Pacific Ocean;;Pacific Ocean;19,2900;166,6183;12:00 :Pacific/Wake;US Territory: Wake Island
Wallops Island, Virginia;;Virginia;37,8417;-75,4783;-05:00 :America/New_York;US State: Virginia
Waretown, Barnegat Bay, New Jersey;Barnegat Bay;New Jersey;38,7917;-74,1817;-05:00 :America/New_York;US State: New Jersey
Washington Canal, New Jersey;;New Jersey;40,4717;-74,3683;-05:00 :America/New_York;US State: New Jersey
Washington, D.C.;;D.C.;38,8733;-77,0217;-05:00 :America/New_York;US State: D.C.
Wasque Point, Chappaquiddick Island, Massachusetts;Chappaquiddick Island;Massachusetts;41,3633;-70,4500;-05:00 :America/New_York;US State: Massachusetts
Watch Hill Point, Rhode Island;;Rhode Island;41,3050;-71,8600;-05:00 :America/New_York;US State: Rhode Island
Wauwinet (outer shore), Nantucket Island, Massachusetts;Nantucket Island;Massachusetts;41,3333;-70,0000;-05:00 :America/New_York;US State: Massachusetts
Waveland, Mississipi Sound, Mississippi;Mississipi Sound;Mississippi;30,3250;-89,3250;-06:00 :America/Chicago;US State: Mississippi
Weehawken, Days Point, New Jersey;Days Point;New Jersey;40,7667;-74,0167;-05:00 :America/New_York;US State: New Jersey
Welaka, St. Johns River, Florida;St. Johns River;Florida;29,4767;-81,6750;-5:00 :America/New_York;US State: Florida
Welaka, St. Johns River, Florida (2);St. Johns River;Florida;29,4767;-81,6750;-5:00 :America/New_York;US State: Florida
Welaka, St. Johns River, Florida (3);St. Johns River;Florida;29,4767;-81,6750;-5:00 :America/New_York;US State: Florida
Welaka, St. Johns River, Florida (4);St. Johns River;Florida;29,4767;-81,6750;-5:00 :America/New_York;US State: Florida
Welaka, St. Johns River, Florida (5);St. Johns River;Florida;29,4767;-81,6750;-5:00 :America/New_York;US State: Florida
West Chop, Martha's Vineyard, Massachusetts;Martha's Vineyard;Massachusetts;41,4833;-70,6017;-05:00 :America/New_York;US State: Massachusetts
West Palm Beach Canal, Florida;;Florida;26,6450;-80,0450;-5:00 :America/New_York;US State: Florida
West Quoddy Head, Maine;;Maine;44,8167;-66,9667;-04:00 :America/New_York;US State: Maine
Westport Harbor Entrance, Massachusetts;;Massachusetts;41,5083;-71,0933;-05:00 :America/New_York;US State: Massachusetts
Westport River Entrance, Massachusetts Current;;Massachusetts Current;41,5083;-71,0883;-05:00 :America/New_York;US State: Massachusetts
Wickford, Narragansett Bay, Rhode Island;Narragansett Bay;Rhode Island;41,5733;-71,4450;-5:00 :America/New_York;US State: Rhode Island
Willets Point, New York;;New York;40,7933;-73,7817;-05:00 :America/New_York;US State: New York
William Head, Washington;;Washington;48,0333;-123,5333;-08:00 :America/Los_Angeles;US State: Washington
Wilmington, North Carolina;;North Carolina;34,2267;-77,9533;-05:00 :America/New_York;US State: North Carolina
Windmill Point, Rappahannock River, Virginia;Rappahannock River;Virginia;37,6117;-76,2750;-05:00 :America/New_York;US State: Virginia
Windmill Point, Rappahannock River, Virginia (2);Rappahannock River;Virginia;37,6117;-76,2750;-05:00 :America/New_York;US State: Virginia
Woods Hole Oceanographic Institute, Massachusetts;;Massachusetts;41,5250;-70,6733;-5:00 :America/New_York;US State: Massachusetts
Woods Hole, Massachusetts Current (use with caution);;Massachusetts Current (use with caution);41,5200;-70,6850;-05:00 :America/New_York;US State: Massachusetts
Wrangell Narrows (off Petersburg), Alaska Current;;Alaska Current;56,8167;-132,9667;-9:00 :America/Anchorage;US State: Alaska
Wrightsville Beach, North Carolina;;North Carolina;34,2100;-77,7950;-5:00 :America/New_York;US State: North Carolina
Yakutat, Yakutat Bay, Alaska;Yakutat Bay;Alaska;59,5483;-139,7350;-9:00 :America/Anchorage;US State: Alaska
Yakutat, Yakutat Bay, Alaska (2);Yakutat Bay;Alaska;59,5483;-139,7350;-9:00 :America/Anchorage;US State: Alaska
