name_a,name_b,begruendung,km,kurve_prozent,dt_h,guete,namensueberlappung,spur,haufen,datei_a,datei_b,Neuer gemeinsamer Name
"Back Bay, Letite Harbour, New Brunswick, Canada","Letite Harbour, New Brunswick, Canada",,0.00,0.0,+0.00,1000,1.00,N,124,harmonics-2004-06-14_mod.txt,harmonics_utide_tidetables.txt,"Back Bay (Letite Harbour), New Brunswick, Canada"
"Clearwater Fiord, Cumberland Sound, Nunavut, Canada","Clearwater Fiord, Nunavut, Canada",,0.00,0.0,+0.00,1000,1.00,N,505,harmonics-2004-06-14_mod.txt,harmonics_utide_tidetables.txt,"Clearwater Fiord (Cumberland Sound), Nunavut, Canada"
"Mitlenatch Island, British Columbia, Canada","Mitlenatch, British Columbia, Canada",,0.00,0.0,+0.00,1000,1.00,N,1502,harmonics-2004-06-14_mod.txt,harmonics_utide_tidetables.txt,"Mitlenatch Island, British Columbia, Canada"
"Schooner Harbour, Baffin Island, Nunavut, Canada","Schooner Harbour, Nunavut, Canada",,0.00,0.0,+0.00,1000,1.00,N,2274,harmonics-2004-06-14_mod.txt,harmonics_utide_tidetables.txt,"Schooner Harbour (Baffin Island), Nunavut, Canada"
"Sops Island, Newfoundland, Canada","Sops Island, White Bay, Newfoundland, Canada",,0.00,0.0,+0.00,1000,1.00,N,2382,harmonics_utide_tidetables.txt,harmonics-2004-06-14_mod.txt,"Sops Island (White Bay), Newfoundland, Canada"
"Tubuai, Austral Islands, French Polynesia (1)","Tubuai, Austral Islands, French Polynesia (2)",,0.00,0.0,+0.00,1000,1.00,N,2646,harmonics_ticon4_worldwide.txt,harmonics_ticon4_worldwide.txt,
"Chatham Point, British Columbia, Canada","Chatham Pt., British Columbia, Canada",,0.00,0.0,+0.00,1000,0.75,N,473,harmonics-2004-06-14_mod.txt,harmonics_utide_tidetables.txt,
"Khyex Point, British Columbia, Canada","Khyex River, British Columbia, Canada",,0.00,0.0,+0.00,1000,0.75,N,1146,harmonics-2004-06-14_mod.txt,harmonics_utide_tidetables.txt,
"Kwinitsa Creek, British Columbia, Canada","Kwinitsa River, British Columbia, Canada",,0.00,0.0,+0.00,1000,0.75,N,1234,harmonics-2004-06-14_mod.txt,harmonics_utide_tidetables.txt,
"McKenney Isl., British Columbia, Canada","McKenney Islands, British Columbia, Canada",,0.00,0.0,+0.00,1000,0.75,N,1453,harmonics_utide_tidetables.txt,harmonics-2004-06-14_mod.txt,
"Ranger Inlet, British Columbia, Canada","Ranger Islet, British Columbia, Canada",,0.00,0.0,+0.00,1000,0.75,N,2104,harmonics-2004-06-14_mod.txt,harmonics_utide_tidetables.txt,
"Finlayson Arm, British Columbia, Canada","Goldstream Boathouse Marina, British Columbia, Canada",,0.00,0.0,+0.00,1000,0.50,N,801,harmonics_utide_tidetables.txt,harmonics-2004-06-14_mod.txt,
"Jessie Point, British Columbia, Canada","Kenneth Passage, British Columbia, Canada",,0.00,0.0,+0.00,1000,0.50,N,1135,harmonics_utide_tidetables.txt,harmonics-2004-06-14_mod.txt,
"Qui Nhon, Vietnam","Quy Nhon (Thi Nai Port), Vietnam",,0.00,0.0,+0.00,1000,0.50,N,2094,harmonics_utide_observations.txt,harmonics_ticon4_worldwide.txt,
"Texada Mines, British Columbia, Canada","Welcome Bay, British Columbia, Canada",,0.00,0.0,+0.00,1000,0.50,N,2563,harmonics-2004-06-14_mod.txt,harmonics_utide_tidetables.txt,
"L'Île-d'Anticosti, Québec, Canada","Pointe du Sud-Ouest, Québec, Canada",,0.00,0.0,+0.00,1000,0.33,N,1247,harmonics-2004-06-14_mod.txt,harmonics_utide_tidetables.txt,
"Saint Thomas De Kent, New Brunswick, Canada","Town of Grand-Bouctouche, New Brunswick, Canada",,0.00,0.0,+0.00,1000,0.33,N,2612,harmonics_utide_tidetables.txt,harmonics-2004-06-14_mod.txt,
"Cap Pelé, New Brunswick, Canada","Cape Bald, Prince Edward Island, Canada",,0.00,0.0,+0.00,1000,0.00,N,403,harmonics_utide_tidetables.txt,harmonics-2004-06-14_mod.txt,
"Audierne (Quai Pelletan), France","Audierne, France",,0.00,0.1,+0.00,1000,1.00,N,104,harmonics_ticon4_worldwide.txt,harmonics_utide_observations.txt,
"Galway Port, Ireland","Galway, Ireland",,0.00,0.1,+0.00,1000,1.00,N,778,harmonics_utide_observations.txt,harmonics_ticon4_worldwide.txt,
"Charcot, Antarctica","Puerto Charcot (Isla Booth), Antártida Argentina, Argentina",,0.00,0.2,+0.00,1000,1.00,N,467,harmonics-1997-05-25_mod.txt,harmonics_utide_tidetables.txt,
"Chichijima, Tokyo, Japan","Chichijima, Tokyo, Japan (2)",,0.00,0.2,-0.02,1000,1.00,N,764,harmonics_utide_observations.txt,harmonics_ticon4_worldwide.txt,
"Ross Island, Antarctica","Scott Base, Ross Island, New Zealand",,0.00,0.2,+0.02,1000,1.00,N,2157,harmonics_ticon4_worldwide.txt,harmonics_utide_observations.txt,
"Langara Island, British Columbia, Canada","Langara Point, British Columbia, Canada",,0.00,0.2,+0.00,1000,0.75,N,1278,harmonics_ticon4_worldwide.txt,harmonics_utide_tidetables.txt,
"Auckland, Auckland, New Zealand","Auckland, New Zealand",,0.00,0.4,+0.00,1000,1.00,N,103,harmonics_utide_observations.txt,harmonics_ticon4_worldwide.txt,
"Texel Noordzee, Netherlands","Texel, Noordzee, Netherlands",,0.00,0.4,+0.02,1000,1.00,N,2564,harmonics_ticon4_worldwide.txt,harmonics_utide_observations.txt,
"Île Molène, France","Île-Molène, France",,0.00,0.5,+0.00,1000,1.00,N,2851,harmonics_utide_tidetables.txt,harmonics-pierre-lavergne-v10_mod.txt,
"Cadzand, 2, Netherlands","Cadzand, Netherlands",,0.00,0.6,-0.03,1000,1.00,N,361,harmonics_utide_observations.txt,harmonics_ticon4_worldwide.txt,
"Miojin Hana, Fukuoka, Japan","Moji, Fukuoka, Japan",,0.00,0.8,+0.02,1000,0.50,N,1128,harmonics_ticon4_worldwide.txt,harmonics_utide_observations.txt,
"Kiritimati (Christmas Island), Kiribati","Kiritimati, Kiribati",,0.00,1.1,+0.03,1000,1.00,N,1155,harmonics_ticon4_worldwide.txt,harmonics_utide_tidetables.txt,
"Malin Head - Portmore Pier, Ireland","Malin Head, Ireland",,0.00,1.1,-0.03,1000,1.00,N,1401,harmonics_utide_observations.txt,harmonics_utide_observations.txt,
"Bergh Cove, British Columbia, Canada","Quatsino Village, British Columbia, Canada",,0.00,1.2,+0.00,1000,0.50,N,247,harmonics_utide_tidetables.txt,harmonics-2004-06-14_mod.txt,
"Liverpool (Gladstone Dock), England, United Kingdom","Liverpool, Gladstone Dock, England, United Kingdom",,0.00,1.3,+0.00,1000,1.00,N,1336,harmonics_ticon4_worldwide.txt,harmonics_utide_observations.txt,
"Punta Quilla (Puerto Santa Cruz), Santa Cruz, Argentina","Punta Quilla, Santa Cruz, Argentina",,0.00,1.4,+0.05,1000,1.00,N,2072,harmonics_utide_tidetables.txt,harmonics-1997-05-25_mod.txt,
"Higgins Island, British Columbia, Canada","Higgins Passage, British Columbia, Canada",,0.00,1.4,+0.00,999,0.75,N,922,harmonics-2004-06-14_mod.txt,harmonics_utide_tidetables.txt,
"Head of Uchucklesit, British Columbia, Canada","Uchucklesit Inlet, British Columbia (3), Canada",,0.00,1.5,-0.02,1000,0.60,N,2666,harmonics_utide_tidetables.txt,harmonics-2004-06-14_mod.txt,
"Henslung Cove, British Columbia, Canada","Solide Passage, British Columbia, Canada",,0.00,1.5,+0.02,1000,0.50,N,564,harmonics_utide_tidetables.txt,harmonics-2004-06-14_mod.txt,
"Drury Entrance, British Columbia, Canada","Stuart Narrows, British Columbia, Canada",,0.00,1.5,+0.03,1000,0.50,N,631,harmonics-2004-06-14_mod.txt,harmonics_utide_tidetables.txt,
"Cockatoo Island, Western Australia, Australia","Yampi Sound, Western Australia, Australia",,0.00,1.5,+0.00,1000,0.50,N,2797,harmonics_utide_tidetables.txt,harmonics-2004-06-14_mod.txt,
"Gingolx, British Columbia, Canada","Kincolith, British Columbia, Canada",,0.00,1.8,-0.03,1000,0.67,N,1151,harmonics_utide_tidetables.txt,harmonics-2004-06-14_mod.txt,
"Preedy Harbour, British Columbia, Canada","Telegraph Harbour, British Columbia, Canada",,0.00,2.1,+0.07,999,0.75,N,2534,harmonics_utide_tidetables.txt,harmonics-2004-06-14_mod.txt,
"Lobos De Afuera, Peru","Lobos de Afuera, Peru",,0.00,2.2,-0.10,1000,1.00,N,1339,harmonics_ticon4_worldwide.txt,harmonics_utide_observations.txt,
"Dadens, British Columbia, Canada","Solide Passage, British Columbia, Canada",,0.00,2.3,-0.03,998,0.67,N,564,harmonics-2004-06-14_mod.txt,harmonics-2004-06-14_mod.txt,
"Dadens, British Columbia, Canada","Henslung Cove, British Columbia, Canada",,0.00,2.4,-0.05,998,0.67,N,564,harmonics-2004-06-14_mod.txt,harmonics_utide_tidetables.txt,
"Dipper Harbour West, New Brunswick, Canada","West Dipper Harbour, New Brunswick, Canada",,0.00,2.5,+0.07,998,1.00,N,609,harmonics-2004-06-14_mod.txt,harmonics_utide_tidetables.txt,
"Luderitz Bay, Namibia","Luderitz, Namibia",,0.00,2.6,+0.12,1000,1.00,N,1377,harmonics_ticon4_worldwide.txt,harmonics_utide_observations.txt,
"Tubuai, Austral Islands, French Polynesia (1)","Tubuai, Austral Islands, French Polynesia (3)",,0.00,2.6,+0.12,1000,1.00,N,2646,harmonics_ticon4_worldwide.txt,harmonics_ticon4_worldwide.txt,
"Haysport, British Columbia, Canada","Port Essington, British Columbia, Canada",,0.00,2.9,-0.02,999,0.67,N,1934,harmonics_utide_tidetables.txt,harmonics-2004-06-14_mod.txt,
"St. Mary's (Isles of Scilly), England, United Kingdom","St. Mary's, England, United Kingdom",,0.00,3.4,+0.02,998,1.00,N,2414,harmonics_utide_observations.txt,harmonics_utide_tidetables.txt,
"Brooksby Point, British Columbia, Canada","Uchucklesit Inlet, British Columbia, Canada",,0.00,3.4,+0.08,1000,0.50,N,2667,harmonics_utide_tidetables.txt,harmonics-2004-06-14_mod.txt,
"Godfrey Point, British Columbia, Canada","Seabreeze Point, British Columbia, Canada",,0.00,3.6,+0.05,993,0.75,N,799,harmonics-2004-06-14_mod.txt,harmonics_utide_tidetables.txt,
"Claxton, British Columbia, Canada","Klaxton Creek, British Columbia, Canada",,0.00,3.7,-0.05,998,0.67,N,1165,harmonics_utide_tidetables.txt,harmonics-2004-06-14_mod.txt,
"Bulbinbeg, Ireland","Malin Head, Ireland",,0.00,5.4,+0.12,1000,0.00,N,1401,harmonics_utide_tidetables.txt,harmonics_utide_observations.txt,
"Porto de Leixoes (Matosinhos), Portugal","Porto de Leixões (Matosinhos), Portugal",,0.00,6.2,+0.12,1000,1.00,N,2007,harmonics_utide_observations.txt,harmonics_noaa_eutt.txt,
"Bulbinbeg, Ireland","Malin Head - Portmore Pier, Ireland",,0.00,6.3,+0.13,1000,0.00,N,1401,harmonics_utide_tidetables.txt,harmonics_utide_observations.txt,
"Luderitz Bay, Namibia","Lüderitz, Namibia",,0.00,6.8,-0.17,996,1.00,N,1377,harmonics_ticon4_worldwide.txt,harmonics_att_np208_secondary.txt,
"Bugatti Reef, Queensland, Australia","Whitetip Reef Rear, Queensland, Australia",,0.00,7.3,+0.33,998,0.67,N,317,harmonics-2004-06-14_mod.txt,harmonics_utide_tidetables.txt,
"Bolama, Guinea-Bissau","Porto de Bolama, Guinea-Bissau",,0.00,7.8,+0.03,984,1.00,N,281,harmonics_utide_tidetables.txt,harmonics_noaa_eutt.txt,
"St. Helier, Bailiwick of Jersey, Channel Islands","St. Helier, Jersey, Channel Islands",,0.00,7.8,-0.07,998,1.00,N,2402,harmonics_noaa_eutt.txt,harmonics_utide_observations.txt,
"Port Navalo, Morbihan entrance, France","Port-Navalo, France",,0.00,8.5,-0.07,1000,1.00,N,1992,harmonics_noaa_eutt.txt,harmonics_utide_tidetables.txt,
"Grande-Île (Îles Chausey), France","Îles Chausey, France",,0.00,8.6,+0.10,997,1.00,N,820,harmonics_utide_tidetables.txt,harmonics_noaa_eutt.txt,
"Luderitz, Namibia","Lüderitz, Namibia",,0.00,8.9,-0.28,996,1.00,N,1377,harmonics_utide_observations.txt,harmonics_att_np208_secondary.txt,
"Hachijoshima(konominato), Tokyo, Japan","Kaminato Hakuchi, Hachijo Jima, Tokyo, Japan",,0.00,9.0,+0.22,1000,0.33,N,1090,harmonics_utide_observations.txt,harmonics_noaa_cptt.txt,
"IJGeul, 1, Netherlands","IJmuiden Stroommeetpaal, Netherlands",,0.00,9.4,+0.42,1000,0.00,N,980,harmonics_utide_observations.txt,harmonics_ticon4_worldwide.txt,
"Maasmond Stroommeetpaal, Netherlands","Maasmond, stroommeetpaal, Netherlands",,0.00,9.6,-0.42,1000,1.00,N,1379,harmonics_ticon4_worldwide.txt,harmonics_utide_observations.txt,
"Île d'Aix, France","Île-d'Aix, France",,0.01,0.2,+0.00,1000,1.00,N,2845,harmonics_utide_tidetables.txt,harmonics_ticon4_worldwide.txt,
"Sonora, Nova Scotia, Canada","Sonora, St. Mary River, Nova Scotia, Canada",,0.01,0.7,+0.00,1000,1.00,N,2381,harmonics_utide_tidetables.txt,harmonics-2004-06-14_mod.txt,
"Stornoway (Isle of Lewis), Scotland, United Kingdom","Stornoway (Isle of Lewis), Scotland, United Kingdom (2)",,0.01,1.2,-0.02,1000,1.00,N,2431,harmonics_utide_observations.txt,harmonics_utide_observations.txt,
"Kimmirut (Lake Harbour), Nunavut, Canada","Kimmirut, Nunavut, Canada",,0.01,1.6,-0.07,1000,1.00,N,1150,harmonics_ticon4_worldwide.txt,harmonics_utide_tidetables.txt,
"Tubuai, Austral Islands, French Polynesia (2)","Tubuai, Austral Islands, French Polynesia (3)",,0.01,2.6,+0.12,1000,1.00,N,2646,harmonics_ticon4_worldwide.txt,harmonics_ticon4_worldwide.txt,
"Andoany (Hellville), Madagascar","Andoany / Hell-Ville (Nosy Be), Madagascar",,0.01,3.5,+0.15,1000,0.50,N,51,harmonics_att_np203_secondary.txt,harmonics_utide_observations.txt,
"Immingham (Humberside), England, United Kingdom","Immingham, England, United Kingdom",,0.01,3.7,-0.12,999,1.00,N,1001,harmonics_utide_observations.txt,harmonics_utide_tidetables.txt,
"Point Danger (Snapper Rocks), New South Wales, Australia","Snapper Rocks, Queensland, Australia",,0.01,3.7,-0.07,998,0.67,N,1881,harmonics-2004-06-14_mod.txt,harmonics_utide_tidetables.txt,
"Avonmouth (Port of Bristol), England, United Kingdom","Port Of Bristol (Avonmouth), England, United Kingdom",,0.01,4.4,-0.17,996,1.00,N,111,harmonics_utide_observations.txt,harmonics_utide_tidetables.txt,
"Les Sables d'Olonne, France","Les Sables-d'Olonne, France",,0.02,0.1,+0.00,1000,1.00,N,1312,harmonics_utide_tidetables.txt,harmonics_utide_observations.txt,
"Swim Point, Nova Scotia, Canada","Swims Point, Nova Scotia, Canada",,0.02,0.6,+0.00,1000,0.75,N,502,harmonics-2004-06-14_mod.txt,harmonics_utide_tidetables.txt,
"Digby, Annapolis Basin, Nova Scotia, Canada","Digby, Nova Scotia, Canada",,0.02,2.5,+0.10,1000,1.00,N,603,harmonics_ticon4_worldwide.txt,harmonics_utide_tidetables.txt,
"Vardø, Norway","Vardøya, Norway",,0.02,6.5,+0.00,1000,1.00,N,2697,harmonics_utide_observations.txt,harmonics_noaa_eutt.txt,
"Puerto Peñasco (Puerto), Sonora, Mexico","Puerto Peñasco, Sonora, Mexico",,0.03,0.0,+0.00,1000,1.00,N,2035,harmonics-2004-06-14_mod.txt,harmonics-2004-06-14_mod.txt,
"Kishiwada, Osaka, Japan","Kisiwada, Osaka, Japan",,0.03,0.0,+0.00,1000,0.50,N,1159,harmonics_utide_observations.txt,harmonics-2004-06-14_mod.txt,
"Hachijoshima(yaene), Tokyo, Japan","Yaene (Hatizyo Sima), Tokyo, Japan",,0.03,1.5,+0.00,1000,0.67,N,2790,harmonics_utide_observations.txt,harmonics-2004-06-14_mod.txt,
"Boutilier Point, Nova Scotia, Canada","Boutiliers Point, Nova Scotia, Canada",,0.03,2.2,-0.02,998,0.75,N,293,harmonics_ticon4_worldwide.txt,harmonics_utide_tidetables.txt,
"Culloden Wharf, Nova Scotia, Canada","Culloden, Nova Scotia, Canada",,0.04,1.0,+0.03,1000,1.00,N,553,harmonics-2004-06-14_mod.txt,harmonics_utide_tidetables.txt,
"Havre Aubert (Amherst), Québec, Canada","Havre-Aubert, Québec, Canada",,0.09,0.5,+0.00,1000,1.00,N,906,harmonics-2004-06-14_mod.txt,harmonics_utide_tidetables.txt,
"Alotau (Milne Bay), Papua New Guinea","Alotau, Papua New Guinea",,0.09,5.6,-0.02,998,1.00,N,38,harmonics_utide_tidetables.txt,harmonics_utide_observations.txt,
"Makwaziniht Island, British Columbia, Canada","Makwazniht Island, British Columbia, Canada",,0.13,0.4,+0.02,1000,0.75,N,1393,harmonics-2004-06-14_mod.txt,harmonics_utide_tidetables.txt,
"Shimotsu Ura, Osaki Wan, Wakayama, Japan","Shimotsu, Wakayama, Japan",,0.17,8.1,-0.08,999,1.00,N,2330,harmonics_noaa_cptt.txt,harmonics_utide_observations.txt,
"Rochers Noirs - Tubuai, French Polynesia","Tubuai, Austral Islands, French Polynesia (1)",,0.20,0.2,+0.00,1000,0.33,N,2646,harmonics_utide_tidetables.txt,harmonics_ticon4_worldwide.txt,
"Rochers Noirs - Tubuai, French Polynesia","Tubuai, Austral Islands, French Polynesia (2)",,0.20,0.2,+0.00,1000,0.33,N,2646,harmonics_utide_tidetables.txt,harmonics_ticon4_worldwide.txt,
"Rochers Noirs - Tubuai, French Polynesia","Tubuai, Austral Islands, French Polynesia (3)",,0.21,2.6,+0.10,1000,0.33,N,2646,harmonics_utide_tidetables.txt,harmonics_ticon4_worldwide.txt,
"Eastport, Maine (2) (expired 1988-12-31)","Eastport, Passamaquoddy Bay, Maine",,0.22,0.9,+0.00,1000,1.00,N,661,harmonics-2004-06-14_mod.txt,harmonics-dwf-20251228-free.txt,
"Aohama, Fukuoka, Japan","Aohama, Kyushu, Fukuoka, Japan",,0.23,9.2,+0.17,999,1.00,N,68,harmonics_utide_observations.txt,harmonics_noaa_cptt.txt,
"Kochi, Kochi, Japan","Urado Ko, Kochi, Japan",,0.25,9.0,-0.08,996,1.00,N,2682,harmonics_utide_observations.txt,harmonics_noaa_cptt.txt,
"Bénodet (L'Odet), France","Bénodet, Odet River, France",,0.26,8.3,+0.05,1000,0.50,N,348,harmonics_utide_tidetables.txt,harmonics_noaa_eutt.txt,
"Braye Bay, Alderney, Channel Islands","Braye, Alderney, Channel Islands",,0.29,5.4,-0.13,998,1.00,N,300,harmonics_utide_tidetables.txt,harmonics_utide_tidetables.txt,
"Isla Observatorio, Tierra del Fuego, Argentina","Islas de Año Nuevo (Isla Observatorio), Tierra del Fuego, Argentina",,0.31,3.3,-0.02,1000,1.00,N,1024,harmonics_att_np207.txt,harmonics_utide_tidetables.txt,
"Le Palais (Belle-Île), France","Le Palais, Belle-Île, France",,0.31,7.4,+0.07,1000,1.00,N,1297,harmonics_utide_tidetables.txt,harmonics_noaa_eutt.txt,
"Tyne River entrance, England, United Kingdom","Tynemouth Lighthouse, England, United Kingdom",,0.32,6.7,-0.02,1000,0.33,N,2657,harmonics_noaa_eutt.txt,harmonics-pierre-lavergne-v10_mod.txt,
"Caleta Lobitos, Peru","Lobitos, Piura, Peru",,0.32,8.7,-0.22,1000,0.50,N,373,harmonics_noaa_amtt.txt,harmonics_utide_tidetables.txt,
"Belfast (Lagan Weir), Northern Ireland, United Kingdom","Belfast, Northern Ireland, United Kingdom",,0.35,9.3,+0.17,999,1.00,N,230,harmonics_utide_tidetables.txt,harmonics_noaa_eutt.txt,
"Cua Cam Approaches (Hon Dau), Vietnam","Hon Dau, Vietnam",,0.36,2.8,+0.03,1000,1.00,N,548,harmonics_att_np203_scs.txt,harmonics_utide_observations.txt,
"Eastport, Maine (2) (expired 1988-12-31)","Eastport, Maine (3)",,0.39,2.0,+0.05,998,1.00,N,661,harmonics-2004-06-14_mod.txt,harmonics-2004-06-14_mod.txt,
"Hiroshima Ko (Ujina Ko), Hiroshima, Japan","Hiroshima, Hiroshima, Japan",,0.39,8.4,-0.17,1000,1.00,N,940,harmonics_noaa_cptt.txt,harmonics_utide_observations.txt,
"Hofu, Yamaguchi, Japan","Mitajiri Ko, Yamaguchi, Japan",,0.41,8.0,+0.08,999,0.50,N,945,harmonics_ticon4_worldwide.txt,harmonics_noaa_cptt.txt,
"Ei (Awaji-shima), Hyogo, Japan","Ei, Awaji, Hyogo, Japan",,0.41,9.1,+0.03,999,1.00,N,665,harmonics_utide_observations.txt,harmonics_noaa_cptt.txt,
"Daajing Giids, British Columbia, Canada","Skidegate Inlet, British Columbia, Canada",,0.42,6.9,+0.00,1000,0.50,N,2374,harmonics_utide_tidetables.txt,harmonics_noaa_amtt.txt,
"Enseada de Sines, Portugal","Sines, Portugal",,0.43,8.3,+0.20,1000,1.00,N,680,harmonics_noaa_eutt.txt,harmonics_utide_observations.txt,
"Hantsport, Nova Scotia (2), Canada","Hantsport, Nova Scotia, Canada",,0.47,0.7,+0.00,1000,1.00,N,893,harmonics-2004-06-14_mod.txt,harmonics_utide_tidetables.txt,
"Hofu (Mitajiri), Yamaguchi, Japan","Mitajiri Ko, Yamaguchi, Japan",,0.47,8.0,+0.08,999,0.67,N,945,harmonics_utide_observations.txt,harmonics_noaa_cptt.txt,
"Base Prat (Bahía Chile, Isla Greenwich), Chile","Puerto Soberania, South Shetland Islands, Antarctica",,0.49,4.9,-0.03,1000,0.00,N,610,harmonics_utide_tidetables.txt,harmonics_ticon4_worldwide.txt,
"Shoreham (River Adur), England, United Kingdom","Shoreham (River Adur), England, United Kingdom",,0.49,9.5,+0.07,974,0.50,N,2349,harmonics_utide_tidetables.txt,harmonics_noaa_eutt.txt,
"Hofu (Mitajiri), Yamaguchi, Japan","Hofu, Yamaguchi, Japan",,0.50,0.4,+0.02,1000,1.00,N,945,harmonics_utide_observations.txt,harmonics_ticon4_worldwide.txt,
"Eastport, Maine (3)","Eastport, Passamaquoddy Bay, Maine",,0.51,1.8,-0.03,999,1.00,N,661,harmonics-2004-06-14_mod.txt,harmonics-dwf-20251228-free.txt,
"Clayoquot, British Columbia, Canada","Tofino, British Columbia, Canada",,0.52,4.4,-0.10,1000,0.67,N,504,harmonics_noaa_amtt.txt,harmonics_utide_tidetables.txt,
"Humpback Bay, British Columbia, Canada","Porcher Island, British Columbia, Canada",,0.52,7.1,+0.08,999,0.50,N,1906,harmonics_utide_tidetables.txt,harmonics_noaa_amtt.txt,
"Nazaré (Baía de Pederneira), Portugal","Nazaré, Portugal",,0.53,8.5,+0.18,1000,1.00,N,1623,harmonics_noaa_eutt.txt,harmonics_utide_observations.txt,
"Bintulu, Malaysia","Teluk Plan (Pelabuhan Bintulu), Malaysia",,0.54,2.4,-0.02,998,1.00,N,2547,harmonics_ticon4_worldwide.txt,harmonics_att_np203_scs.txt,
"Baie de Lampaul (Île d'Ouessant), France","Île d'Ouessant, France",,0.54,7.3,+0.05,1000,1.00,N,147,harmonics_utide_tidetables.txt,harmonics_noaa_eutt.txt,
"Hachijoshima(konominato), Tokyo, Japan","Kaminato (Hatizyo Sima), Tokyo, Japan",,0.55,0.3,+0.00,1000,0.33,N,1090,harmonics_utide_observations.txt,harmonics_ticon4_worldwide.txt,
"Saint-Jean-de-Luz (Socoa), France","St. Jean de Luz (Socoa), France",,0.55,7.2,-0.13,1000,0.80,GN,2404,harmonics_utide_observations.txt,harmonics_noaa_eutt.txt,
"Kaminato (Hatizyo Sima), Tokyo, Japan","Kaminato Hakuchi, Hachijo Jima, Tokyo, Japan",,0.55,8.9,+0.23,1000,0.50,N,1090,harmonics_ticon4_worldwide.txt,harmonics_noaa_cptt.txt,
"Imabari, Ehime, Japan","Imabari, Kurushima Kaikyo, Ehime, Japan",,0.56,7.3,+0.10,1000,1.00,N,1000,harmonics_utide_observations.txt,harmonics_noaa_cptt.txt,
"Beaver Passage, British Columbia, Canada","Kitkatla, British Columbia, Canada",,0.57,7.0,-0.05,1000,0.67,N,220,harmonics_noaa_amtt.txt,harmonics_utide_tidetables.txt,
"Nootka Sound, British Columbia, Canada","Saavedra Islands, British Columbia, Canada",,0.59,3.6,+0.00,999,0.50,N,1662,harmonics_noaa_amtt.txt,harmonics_utide_tidetables.txt,
"Cordouan, France","Phare de Cordouan, France",,0.60,0.1,+0.00,1000,1.00,N,1862,harmonics_utide_tidetables.txt,harmonics-pierre-lavergne-v10_mod.txt,
"Newlyn, England, United Kingdom","Penzance (Newlyn), England, United Kingdom",,0.60,9.4,+0.13,987,1.00,N,1855,harmonics_utide_observations.txt,harmonics_noaa_eutt.txt,
"Do Son, Vietnam","Hon Dau, Vietnam",,0.64,2.7,+0.00,1000,0.00,N,548,harmonics-1997-05-25_mod.txt,harmonics_utide_observations.txt,
"Port Renfrew, British Columbia, Canada","Port San Juan, British Columbia, Canada",,0.64,4.9,+0.12,994,0.75,N,1973,harmonics_utide_tidetables.txt,harmonics_noaa_amtt.txt,
"Eno Ura, Shizuoka, Japan","Uchiura, Shizuoka, Japan",,0.64,8.8,+0.10,998,0.50,N,678,harmonics_noaa_cptt.txt,harmonics_utide_observations.txt,
"Huacho, Lima, Peru","Huacho, Peru",,0.65,9.4,+0.08,1000,1.00,N,968,harmonics_utide_tidetables.txt,harmonics_noaa_amtt.txt,
"Bahía Huarmey, Peru","Huarmey, Ancash, Peru",,0.65,9.9,-0.05,1000,0.50,N,137,harmonics_noaa_amtt.txt,harmonics_utide_tidetables.txt,
"Le Havre (Marégraphe), France","Le Havre (Quai de la Marine), France",,0.66,0.7,-0.02,1000,0.67,N,1293,harmonics_utide_observations.txt,harmonics_utide_observations.txt,
"Bergh Cove, British Columbia, Canada","Bergh Cove, Quatsino Sound, British Columbia, Canada",,0.66,4.1,+0.07,1000,1.00,N,247,harmonics_utide_tidetables.txt,harmonics_noaa_amtt.txt,
"Bergh Cove, Quatsino Sound, British Columbia, Canada","Quatsino Village, British Columbia, Canada",,0.66,4.5,-0.08,999,0.75,N,247,harmonics_noaa_amtt.txt,harmonics-2004-06-14_mod.txt,
"Uwajima Ko, Ehime, Japan","Uwajima, Ehime, Japan",,0.69,10.0,+0.17,981,1.00,N,2691,harmonics_noaa_cptt.txt,harmonics_utide_observations.txt,
"Franklin River, British Columbia, Canada","Sproat Narrows, British Columbia, Canada",,0.71,1.6,-0.08,999,0.50,N,744,harmonics_utide_tidetables.txt,harmonics-2004-06-14_mod.txt,
"Port Louis, France","Port-Louis (Locmalo), France",,0.71,9.5,-0.07,1000,1.00,N,1990,harmonics_noaa_eutt.txt,harmonics_utide_tidetables.txt,
"Penfret (Îles de Glénan), France","Île de Penfret, France",,0.76,8.1,+0.00,1000,0.67,N,1851,harmonics_utide_tidetables.txt,harmonics_noaa_eutt.txt,
"Monbetsu Byochi, Hokkaido, Japan","Monbetsu, Hokkaido, Japan",,0.81,6.7,-0.17,987,1.00,N,1520,harmonics_noaa_cptt.txt,harmonics_utide_observations.txt,
"Île de Molène, France","Île-Molène, France",,0.81,7.4,-0.15,1000,1.00,N,2851,harmonics_noaa_eutt.txt,harmonics-pierre-lavergne-v10_mod.txt,
"Île Molène, France","Île de Molène, France",,0.81,7.5,+0.15,1000,1.00,N,2851,harmonics_utide_tidetables.txt,harmonics_noaa_eutt.txt,
"Kannoura Ko, Kochi, Japan","Kannoura, Kochi, Japan",,0.83,9.2,+0.05,995,1.00,N,1099,harmonics_noaa_cptt.txt,harmonics_utide_observations.txt,
"Ominato Ko, Mutsu Kaiwan, Aomori, Japan","Ominato, Aomori, Japan",,0.83,10.0,+0.05,992,1.00,N,1728,harmonics_noaa_cptt.txt,harmonics_utide_observations.txt,
"La Trinité, Crac'h River, France","La Trinité-sur-Mer, France",,0.84,8.5,-0.08,1000,0.50,N,1256,harmonics_noaa_eutt.txt,harmonics_utide_tidetables.txt,
"Tago Minato, Shizuoka, Japan","Tago, Shizuoka, Japan",,0.84,8.9,-0.07,1000,1.00,N,2475,harmonics_noaa_cptt.txt,harmonics_utide_observations.txt,
"Base Carlini (Caleta Potter, Isla 25 de Mayo), Antártida Argentina, Argentina","Dallmann, Antártida Argentina, Argentina",,0.85,0.8,+0.00,1000,0.67,N,573,harmonics_utide_tidetables.txt,harmonics_utide_observations.txt,
"Bantam, Cocos Islands, Western Australia, Australia","Port Refuge, Western Australia, Australia",,0.85,1.4,+0.02,1000,0.50,N,1966,harmonics_utide_observations.txt,harmonics_att_np203_scs.txt,
"Carantec, Château du Taureau, France","Morlaix River entrance, France",,0.85,8.3,+0.13,999,0.00,N,432,harmonics_utide_tidetables.txt,harmonics_noaa_eutt.txt,
"Gono Ura, Iki Shima, Nagasaki, Japan","Gonoura, Nagasaki, Japan",,0.85,9.2,+0.15,999,0.50,N,805,harmonics_noaa_cptt.txt,harmonics_utide_observations.txt,
"Stornoway (Isle of Lewis), Scotland, United Kingdom (2)","Stornoway, Scotland, United Kingdom",,0.86,6.9,+0.03,999,1.00,N,2431,harmonics_utide_observations.txt,harmonics_noaa_eutt.txt,
"Kagoshima Ko, Kagoshima Kaiwan, Kagoshima, Japan","Kagoshima, Kagoshima, Japan",,0.86,9.1,+0.08,993,1.00,N,1076,harmonics_noaa_cptt.txt,harmonics_utide_observations.txt,
"Qui Nhon, Vietnam","Quy Nhon (Phuong Mai), Vietnam",,0.87,0.1,+0.00,1000,0.50,N,2094,harmonics_utide_observations.txt,harmonics_ticon4_worldwide.txt,
"Quy Nhon (Phuong Mai), Vietnam","Quy Nhon (Thi Nai Port), Vietnam",,0.87,0.1,+0.00,1000,0.50,N,2094,harmonics_ticon4_worldwide.txt,harmonics_ticon4_worldwide.txt,
"Stornoway (Isle of Lewis), Scotland, United Kingdom","Stornoway, Scotland, United Kingdom",,0.87,6.5,+0.03,999,1.00,N,2431,harmonics_utide_observations.txt,harmonics_noaa_eutt.txt,
"Saint-Martin-de-Ré (Île de Ré), France","St. Martin, Île de Ré, France",,0.89,7.7,-0.03,1000,0.80,N,2192,harmonics_utide_tidetables.txt,harmonics_noaa_eutt.txt,
"Ube Ko, Yamaguchi, Japan","Ube, Yamaguchi, Japan",,0.89,8.9,-0.13,999,1.00,N,2664,harmonics_noaa_cptt.txt,harmonics_utide_observations.txt,
"L'Aber Benoît entrance, France","L'Aber Benoît, France",,0.90,8.9,-0.13,1000,1.00,N,1241,harmonics_noaa_eutt.txt,harmonics_utide_tidetables.txt,
"Port Dickson, Malaysia","Port Dickson, Malaysia (2)",,0.92,1.7,-0.02,1000,1.00,N,1932,harmonics-1997-05-25_mod.txt,harmonics_utide_tidetables.txt,
"Benoa, Bali, Indonesia","Benoa, Indonesia",,0.92,3.4,-0.18,1000,1.00,N,241,harmonics_utide_observations.txt,harmonics_att_np203_scs.txt,
"Nemuro Ko, Hokkaido, Japan","Nemuro, Hokkaido, Japan",,0.92,9.2,-0.12,997,1.00,N,1630,harmonics_noaa_cptt.txt,harmonics_utide_observations.txt,
"Snapper Rocks, Queensland, Australia","Tweed River, New South Wales, Australia",,0.93,7.8,-0.13,994,0.00,N,1881,harmonics_utide_tidetables.txt,harmonics-2004-06-14_mod.txt,
"Pembina Terminal, British Columbia, Canada","Port Edward, British Columbia, Canada",,0.94,1.2,-0.02,1000,0.50,N,1850,harmonics_utide_tidetables.txt,harmonics_utide_tidetables.txt,
"Point Danger (Snapper Rocks), New South Wales, Australia","Tweed River, New South Wales, Australia",,0.94,6.3,-0.20,999,0.60,N,1881,harmonics-2004-06-14_mod.txt,harmonics-2004-06-14_mod.txt,
"Odomari Wan, Kagoshima, Japan","Odomari, Kagoshima, Japan",,0.95,9.4,+0.07,992,1.00,N,1702,harmonics_noaa_cptt.txt,harmonics_utide_observations.txt,
"Héaux-de-Bréhat, France","Les Héaux-de-Bréhat, France",,0.96,7.9,+0.00,998,1.00,N,1310,harmonics_noaa_eutt.txt,harmonics_utide_tidetables.txt,
"La Pallice, France","La Rochelle - La Pallice, France",,0.96,8.9,+0.07,1000,1.00,N,1254,harmonics_noaa_eutt.txt,harmonics_utide_observations.txt,
"Saint-Gilles-Croix-de-Vie, France","St. Gilles sur Vie, France",,0.96,9.5,+0.15,1000,0.50,N,2189,harmonics_utide_tidetables.txt,harmonics_noaa_eutt.txt,
"Saint-Laurent-de-l'Île-d'Orléans, Québec, Canada","St. Laurent d' Orleans, Québec, Canada",,0.98,8.2,+0.02,1000,0.40,N,2410,harmonics_utide_tidetables.txt,harmonics_noaa_amtt.txt,
"Saint-Malo, France","St. Malo, France",,0.98,8.5,+0.08,998,0.50,N,2412,harmonics_utide_tidetables.txt,harmonics_noaa_eutt.txt,
"Uragami, Wakayama, Japan","Urakami Ko, Wakayama, Japan",,0.98,9.5,+0.07,1000,0.50,N,2683,harmonics_utide_observations.txt,harmonics_noaa_cptt.txt,
"Saint Peter Port, Guernsey, Channel Islands","St. Peter Port, Guernsey Island, Channel Islands",,0.99,7.4,+0.02,998,0.75,N,2184,harmonics_utide_tidetables.txt,harmonics_noaa_eutt.txt,
"Cua Cam Approaches (Hon Dau), Vietnam","Do Son, Vietnam",,1.00,0.8,+0.03,1000,0.00,N,548,harmonics_att_np203_scs.txt,harmonics-1997-05-25_mod.txt,
"Omaezaki, Shizuoka, Japan","Omai Saki, Shizuoka, Japan",,1.05,8.8,+0.18,1000,0.50,N,1725,harmonics_utide_observations.txt,harmonics_noaa_cptt.txt,
"Kushiro Ko, Hokkaido, Japan","Kushiro, Hokkaido, Japan",,1.06,8.9,+0.22,997,1.00,N,1229,harmonics_noaa_cptt.txt,harmonics_utide_observations.txt,
"River Tees (Teesmouth), England, United Kingdom","River Tees (Teesmouth), England, United Kingdom",,1.07,8.4,+0.00,1000,0.75,N,2147,harmonics_utide_tidetables.txt,harmonics_noaa_eutt.txt,
"Aburatsubo, Kanagawa, Japan","Moroiso, Kanagawa, Japan",,1.12,4.9,-0.13,998,0.50,N,1530,harmonics_utide_observations.txt,harmonics-2004-06-14_mod.txt,
"Caleta La Misión, Tierra del Fuego, Argentina","Caleta la Misión, Tierra del Fuego, Argentina",,1.16,2.7,-0.02,1000,1.00,N,376,harmonics_utide_tidetables.txt,harmonics_att_np207.txt,
"Nagasaki (Matsugae), Nagasaki, Japan","Nagasaki (Mizunoura), Nagasaki, Japan",,1.16,7.3,-0.05,998,0.50,N,1592,harmonics_utide_observations.txt,harmonics-2004-06-14_mod.txt,
"Kushimoto, Fukuro Ko, Wakayama, Japan","Kushimoto, Wakayama, Japan",,1.18,8.5,-0.02,999,1.00,N,1228,harmonics_noaa_cptt.txt,harmonics_utide_observations.txt,
"Lorient (Port de commerce), France","Lorient, France",,1.20,8.8,+0.07,1000,1.00,N,1356,harmonics_utide_tidetables.txt,harmonics_noaa_eutt.txt,
"Bitung (Lembeh Strait), Sulawesi, Indonesia","Bitung, Indonesia",,1.23,4.2,-0.17,997,1.00,N,268,harmonics_utide_observations.txt,harmonics_att_np203_scs.txt,
"Rothesay (Bute), Scotland, United Kingdom","Rothesay Bay, Firth of Clyde, Scotland, United Kingdom",,1.26,9.9,+0.13,998,0.67,N,2161,harmonics_utide_tidetables.txt,harmonics_noaa_eutt.txt,
"Shimoda Ko, Shizuoka, Japan","Shimoda, Shizuoka, Japan",,1.27,8.6,-0.12,1000,1.00,N,2329,harmonics_noaa_cptt.txt,harmonics_utide_observations.txt,
"Kuchinotsu Wan, Nagasaki, Japan","Kuchinotsu, Nagasaki, Japan",,1.27,9.6,+0.10,999,1.00,N,1214,harmonics_noaa_cptt.txt,harmonics_utide_observations.txt,
"Clarks Harbour, Nova Scotia, Canada","Swim Point, Nova Scotia, Canada",,1.29,2.5,-0.05,1000,0.50,N,502,harmonics_utide_tidetables.txt,harmonics-2004-06-14_mod.txt,
"Clarks Harbour, Nova Scotia, Canada","Swims Point, Nova Scotia, Canada",,1.29,2.8,-0.03,1000,0.50,N,502,harmonics_utide_tidetables.txt,harmonics_utide_tidetables.txt,
"Areia Branca (Salineiro Terminal), Rio Grande do Norte, Brazil","Areia Branca (Terminal Salineiro), Rio Grande do Norte, Brazil",,1.31,1.8,+0.03,999,1.00,N,83,harmonics_att_np207.txt,harmonics_utide_tidetables.txt,
"Zorritos, Peru","Zorritos, Tumbes, Peru",,1.32,7.4,-0.13,1000,1.00,N,2840,harmonics_noaa_amtt.txt,harmonics_utide_tidetables.txt,
"Miyako (Kuwagasaki), Iwate, Japan","Miyako Ko, Iwate, Japan",,1.32,8.5,-0.17,1000,0.67,N,1505,harmonics_utide_observations.txt,harmonics_noaa_cptt.txt,
"Hyder, Portland Canal, Alaska","Stewart, British Columbia, Canada",,1.35,0.5,+0.00,1000,0.00,N,976,harmonics-dwf-20251228-free.txt,harmonics_utide_tidetables.txt,
"Kazi-Ga-Hana, Fukuoka, Japan","Moji, Fukuoka, Japan",,1.36,2.9,+0.02,1000,0.50,N,1128,harmonics-2004-06-14_mod.txt,harmonics_utide_observations.txt,
"Kazi-Ga-Hana, Fukuoka, Japan","Miojin Hana, Fukuoka, Japan",,1.36,3.6,+0.02,999,0.67,N,1128,harmonics-2004-06-14_mod.txt,harmonics_ticon4_worldwide.txt,
"Tobermory (Island of Mull), Scotland, United Kingdom","Tobermory, Sound of Mull, Scotland, United Kingdom",,1.37,8.6,+0.00,973,0.80,N,2586,harmonics_utide_observations.txt,harmonics_noaa_eutt.txt,
"Scrabster (Thurso), Scotland, United Kingdom","Thurso, Scotland, United Kingdom",,1.38,7.9,-0.10,995,0.50,N,2277,harmonics_utide_tidetables.txt,harmonics_noaa_eutt.txt,
"Harumi, Tokyo, Japan","Tsukiji, Tokyo, Japan",,1.39,5.4,-0.32,1000,0.50,N,2642,harmonics_utide_observations.txt,harmonics-2004-06-14_mod.txt,
"Komatsushima Ko, Tokushima, Japan","Komatushima, Tokushima, Japan",,1.40,8.9,-0.15,1000,0.50,N,1176,harmonics_noaa_cptt.txt,harmonics_utide_observations.txt,
"Cardiff, Wales, United Kingdom","Penarth, Wales, United Kingdom",,1.44,4.9,+0.13,998,0.50,N,435,harmonics_utide_tidetables.txt,harmonics_utide_observations.txt,
"Cap Ferret, Bassin d'Arcachon, France","Cap Ferret, France",,1.46,5.9,-0.10,1000,1.00,N,399,harmonics_noaa_eutt.txt,harmonics_utide_tidetables.txt,
"Barrow (Ramsden Dock), England, United Kingdom","Barrow-in-Furness (Ramsden Dock), England, United Kingdom",,1.46,7.4,-0.10,1000,1.00,N,194,harmonics_noaa_eutt.txt,harmonics_utide_tidetables.txt,
"Entrée rivière d'Étel, France","Port d'Étel, France",,1.50,7.0,-0.28,1000,0.50,N,1982,harmonics_utide_tidetables.txt,harmonics_utide_tidetables.txt,
"Port Of Bristol (Avonmouth), England, United Kingdom","Portbury, England, United Kingdom",,1.52,4.8,+0.15,999,0.50,N,111,harmonics_utide_tidetables.txt,harmonics_utide_observations.txt,
"Himeji (Shikama), Hyogo, Japan","Shikama Ko, Hyogo, Japan",,1.52,7.7,+0.30,1000,0.67,N,2326,harmonics_utide_observations.txt,harmonics_noaa_cptt.txt,
"Avonmouth (Port of Bristol), England, United Kingdom","Portbury, England, United Kingdom",,1.53,1.1,+0.00,998,0.50,N,111,harmonics_utide_observations.txt,harmonics_utide_observations.txt,
"IJmuiden Zuidelijk Havenhoofd, Netherlands","IJmuiden, buitenhaven, Netherlands",,1.54,1.3,-0.02,1000,0.50,N,981,harmonics_ticon4_worldwide.txt,harmonics_utide_observations.txt,
"Tachibana Ura, Tokushima, Japan","Tachibana, Tokushima, Japan",,1.54,9.8,-0.10,1000,1.00,N,2468,harmonics_noaa_cptt.txt,harmonics_utide_observations.txt,
"Kogo, Nagasaki, Japan","Megami, Nagasaki, Japan",,1.55,6.6,-0.02,1000,0.50,N,1458,harmonics_utide_observations.txt,harmonics-2004-06-14_mod.txt,
"Abashiri Byochi, Hokkaido, Japan","Abashiri, Hokkaido, Japan",,1.56,4.0,+0.18,1000,1.00,N,2,harmonics_noaa_cptt.txt,harmonics_utide_observations.txt,
"Estuaire-de-la-Saint-Charles, Québec, Canada","Vieux-Québec, Québec, Canada",,1.57,1.7,+0.03,1000,0.50,N,692,harmonics_ticon4_worldwide.txt,harmonics_utide_tidetables.txt,
"Dendermonde Afwaarts DVW, Belgium","Dendermonde, Belgium",,1.57,5.9,+0.15,1000,1.00,N,593,harmonics_utide_observations.txt,harmonics_utide_observations.txt,
"Porto de Itaqui, Maranhão, Brazil","Terminal da Ponta da Madeira, Maranhão, Brazil",,1.59,2.7,+0.03,999,0.25,N,2558,harmonics_utide_tidetables.txt,harmonics_utide_tidetables.txt,
"Base Prat (Bahía Chile, Isla Greenwich), Chile","Discovery Bay, Antarctica",,1.60,5.3,+0.03,999,0.00,N,610,harmonics_utide_tidetables.txt,harmonics_att_np207.txt,
"Clachnaharry, Scotland, United Kingdom","Inverness, Scotland, United Kingdom",,1.61,6.9,-0.25,996,0.50,N,1013,harmonics_utide_observations.txt,harmonics_utide_tidetables.txt,
"Hoek van Holland, Maeslantkering, Beneden, noord, Netherlands","Scheurhaven, Netherlands",,1.62,4.7,+0.12,999,0.00,N,944,harmonics_utide_observations.txt,harmonics_utide_observations.txt,
"Casey Cove, British Columbia, Canada","Fairview Terminal, British Columbia, Canada",,1.63,0.9,-0.03,1000,0.50,N,444,harmonics_utide_tidetables.txt,harmonics_utide_tidetables.txt,
"Chichijima, Tokyo, Japan","Futami Ko, Ogasawara Gunto, Tokyo, Japan",,1.63,6.9,+0.10,1000,0.50,N,764,harmonics_utide_observations.txt,harmonics_noaa_cptt.txt,
"Chichijima, Tokyo, Japan (2)","Futami Ko, Ogasawara Gunto, Tokyo, Japan",,1.63,7.0,+0.10,999,0.50,N,764,harmonics_ticon4_worldwide.txt,harmonics_noaa_cptt.txt,
"L'Aber Wrac'h (Fort Cézon), France","L'Aber Wrac'h, France",,1.64,7.5,-0.02,1000,1.00,N,1243,harmonics_noaa_eutt.txt,harmonics_utide_tidetables.txt,
"Boucau-Bayonne, France","Le Boucau, Adour River, France",,1.68,6.3,-0.03,1000,0.50,N,1290,harmonics_utide_observations.txt,harmonics_noaa_eutt.txt,
"Hukuro Ura (Minamata), Kumamoto, Japan","Minamata, Kumamoto, Japan",,1.70,6.8,+0.10,1000,1.00,N,970,harmonics-2004-06-14_mod.txt,harmonics_utide_observations.txt,
"Discovery Bay, Antarctica","Puerto Soberania, South Shetland Islands, Antarctica",,1.73,2.2,-0.07,1000,0.00,N,610,harmonics_att_np207.txt,harmonics_ticon4_worldwide.txt,
"Camaret, France","Camaret-sur-Mer, France",,1.78,7.7,+0.07,1000,1.00,N,383,harmonics_noaa_eutt.txt,harmonics_utide_tidetables.txt,
"Cobh, Ireland","Ringaskiddy (NMCI), Ireland",,1.79,7.0,+0.17,995,0.00,N,509,harmonics_utide_tidetables.txt,harmonics_ticon4_worldwide.txt,
"Arzon (Port Crouesty), France","Port-Navalo, France",,1.81,5.5,-0.18,1000,0.50,N,1992,harmonics_utide_observations.txt,harmonics_utide_tidetables.txt,
"Arzon (Port Crouesty), France","Port Navalo, Morbihan entrance, France",,1.81,8.8,-0.13,1000,0.33,N,1992,harmonics_utide_observations.txt,harmonics_noaa_eutt.txt,
"Auckland, Auckland, New Zealand","Westhaven Inlet, New Zealand",,1.83,4.2,+0.15,999,0.00,N,103,harmonics_utide_observations.txt,harmonics_utide_tidetables.txt,
"Auckland, New Zealand","Westhaven Inlet, New Zealand",,1.83,4.3,+0.15,999,0.00,N,103,harmonics_ticon4_worldwide.txt,harmonics_utide_tidetables.txt,
"Southend Pier, Thames River, England, United Kingdom","Southend-on-Sea, England, United Kingdom",,1.83,8.3,-0.07,1000,0.50,N,2389,harmonics_noaa_eutt.txt,harmonics_utide_tidetables.txt,
"Saint-Jean-de-Luz (Ciboure), France","Saint-Jean-de-Luz (Socoa), France",,1.84,1.7,+0.07,1000,0.80,GN,2404,harmonics_utide_observations.txt,harmonics_utide_observations.txt,
"Henshima, Kochi, Japan","Katasima (Sukumo Wan), Kochi, Japan",,1.85,6.2,+0.08,1000,0.50,N,1119,harmonics_utide_observations.txt,harmonics-2004-06-14_mod.txt,
"Portland Roads, Queensland, Australia","Rocky Island, Queensland, Australia",,1.85,6.9,-0.02,981,0.33,N,1999,harmonics-2004-06-14_mod.txt,harmonics_utide_tidetables.txt,
"Isla Neny, Antarctica","Stonington, Antarctica",,1.86,2.7,-0.03,999,0.00,N,2430,harmonics-1997-05-25_mod.txt,harmonics_att_np207.txt,
"Chibaminato, Chiba, Japan","Samugawa, Chiba, Japan",,1.91,3.2,-0.03,999,0.50,N,2213,harmonics_utide_observations.txt,harmonics-2004-06-14_mod.txt,
"Brentwood Bay, British Columbia, Canada","Tod Inlet, British Columbia, Canada",,1.91,3.7,+0.13,1000,0.50,N,2590,harmonics_utide_tidetables.txt,harmonics-2004-06-14_mod.txt,
"Miyazu, Kyoto, Japan","Shiizaki, Kyoto, Japan",,1.95,7.8,-0.15,1000,0.50,N,2324,harmonics_utide_observations.txt,harmonics-2004-06-14_mod.txt,
"Kuji Wan, Iwate, Japan","Kuji, Iwate, Japan",,1.97,8.7,+0.03,999,1.00,N,1217,harmonics_noaa_cptt.txt,harmonics_utide_observations.txt,
"Katanohara (Katahara), Aichi, Japan","Suzaki, Aichi, Japan",,1.98,5.9,+0.02,999,0.50,N,2458,harmonics_utide_observations.txt,harmonics-2004-06-14_mod.txt,
"Penmarc'h, France","Saint-Guénolé (Pointe de Penmarch), France",,1.98,8.6,+0.02,999,0.00,N,2190,harmonics_noaa_eutt.txt,harmonics_utide_tidetables.txt,
"Fromentine (La Barre-de-Monts), France","Fromentine, France",,2.22,8.8,-0.02,1000,1.00,GN,751,harmonics_utide_observations.txt,harmonics_noaa_eutt.txt,
"Bayonne (Pont Blanc), France","Bayonne (Pont Grenet), France",,2.24,7.0,+0.30,999,0.67,G,209,harmonics_utide_observations.txt,harmonics_utide_observations.txt,
"Corral, Bahía Corral, Chile","Corral, Chile",,2.27,7.0,-0.02,999,1.00,G,531,harmonics_noaa_amtt.txt,harmonics_utide_tidetables.txt,
"Trepassey Harbour, Newfoundland, Canada","Trepassey, Newfoundland, Canada",,2.28,9.0,+0.15,996,1.00,GN,2617,harmonics_noaa_amtt.txt,harmonics_utide_tidetables.txt,
"Saint-Jean-de-Luz (Ciboure), France","St. Jean de Luz (Socoa), France",,2.30,6.7,-0.07,1000,0.60,GN,2404,harmonics_utide_observations.txt,harmonics_noaa_eutt.txt,
"Bayovar, Peru","Bayóvar, Piura, Peru",,2.38,10.0,-0.18,1000,1.00,G,212,harmonics_noaa_amtt.txt,harmonics_utide_tidetables.txt,
"Itozaki (Mihara), Hiroshima, Japan","Itozaki, Hiroshima, Japan",,2.41,3.6,-0.13,999,1.00,G,1032,harmonics_utide_observations.txt,harmonics-2004-06-14_mod.txt,
"Ambon, Indonesia","Ambon, Maluku, Indonesia",,2.62,3.6,+0.12,996,1.00,GN,41,harmonics_att_np203_scs.txt,harmonics_utide_observations.txt,
