name,datei_a,rms_a_cm,datei_b,rms_b_cm,hub_m
"Abashiri, Hokkaido, Japan",harmonics_ticon4_worldwide.txt,3.0,harmonics_utide_observations.txt,1.1,1.63
"Aberdeen, Scotland, United Kingdom",harmonics_utide_observations.txt,4.1,harmonics_ticon4_worldwide.txt,4.0,4.65
"Aburatsu, Miyazaki, Japan",harmonics_ticon4_worldwide.txt,2.8,harmonics_utide_observations.txt,1.1,2.45
"Acajutla, El Salvador",harmonics_utide_observations.txt,8.3,harmonics_ticon4_worldwide.txt,7.7,2.59
"Agadir, Morocco",harmonics_att_np208.txt,7.6,harmonics-1997-05-25_mod.txt,7.1,3.03
"Airstrip Point, Nunavut, Canada",harmonics-2004-06-14_mod.txt,2.2,harmonics_utide_tidetables.txt,1.9,1.40
"Akabane, Aichi, Japan",harmonics_ticon4_worldwide.txt,2.4,harmonics_utide_observations.txt,1.8,2.14
"Akita, Akita, Japan",harmonics_ticon4_worldwide.txt,1.5,harmonics_utide_observations.txt,1.3,0.61
"Ako (Miyakeshima), Tokyo, Japan",harmonics_ticon4_worldwide.txt,3.8,harmonics_utide_observations.txt,2.6,1.80
"Akune, Kagoshima, Japan",harmonics_ticon4_worldwide.txt,3.2,harmonics_utide_observations.txt,1.0,3.44
"Amagasaki, Hyogo, Japan",harmonics-2004-06-14_mod.txt,3.3,harmonics_utide_observations.txt,1.3,2.13
"Ambleside, British Columbia, Canada",harmonics_utide_tidetables.txt,6.0,harmonics_utide_observations.txt,6.0,4.75
"Andenes, Norway",harmonics_noaa_eutt.txt,17.9,harmonics_ticon4_worldwide.txt,15.5,2.38
"Andenes, Norway",harmonics_utide_observations.txt,16.3,harmonics_ticon4_worldwide.txt,15.5,2.38
"Andoany / Hell-Ville (Nosy Be), Madagascar",harmonics_utide_observations.txt,6.2,harmonics-1997-05-25_mod.txt,5.3,4.24
"Anewa Bay, North Solomons, Papua New Guinea",harmonics-2004-06-14_mod.txt,7.4,harmonics_ticon4_worldwide.txt,7.3,1.71
"Aohama, Fukuoka, Japan",harmonics_ticon4_worldwide.txt,3.6,harmonics_utide_observations.txt,1.6,4.36
"Aomori, Aomori, Japan",harmonics_ticon4_worldwide.txt,1.5,harmonics_utide_observations.txt,1.1,0.93
"Aracaju (Capitania dos Portos), Sergipe, Brazil",harmonics_att_np207.txt,3.0,harmonics_utide_tidetables.txt,2.5,2.20
"Arcachon (Jetée d'Eyrac), France",harmonics_utide_tidetables.txt,16.0,harmonics_utide_observations.txt,14.2,4.60
"Argentia, Newfoundland, Canada",harmonics_utide_observations.txt,2.8,harmonics_utide_tidetables.txt,2.0,2.15
"Arica, Chile",harmonics_noaa_amtt.txt,9.1,harmonics_ticon4_worldwide.txt,8.0,1.37
"Arzon (Port Crouesty), France",harmonics_ticon4_worldwide.txt,14.7,harmonics_utide_observations.txt,14.4,5.49
"Asamushi, Aomori, Japan",harmonics_ticon4_worldwide.txt,1.6,harmonics_utide_observations.txt,0.8,0.92
"Point Atkinson, British Columbia, Canada",harmonics_utide_observations.txt,4.4,harmonics_utide_tidetables.txt,3.7,4.71
"Sandy Cove, British Columbia, Canada",harmonics_utide_observations.txt,4.4,harmonics_utide_tidetables.txt,3.6,4.71
"Atkinson Point, Northwest Territories, Canada",harmonics-2004-06-14_mod.txt,1.0,harmonics_utide_tidetables.txt,0.9,0.67
"Audierne, France",harmonics_ticon4_worldwide.txt,14.4,harmonics_utide_observations.txt,14.3,5.22
"Awase, Okinawa, Japan",harmonics_ticon4_worldwide.txt,2.4,harmonics_utide_observations.txt,1.3,2.60
"Awashima, Niigata, Japan",harmonics_ticon4_worldwide.txt,1.0,harmonics_utide_observations.txt,0.8,0.61
"Awayuki, Tokushima, Japan",harmonics_ticon4_worldwide.txt,2.3,harmonics_utide_observations.txt,1.5,2.24
"Ayukawa, Miyagi, Japan",harmonics_ticon4_worldwide.txt,3.1,harmonics_utide_observations.txt,1.8,1.78
"Azama, Okinawa, Japan",harmonics_ticon4_worldwide.txt,2.6,harmonics_utide_observations.txt,1.1,2.56
"Bahía Cumberland (Isla Robinson Crusoe, Juan Fernández), Chile",harmonics_ticon4_worldwide.txt,4.3,harmonics_utide_tidetables.txt,3.6,1.44
"Baie de Lampaul (Île d'Ouessant), France",harmonics-pierre-lavergne-v10_mod.txt,7.0,harmonics_utide_tidetables.txt,5.7,6.87
"Balboa, Panama",harmonics_utide_observations.txt,11.5,harmonics_ticon4_worldwide.txt,9.1,6.18
"Bamfield, British Columbia, Canada",harmonics_utide_observations.txt,3.1,harmonics_utide_tidetables.txt,2.5,3.84
"Bangor, Northern Ireland, United Kingdom",harmonics_utide_observations.txt,5.7,harmonics_ticon4_worldwide.txt,4.7,3.61
"Barmouth, Wales, United Kingdom",harmonics_ticon4_worldwide.txt,8.2,harmonics_utide_observations.txt,8.1,5.23
"Barrington Passage, Nova Scotia, Canada",harmonics-2004-06-14_mod.txt,3.7,harmonics_utide_tidetables.txt,2.7,2.39
"Bathurst Harbour, New Brunswick, Canada",harmonics-2004-06-14_mod.txt,2.1,harmonics_utide_tidetables.txt,1.7,2.29
"Batiscan, Québec, Canada",harmonics_ticon4_worldwide.txt,17.8,harmonics_utide_tidetables.txt,14.8,1.49
"Becancour, Québec, Canada",harmonics_ticon4_worldwide.txt,19.2,harmonics_utide_tidetables.txt,16.5,1.09
"Bedford Institute, Nova Scotia, Canada",harmonics_utide_observations.txt,2.3,harmonics_ticon4_worldwide.txt,2.3,2.04
"Bedford Institute, Nova Scotia, Canada",harmonics_utide_tidetables.txt,4.4,harmonics_ticon4_worldwide.txt,2.3,2.04
"Bell Island, Newfoundland, Canada",harmonics-2004-06-14_mod.txt,1.4,harmonics_utide_tidetables.txt,1.1,1.35
"Bella Bella, British Columbia, Canada",harmonics_utide_observations.txt,5.0,harmonics_utide_tidetables.txt,3.3,5.11
"Belle Isle (Black Joke Cove), Newfoundland, Canada",harmonics-2004-06-14_mod.txt,1.6,harmonics_utide_tidetables.txt,1.2,1.31
"Belledune, New Brunswick, Canada",harmonics_utide_observations.txt,3.1,harmonics_utide_tidetables.txt,1.8,2.45
"Belleoram, Newfoundland, Canada",harmonics-2004-06-14_mod.txt,2.5,harmonics_utide_tidetables.txt,1.8,2.06
"Benoa, Bali, Indonesia",harmonics_utide_observations.txt,12.2,harmonics_ticon4_worldwide.txt,11.9,3.19
"Beppu, Oita, Japan",harmonics_ticon4_worldwide.txt,2.8,harmonics_utide_observations.txt,1.5,2.73
"Bergen, Norway",harmonics_utide_observations.txt,14.3,harmonics_ticon4_worldwide.txt,14.2,1.77
"Blandford, Nova Scotia, Canada",harmonics_utide_tidetables.txt,4.2,harmonics-2004-06-14_mod.txt,3.4,1.99
"Bluff, Southland, New Zealand",harmonics-2004-06-14_mod.txt,14.5,harmonics_utide_observations.txt,13.8,2.65
"Bluff, Southland, New Zealand",harmonics_ticon4_worldwide.txt,14.0,harmonics_utide_observations.txt,13.8,2.65
"Bodø, Norway",harmonics_utide_observations.txt,17.6,harmonics_ticon4_worldwide.txt,16.9,3.29
"Bonavista, Newfoundland, Canada",harmonics_utide_observations.txt,1.8,harmonics_utide_tidetables.txt,1.0,1.23
"Braye Bay, Alderney, Channel Islands",harmonics_utide_tidetables.txt,15.2,harmonics-pierre-lavergne-v10_mod.txt,13.5,6.40
"Bremen-Oslebshausen (Weser), Germany",harmonics-dwf-20070318_mod.txt,36.3,harmonics_utide_observations.txt,34.9,5.09
"Bremerhaven (Alter Leuchtturm), Germany",harmonics_ticon4_worldwide.txt,38.0,harmonics_utide_observations.txt,35.7,4.75
"Brest (Estuaire Penfeld), France",harmonics-pierre-lavergne-v10_mod.txt,15.9,harmonics_utide_observations.txt,14.7,6.97
"Brighton, England, United Kingdom",harmonics_ticon4_worldwide.txt,10.1,harmonics_utide_observations.txt,9.7,6.69
"Brisbane Bar, Queensland, Australia",harmonics_ticon4_worldwide.txt,8.6,harmonics_utide_observations.txt,8.2,2.56
"Brunsbüttel (Elbe), Germany",harmonics_ticon4_worldwide.txt,41.4,harmonics_utide_observations.txt,39.2,3.57
"Bullenbaai, Curaçao",harmonics_ticon4_worldwide.txt,5.2,harmonics_utide_observations.txt,5.2,0.59
"Bundaberg (Burnett Heads), Queensland, Australia",harmonics_utide_tidetables.txt,7.8,harmonics_utide_observations.txt,7.2,3.48
"Bunker Island Light, Nova Scotia, Canada",harmonics_utide_tidetables.txt,6.8,harmonics-2004-06-14_mod.txt,5.7,4.70
"Bunker Island Wharf, Nova Scotia, Canada",harmonics_utide_tidetables.txt,7.9,harmonics-2004-06-14_mod.txt,6.4,4.70
"Burnt Church, New Brunswick, Canada",harmonics-2004-06-14_mod.txt,1.8,harmonics_utide_tidetables.txt,1.3,1.53
"Bénodet (L'Odet), France",harmonics_ticon4_worldwide.txt,4.5,harmonics_utide_tidetables.txt,4.0,5.12
"Cabedelo (Porto), Paraíba, Brazil",harmonics_att_np207.txt,3.5,harmonics_utide_tidetables.txt,1.8,2.64
"Cabo San Lucas, Baja California Sur, Mexico",harmonics_ticon4_worldwide.txt,5.4,harmonics_utide_observations.txt,5.3,2.08
"Cabot Point, Labrador, Canada",harmonics-2004-06-14_mod.txt,0.9,harmonics_utide_tidetables.txt,0.7,0.60
"Calamity Point, British Columbia, Canada",harmonics_utide_observations.txt,7.7,harmonics_utide_tidetables.txt,5.8,4.75
"Callao (La Punta), Peru",harmonics_ticon4_worldwide.txt,5.3,harmonics_utide_observations.txt,5.3,1.14
"Camaret-sur-Mer, France",harmonics-pierre-lavergne-v10_mod.txt,8.1,harmonics_utide_tidetables.txt,6.3,6.57
"Cambridge Narrows, New Brunswick, Canada",harmonics_utide_tidetables.txt,1.1,harmonics-2004-06-14_mod.txt,0.8,0.37
"Campbell River, British Columbia, Canada",harmonics_utide_observations.txt,7.6,harmonics_utide_tidetables.txt,7.6,4.06
"Canso Harbour, Nova Scotia, Canada",harmonics_utide_tidetables.txt,3.3,harmonics-2004-06-14_mod.txt,2.4,1.69
"Cape Aldrich, Nunavut, Canada",harmonics-2004-06-14_mod.txt,0.5,harmonics_utide_tidetables.txt,0.3,0.46
"Cape Dalhousie, Northwest Territories, Canada",harmonics-2004-06-14_mod.txt,1.2,harmonics_utide_tidetables.txt,1.1,0.73
"Cape Jack, Nova Scotia, Canada",harmonics-2004-06-14_mod.txt,2.2,harmonics_utide_tidetables.txt,2.1,1.35
"Cape Parry, Northwest Territories, Canada",harmonics_utide_tidetables.txt,0.8,harmonics-2004-06-14_mod.txt,0.5,0.49
"Cape Town, South Africa",harmonics_ticon4_worldwide.txt,9.2,harmonics_utide_observations.txt,9.2,1.85
"Carantec, Château du Taureau, France",harmonics-pierre-lavergne-v10_mod.txt,10.3,harmonics_utide_tidetables.txt,8.6,9.11
"Caraquet, New Brunswick, Canada",harmonics-2004-06-14_mod.txt,1.7,harmonics_utide_tidetables.txt,1.2,2.04
"Caravalla Cove, Labrador, Canada",harmonics_utide_tidetables.txt,0.9,harmonics-2004-06-14_mod.txt,0.9,0.74
"Carmanville, Newfoundland, Canada",harmonics-2004-06-14_mod.txt,1.5,harmonics_utide_tidetables.txt,0.9,1.30
"Champlain, Québec, Canada",harmonics_ticon4_worldwide.txt,17.7,harmonics_utide_tidetables.txt,16.0,1.24
"Charlottetown, Prince Edward Island, Canada",harmonics_utide_observations.txt,3.9,harmonics_utide_tidetables.txt,2.4,2.75
"Cherbourg-en-Cotentin, France",harmonics_ticon4_worldwide.txt,14.7,harmonics_utide_observations.txt,13.9,6.55
"Cheticamp, Nova Scotia, Canada",harmonics-2004-06-14_mod.txt,1.8,harmonics_utide_tidetables.txt,1.7,1.18
"Chiba Light, Chiba, Japan",harmonics_ticon4_worldwide.txt,3.1,harmonics_utide_observations.txt,1.4,2.29
"Chichijima (Futami Ko), Tokyo, Japan",harmonics_ticon4_worldwide.txt,1.9,harmonics_utide_observations.txt,1.3,1.46
"Chichijima (Futami Ko), Tokyo, Japan",harmonics_ticon4_worldwide.txt,1.9,harmonics_utide_observations.txt,1.3,1.46
"Chofu (Shimonoseki), Yamaguchi, Japan",harmonics_ticon4_worldwide.txt,3.5,harmonics_utide_observations.txt,1.4,4.41
"Choshi Gyoko, Chiba, Japan",harmonics-2004-06-14_mod.txt,2.9,harmonics_utide_observations.txt,0.8,1.80
"Choshi Gyoko, Chiba, Japan",harmonics_ticon4_worldwide.txt,2.9,harmonics_utide_observations.txt,0.8,1.80
"Christmas Island, Australia",harmonics_att_np203_scs.txt,11.1,harmonics_utide_observations.txt,9.3,1.53
"Clarenville, Newfoundland, Canada",harmonics-2004-06-14_mod.txt,1.6,harmonics_utide_tidetables.txt,1.1,1.29
"Clarks Harbour, Nova Scotia, Canada",harmonics_utide_tidetables.txt,9.4,harmonics-2004-06-14_mod.txt,9.2,3.08
"Tofino, British Columbia, Canada",harmonics_utide_observations.txt,3.9,harmonics_utide_tidetables.txt,2.5,3.86
"Indian Harbour, Nova Scotia, Canada",harmonics-2004-06-14_mod.txt,7.0,harmonics-2004-06-14_mod.txt,6.3,1.78
"Cliff Cove, Nova Scotia, Canada",harmonics_utide_tidetables.txt,7.2,harmonics-2004-06-14_mod.txt,6.3,1.78
"Conakry, Guinea",harmonics_att_np208.txt,10.0,harmonics-1997-05-25_mod.txt,7.7,3.68
"Coquimbo, Chile",harmonics_noaa_amtt.txt,8.1,harmonics-1997-05-25_mod.txt,5.3,1.72
"Cormorant (underwater), New Brunswick, Canada",harmonics-2004-06-14_mod.txt,1.8,harmonics_utide_tidetables.txt,1.2,1.57
"Corner Brook, Newfoundland, Canada",harmonics-2004-06-14_mod.txt,1.7,harmonics_utide_tidetables.txt,1.2,1.96
"Couteau Bay, Newfoundland, Canada",harmonics-2004-06-14_mod.txt,1.7,harmonics_utide_tidetables.txt,1.3,1.82
"Cromer, England, United Kingdom",harmonics_utide_observations.txt,9.2,harmonics_ticon4_worldwide.txt,6.7,5.57
"Cuxhaven (Steubenhöft), Germany",harmonics-dwf-20070318_mod.txt,37.1,harmonics_utide_observations.txt,35.6,4.17
"Henslung Cove, British Columbia, Canada",harmonics_utide_observations.txt,4.0,harmonics_utide_tidetables.txt,3.2,4.84
"Dark Cove, Newfoundland, Canada",harmonics-2004-06-14_mod.txt,1.9,harmonics_utide_tidetables.txt,1.0,1.35
"Darrell Bay, British Columbia, Canada",harmonics_utide_observations.txt,5.7,harmonics_utide_tidetables.txt,3.5,4.78
"Davao, Philippines",harmonics_utide_observations.txt,8.8,harmonics_ticon4_worldwide.txt,8.7,2.30
"Deal, England, United Kingdom",harmonics_ticon4_worldwide.txt,11.1,harmonics_literature.txt,10.3,6.34
"Deal, England, United Kingdom",harmonics_utide_observations.txt,10.6,harmonics_literature.txt,10.3,6.34
"Deschaillons-sur-Saint-Laurent, Québec, Canada",harmonics_utide_observations.txt,19.8,harmonics_utide_tidetables.txt,17.7,2.30
"Deshimatsu, Yamaguchi, Japan",harmonics_utide_observations.txt,13.5,harmonics_ticon4_worldwide.txt,13.1,2.54
"Digges Harbour, Nunavut, Canada",harmonics_utide_tidetables.txt,5.5,harmonics-2004-06-14_mod.txt,5.4,3.13
"Douala (Cameroon River), Cameroon",harmonics_att_np208.txt,15.0,harmonics-1997-05-25_mod.txt,14.8,2.61
"Dunkerque, France",harmonics_noaa_eutt.txt,41.0,harmonics_utide_observations.txt,19.4,5.99
"Durban, South Africa",harmonics_utide_observations.txt,8.9,harmonics_ticon4_worldwide.txt,8.7,2.16
"East Quoddy Head, New Brunswick, Canada",harmonics-2004-06-14_mod.txt,6.2,harmonics_utide_tidetables.txt,5.9,6.78
"Eastmain River, Québec, Canada",harmonics-2004-06-14_mod.txt,1.4,harmonics_utide_tidetables.txt,0.7,1.01
"Eider-Sperrwerk (Binnenpegel), Germany",harmonics_ticon4_worldwide.txt,49.7,harmonics_utide_observations.txt,49.2,3.05
"El Porvenir, Panama",harmonics_utide_observations.txt,4.6,harmonics_ticon4_worldwide.txt,4.2,0.60
"Emden (Neue Seeschleuse), Germany",harmonics-dwf-20070318_mod.txt,35.6,harmonics_utide_observations.txt,33.8,4.48
"Uchiura, Shizuoka, Japan",harmonics_ticon4_worldwide.txt,2.5,harmonics_utide_observations.txt,1.1,1.92
"Esashi (Hiyama), Hokkaido, Japan",harmonics_ticon4_worldwide.txt,1.7,harmonics_utide_observations.txt,1.0,0.66
"Esashi, Hokkaido, Japan",harmonics_ticon4_worldwide.txt,2.5,harmonics_utide_observations.txt,1.4,1.26
"Esbjerg, Denmark",harmonics_ticon4_worldwide.txt,44.0,harmonics_utide_observations.txt,43.5,2.35
"Esperanza (Hope Bay, Antarctica), Antártida Argentina, Argentina",harmonics_ticon4_worldwide.txt,12.9,harmonics_utide_observations.txt,12.8,3.50
"Fairview Terminal, British Columbia, Canada",harmonics_utide_observations.txt,6.2,harmonics_utide_tidetables.txt,4.8,6.99
"Farewell, Newfoundland, Canada",harmonics-2004-06-14_mod.txt,1.5,harmonics_utide_tidetables.txt,1.0,1.44
"Felixstowe, England, United Kingdom",harmonics_utide_observations.txt,7.1,harmonics_ticon4_worldwide.txt,7.1,4.28
"Fermeuse, Newfoundland, Canada",harmonics-2004-06-14_mod.txt,1.7,harmonics_utide_tidetables.txt,1.0,1.53
"Flat Island, Nova Scotia, Canada",harmonics-2004-06-14_mod.txt,6.4,harmonics_utide_tidetables.txt,5.5,3.73
"Flower's Cove, Newfoundland, Canada",harmonics-2004-06-14_mod.txt,1.5,harmonics_utide_tidetables.txt,1.0,1.27
"Ford Harbour, Labrador, Canada",harmonics-2004-06-14_mod.txt,2.1,harmonics_utide_tidetables.txt,1.8,2.34
"Fort Dension, New South Wales, Australia",harmonics_ticon4_worldwide.txt,9.5,harmonics_utide_observations.txt,9.5,1.89
"Fort-de-France, Martinique",harmonics_utide_observations.txt,5.0,harmonics_utide_observations.txt,5.0,0.59
"Fourchu, Nova Scotia, Canada",harmonics-2004-06-14_mod.txt,2.6,harmonics_utide_tidetables.txt,1.8,1.47
"Franklin Bay, Northwest Territories, Canada",harmonics-2004-06-14_mod.txt,0.9,harmonics_utide_tidetables.txt,0.3,0.40
"Fukaura, Aomori, Japan",harmonics_ticon4_worldwide.txt,1.2,harmonics_utide_observations.txt,0.8,0.59
"Fukue (Fukue-jima), Nagasaki, Japan",harmonics_ticon4_worldwide.txt,3.3,harmonics_utide_observations.txt,1.0,3.40
"Fukuoka (Hakata), Fukuoka, Japan",harmonics_ticon4_worldwide.txt,2.6,harmonics_utide_observations.txt,0.9,2.50
"Fukushima (Yoshioka), Hokkaido, Japan",harmonics_ticon4_worldwide.txt,1.9,harmonics_utide_observations.txt,0.4,0.97
"Futo (Ito), Shizuoka, Japan",harmonics_ticon4_worldwide.txt,2.6,harmonics_utide_observations.txt,1.1,1.83
"Gaspé, Québec, Canada",harmonics-2004-06-14_mod.txt,5.8,harmonics-2004-06-14_mod.txt,5.8,1.71
"Gibsons, British Columbia, Canada",harmonics-1997-05-25_mod.txt,5.8,harmonics_utide_tidetables.txt,3.0,4.81
"Gibsons, British Columbia, Canada",harmonics-2004-06-14_mod.txt,5.8,harmonics_utide_tidetables.txt,3.0,4.81
"Gobo, Wakayama, Japan",harmonics_ticon4_worldwide.txt,2.5,harmonics_utide_observations.txt,1.7,2.30
"Gonoura, Nagasaki, Japan",harmonics_ticon4_worldwide.txt,2.5,harmonics_utide_observations.txt,1.2,2.75
"Goodwood River, Prince Edward Island, Canada",harmonics_utide_tidetables.txt,2.0,harmonics-2004-06-14_mod.txt,1.1,1.25
"Gqeberha (Port Elizabeth), South Africa",harmonics_noaa_cptt.txt,14.5,harmonics_utide_observations.txt,12.3,1.77
"Greely Fiord, Nunavut, Canada",harmonics_utide_tidetables.txt,1.4,harmonics-2004-06-14_mod.txt,1.3,0.38
"Grise Fiord, Nunavut, Canada",harmonics-2004-06-14_mod.txt,4.5,harmonics_utide_tidetables.txt,3.2,3.51
"Guantanamo Bay (US Naval Base), Cuba",harmonics_ticon4_worldwide.txt,6.1,harmonics_utide_observations.txt,6.0,0.64
"Gull Island, Newfoundland, Canada",harmonics-2004-06-14_mod.txt,1.3,harmonics_utide_tidetables.txt,1.0,1.43
"Ha Tien, Tien Giang, Vietnam",harmonics_noaa_cptt.txt,16.2,harmonics_utide_tidetables.txt,14.0,1.24
"Hachinohe, Aomori, Japan",harmonics_ticon4_worldwide.txt,2.7,harmonics_utide_observations.txt,0.9,1.67
"Haedomari, Yamaguchi, Japan",harmonics_ticon4_worldwide.txt,1.9,harmonics_utide_observations.txt,1.1,1.88
"Hakodate, Hokkaido, Japan",harmonics_ticon4_worldwide.txt,1.7,harmonics_utide_observations.txt,1.2,1.17
"Halifax, Nova Scotia, Canada",harmonics_ticon4_worldwide.txt,5.6,harmonics_utide_tidetables.txt,4.7,2.02
"Hamada, Shimane, Japan",harmonics_ticon4_worldwide.txt,1.2,harmonics_utide_observations.txt,0.8,0.90
"Hamilton Island, Nunavut, Canada",harmonics-2004-06-14_mod.txt,1.3,harmonics_utide_tidetables.txt,0.5,0.74
"Hammerfest, Norway",harmonics_utide_observations.txt,15.9,harmonics_ticon4_worldwide.txt,15.2,3.23
"Hanasaki, Hokkaido, Japan",harmonics_ticon4_worldwide.txt,2.9,harmonics_utide_observations.txt,1.1,1.80
"Harstad, Norway",harmonics_utide_observations.txt,15.5,harmonics_ticon4_worldwide.txt,14.9,2.64
"Hartley Bay, British Columbia, Canada",harmonics_utide_observations.txt,5.6,harmonics_utide_tidetables.txt,4.0,5.92
"Harwich, England, United Kingdom",harmonics_ticon4_worldwide.txt,8.3,harmonics-dwf-20100529-nonfree_mod.txt,8.2,4.52
"Hashihama, Ehime, Japan",harmonics-2004-06-14_mod.txt,10.4,harmonics_utide_observations.txt,7.7,4.25
"Hastings, England, United Kingdom",harmonics_literature.txt,13.5,harmonics_utide_observations.txt,12.2,8.08
"Hastings, England, United Kingdom",harmonics_ticon4_worldwide.txt,14.3,harmonics_utide_observations.txt,12.2,8.08
"Hatfield Point, New Brunswick, Canada",harmonics_utide_tidetables.txt,1.6,harmonics-2004-06-14_mod.txt,1.6,0.94
"Heimsjøen, Norway",harmonics_utide_observations.txt,16.7,harmonics_ticon4_worldwide.txt,16.1,2.91
"Helgoland, Germany",harmonics-dwf-20070318_mod.txt,32.5,harmonics_utide_observations.txt,30.5,3.48
"Helgoland (Südhafen), Germany",harmonics_utide_observations.txt,30.5,harmonics_utide_observations.txt,30.5,3.48
"Herne Bay, England, United Kingdom",harmonics_literature.txt,11.1,harmonics_utide_observations.txt,10.5,5.44
"Herne Bay, England, United Kingdom",harmonics_ticon4_worldwide.txt,12.0,harmonics_utide_observations.txt,10.5,5.44
"Herschel Island, Yukon, Canada",harmonics-2004-06-14_mod.txt,0.9,harmonics_utide_tidetables.txt,0.9,0.42
"Heysham, England, United Kingdom",harmonics_utide_observations.txt,9.9,harmonics-dwf-20100529-nonfree_mod.txt,8.5,10.14
"Hiagari, Fukuoka, Japan",harmonics-2004-06-14_mod.txt,3.6,harmonics_utide_observations.txt,3.3,2.01
"Owase, Mie, Japan",harmonics_ticon4_worldwide.txt,2.4,harmonics_utide_observations.txt,0.8,2.11
"Hinkley Point, England, United Kingdom",harmonics_ticon4_worldwide.txt,17.1,harmonics_utide_observations.txt,15.1,12.72
"Hirara (Miyakojima), Okinawa, Japan",harmonics_ticon4_worldwide.txt,2.9,harmonics_utide_observations.txt,1.9,2.39
"Hiron Point (Pasur River), Bangladesh",harmonics_ticon4_worldwide.txt,15.6,harmonics_utide_observations.txt,15.3,3.43
"Hiroo (Tokachi), Hokkaido, Japan",harmonics_ticon4_worldwide.txt,2.9,harmonics_utide_observations.txt,1.3,1.63
"Hiroshima, Hiroshima, Japan",harmonics_ticon4_worldwide.txt,4.5,harmonics_utide_observations.txt,1.6,4.19
"Hofu (Mitajiri), Yamaguchi, Japan",harmonics-2004-06-14_mod.txt,3.0,harmonics_utide_observations.txt,1.0,3.82
"Hondoseto, Kumamoto, Japan",harmonics_ticon4_worldwide.txt,3.5,harmonics_utide_observations.txt,1.9,4.07
"Honningsvåg, Norway",harmonics_utide_observations.txt,14.3,harmonics_ticon4_worldwide.txt,13.9,3.25
"Hooper Island, Northwest Territories, Canada",harmonics-2004-06-14_mod.txt,0.9,harmonics_utide_tidetables.txt,0.9,0.51
"Hopedale, Labrador, Canada",harmonics-2004-06-14_mod.txt,2.1,harmonics_utide_tidetables.txt,1.8,2.19
"Hososhima (Hyuga), Miyazaki, Japan",harmonics_ticon4_worldwide.txt,3.1,harmonics_utide_observations.txt,1.1,2.27
"Hörnum (Sylt, Hafen), Germany",harmonics_ticon4_worldwide.txt,34.7,harmonics_utide_observations.txt,33.7,2.82
"Iceberg Point, Nunavut, Canada",harmonics-2004-06-14_mod.txt,0.6,harmonics_utide_tidetables.txt,0.4,0.28
"Ikuji (Kurobe), Toyama, Japan",harmonics-2004-06-14_mod.txt,3.9,harmonics_utide_observations.txt,2.0,0.67
"Ilfracombe, England, United Kingdom",harmonics_ticon4_worldwide.txt,9.6,harmonics_utide_observations.txt,8.5,10.08
"Ilha Fiscal, Rio de Janeiro, Brazil",harmonics_utide_tidetables.txt,16.3,harmonics_utide_observations.txt,15.3,1.44
"Immingham (Humberside), England, United Kingdom",harmonics_ticon4_worldwide.txt,9.6,harmonics-dwf-20100529-nonfree_mod.txt,9.6,7.29
"Immingham (Humberside), England, United Kingdom",harmonics_utide_observations.txt,11.0,harmonics-dwf-20100529-nonfree_mod.txt,9.6,7.29
"Inukjuak, Québec, Canada",harmonics_utide_tidetables.txt,1.1,harmonics-2004-06-14_mod.txt,0.6,0.38
"Iquique, Chile",harmonics_noaa_amtt.txt,7.7,harmonics-1997-05-25_mod.txt,5.8,1.41
"Irozaki, Shizuoka, Japan",harmonics_ticon4_worldwide.txt,2.7,harmonics_utide_observations.txt,1.5,1.98
"Isaacs Harbour, Nova Scotia, Canada",harmonics_utide_tidetables.txt,6.4,harmonics-2004-06-14_mod.txt,6.0,1.85
"Isachsen, Nunavut, Canada",harmonics-2004-06-14_mod.txt,0.7,harmonics_utide_tidetables.txt,0.3,0.37
"Ishigaki, Okinawa, Japan",harmonics_ticon4_worldwide.txt,2.9,harmonics_utide_observations.txt,1.5,2.36
"Ishikari, Hokkaido, Japan",harmonics_ticon4_worldwide.txt,1.7,harmonics_utide_observations.txt,1.4,0.49
"Ishinomaki, Miyagi, Japan",harmonics_ticon4_worldwide.txt,3.2,harmonics_utide_observations.txt,2.0,1.84
"Isle Aux Morts, Newfoundland, Canada",harmonics-2004-06-14_mod.txt,1.7,harmonics_utide_tidetables.txt,1.1,1.59
"Iwanai, Hokkaido, Japan",harmonics_ticon4_worldwide.txt,1.1,harmonics_utide_observations.txt,0.9,0.52
"Izuhara, Nagasaki, Japan",harmonics_ticon4_worldwide.txt,2.2,harmonics_utide_observations.txt,0.9,2.24
"Jackson Bay, New Zealand",harmonics_ticon4_worldwide.txt,12.1,harmonics_utide_observations.txt,12.0,2.56
"Jau-Dignac-et-Loirac (Richard), France",harmonics_ticon4_worldwide.txt,27.7,harmonics_utide_observations.txt,26.1,5.28
"Johnson Point, British Columbia, Canada",harmonics-2004-06-14_mod.txt,41.4,harmonics_utide_tidetables.txt,40.7,3.47
"Johnstown, Nova Scotia, Canada",harmonics_utide_tidetables.txt,1.2,harmonics-2004-06-14_mod.txt,1.0,0.32
"Kabelvåg, Norway",harmonics_utide_observations.txt,17.9,harmonics_ticon4_worldwide.txt,17.1,3.52
"Kagoshima, Kagoshima, Japan",harmonics_ticon4_worldwide.txt,2.3,harmonics_utide_observations.txt,1.0,3.37
"Kainan, Wakayama, Japan",harmonics_ticon4_worldwide.txt,2.9,harmonics_utide_observations.txt,1.1,2.33
"Kamaisi, Iwate, Japan",harmonics_ticon4_worldwide.txt,3.0,harmonics_utide_observations.txt,1.4,1.70
"Kaminato (Hachijo-jima), Tokyo, Japan",harmonics_ticon4_worldwide.txt,5.9,harmonics_utide_observations.txt,4.6,1.75
"Kanazawa, Ishikawa, Japan",harmonics_ticon4_worldwide.txt,1.0,harmonics_utide_observations.txt,0.9,0.67
"Kanda, Fukuoka, Japan",harmonics_ticon4_worldwide.txt,3.5,harmonics_utide_observations.txt,1.5,4.33
"Karatsu, Saga, Japan",harmonics_ticon4_worldwide.txt,2.2,harmonics_utide_observations.txt,1.3,2.64
"Kariya, Saga, Japan",harmonics_ticon4_worldwide.txt,2.9,harmonics_utide_observations.txt,1.2,2.97
"Kashima, Ibaraki, Japan",harmonics_ticon4_worldwide.txt,3.0,harmonics_utide_observations.txt,1.2,1.73
"Kashiwazaki, Niigata, Japan",harmonics_ticon4_worldwide.txt,1.2,harmonics_utide_observations.txt,0.9,0.66
"Katsuura, Chiba, Japan",harmonics_ticon4_worldwide.txt,2.6,harmonics_utide_observations.txt,1.2,1.80
"Kawasaki (Shiohama Unga), Kanagawa, Japan",harmonics_ticon4_worldwide.txt,3.1,harmonics_utide_observations.txt,0.5,2.20
"Kawhia, New Zealand",harmonics_utide_tidetables.txt,31.5,harmonics_noaa_cptt.txt,16.6,3.47
"Kay Point, Yukon, Canada",harmonics-2004-06-14_mod.txt,0.6,harmonics_utide_tidetables.txt,0.4,0.40
"Kimmirut (Lake Harbour), Nunavut, Canada",harmonics_ticon4_worldwide.txt,16.5,harmonics-2004-06-14_mod.txt,13.8,10.65
"Hamanaka (Kiritappu), Hokkaido, Japan",harmonics_ticon4_worldwide.txt,2.5,harmonics_utide_observations.txt,1.7,1.63
"Kitimat, British Columbia, Canada",harmonics_utide_observations.txt,7.0,harmonics_utide_tidetables.txt,4.1,6.14
"Kitsilano, British Columbia, Canada",harmonics_utide_tidetables.txt,12.2,harmonics_utide_observations.txt,11.9,4.70
"Knock (Ems), Germany",harmonics_utide_observations.txt,32.0,harmonics_utide_observations.txt,32.0,4.05
"Knysna, South Africa",harmonics_att_np203_secondary.txt,14.8,harmonics_ticon4_worldwide.txt,14.5,2.04
"Knysna, South Africa",harmonics_noaa_eutt.txt,16.8,harmonics_ticon4_worldwide.txt,14.5,2.04
"Knysna, South Africa",harmonics_utide_observations.txt,14.6,harmonics_ticon4_worldwide.txt,14.5,2.04
"Kobe, Hyogo, Japan",harmonics_ticon4_worldwide.txt,3.7,harmonics_utide_observations.txt,1.2,2.07
"Kogo, Nagasaki, Japan",harmonics_ticon4_worldwide.txt,2.9,harmonics_utide_observations.txt,1.1,3.52
"Komatushima, Tokushima, Japan",harmonics_ticon4_worldwide.txt,2.6,harmonics_utide_observations.txt,1.0,2.21
"Kominato (Amami Oshima), Kagoshima, Japan",harmonics_ticon4_worldwide.txt,2.5,harmonics_utide_observations.txt,1.5,2.60
"Kozushima, Tokyo, Japan",harmonics_ticon4_worldwide.txt,2.9,harmonics_utide_observations.txt,2.1,1.84
"Kristiansund, Norway",harmonics_noaa_eutt.txt,19.4,harmonics_ticon4_worldwide.txt,16.7,2.42
"Kristiansund, Norway",harmonics_utide_observations.txt,17.1,harmonics_ticon4_worldwide.txt,16.7,2.42
"Krubluyak Point, Northwest Territories, Canada",harmonics-2004-06-14_mod.txt,1.1,harmonics_utide_tidetables.txt,0.9,0.85
"KuGompo City (East London), South Africa",harmonics_noaa_cptt.txt,12.5,harmonics_ticon4_worldwide.txt,10.5,1.92
"KuGompo City (East London), South Africa",harmonics_utide_observations.txt,10.8,harmonics_ticon4_worldwide.txt,10.5,1.92
"Kuala Terengganu, Malaysia",harmonics-1997-05-25_mod.txt,9.2,harmonics_utide_tidetables.txt,7.0,2.63
"Kubura (Yonaguni), Okinawa, Japan",harmonics_ticon4_worldwide.txt,2.6,harmonics_utide_observations.txt,1.3,2.29
"Kuchinotsu, Nagasaki, Japan",harmonics_ticon4_worldwide.txt,4.3,harmonics_utide_observations.txt,1.6,4.00
"Kudat (Marudu Bay), Malaysia",harmonics_noaa_cptt.txt,11.6,harmonics_att_np203_scs.txt,11.3,2.19
"Kuji, Iwate, Japan",harmonics_ticon4_worldwide.txt,3.0,harmonics_utide_observations.txt,1.2,1.69
"Kumamoto, Kumamoto, Japan",harmonics_ticon4_worldwide.txt,4.3,harmonics_utide_observations.txt,2.6,5.00
"Kumano (Tanegashima), Kagoshima, Japan",harmonics_ticon4_worldwide.txt,2.7,harmonics_utide_observations.txt,1.4,2.48
"Kure, Hiroshima, Japan",harmonics_ticon4_worldwide.txt,4.6,harmonics_utide_observations.txt,1.8,4.24
"Kure, Kochi, Japan",harmonics_ticon4_worldwide.txt,2.5,harmonics_utide_observations.txt,1.2,2.34
"Kushimoto, Wakayama, Japan",harmonics_ticon4_worldwide.txt,2.5,harmonics_utide_observations.txt,1.3,2.17
"Kushiro, Hokkaido, Japan",harmonics_ticon4_worldwide.txt,3.0,harmonics_utide_observations.txt,1.2,1.66
"Kutsugata (Rishiri-to), Hokkaido, Japan",harmonics_ticon4_worldwide.txt,1.1,harmonics_utide_observations.txt,0.9,0.47
"Kwokwesta Creek, British Columbia, Canada",harmonics_utide_tidetables.txt,11.3,harmonics-2004-06-14_mod.txt,10.8,4.12
"L'Aber Benoît, France",harmonics-pierre-lavergne-v10_mod.txt,7.7,harmonics_utide_tidetables.txt,7.1,7.94
"L'Herbaudière (Île de Noirmoutier), France",harmonics-pierre-lavergne-v10_mod.txt,15.6,harmonics_utide_observations.txt,14.2,5.80
"L'Herbaudière (Île de Noirmoutier), France",harmonics_utide_tidetables.txt,15.1,harmonics_utide_observations.txt,14.2,5.80
"La Paz (Cuarta Zona Naval), Baja California Sur, Mexico",harmonics_ticon4_worldwide.txt,8.4,harmonics_utide_observations.txt,7.9,1.82
"La Trinité-sur-Mer, France",harmonics-pierre-lavergne-v10_mod.txt,6.1,harmonics_utide_tidetables.txt,4.8,5.39
"Lamu, Kenya",harmonics_ticon4_worldwide.txt,6.9,harmonics_utide_observations.txt,6.5,3.75
"Le Havre (Quai de la Marine), France",harmonics_utide_observations.txt,17.7,harmonics_utide_observations.txt,17.4,7.92
"Le Palais (Belle-Île), France",harmonics-pierre-lavergne-v10_mod.txt,5.6,harmonics_utide_tidetables.txt,4.3,5.17
"Le Robert, Martinique",harmonics_ticon4_worldwide.txt,6.0,harmonics_utide_observations.txt,5.3,0.87
"Ledasperrwerk (Unterpegel), Germany",harmonics_ticon4_worldwide.txt,43.1,harmonics_utide_observations.txt,40.6,3.91
"Legaspi, Philippines",harmonics_att_np203_scs.txt,8.9,harmonics_utide_observations.txt,8.1,2.03
"Legaspi, Philippines",harmonics_ticon4_worldwide.txt,8.2,harmonics_utide_observations.txt,8.1,2.03
"Leith, Scotland, United Kingdom",harmonics-1997-05-25_mod.txt,10.2,harmonics_ticon4_worldwide.txt,8.6,6.20
"Leith, England, United Kingdom",harmonics_utide_observations.txt,9.0,harmonics_ticon4_worldwide.txt,8.6,6.20
"Les Sables-d'Olonne, France",harmonics_utide_tidetables.txt,15.1,harmonics_utide_observations.txt,13.8,5.36
"Leslie, Québec, Canada",harmonics-2004-06-14_mod.txt,2.4,harmonics_utide_tidetables.txt,1.2,0.72
"Lewisporte, Newfoundland, Canada",harmonics-2004-06-14_mod.txt,1.3,harmonics_utide_tidetables.txt,1.0,1.48
"Limon, Costa Rica",harmonics_utide_observations.txt,4.3,harmonics_ticon4_worldwide.txt,4.2,0.60
"Little Cornwallis, Nunavut, Canada",harmonics_ticon4_worldwide.txt,2.1,harmonics_utide_tidetables.txt,1.3,1.62
"Llandudno, Wales, United Kingdom",harmonics_ticon4_worldwide.txt,8.0,harmonics_utide_observations.txt,7.2,8.79
"Lombrum, Manus Is., Papua New Guinea",harmonics_utide_observations.txt,4.9,harmonics_ticon4_worldwide.txt,4.9,1.07
"Lomé, Togo",harmonics_att_np208.txt,8.7,harmonics-1997-05-25_mod.txt,8.2,1.83
"London Bridge (Tower Pier), England, United Kingdom",harmonics-1997-05-25_mod.txt,21.3,harmonics_utide_tidetables.txt,20.0,7.62
"Long Island, New Brunswick, Canada",harmonics-2004-06-14_mod.txt,6.7,harmonics_utide_tidetables.txt,6.3,7.46
"Lord Howe Island, Tasman Sea, Australia",harmonics_utide_observations.txt,14.2,harmonics_ticon4_worldwide.txt,13.5,2.30
"Lorient (Port de commerce), France",harmonics-pierre-lavergne-v10_mod.txt,6.3,harmonics_utide_tidetables.txt,4.0,5.04
"Lorne (Louttit Bay), Victoria, Australia",harmonics-2004-06-14_mod.txt,16.0,harmonics_utide_observations.txt,14.0,2.52
"Lowestoft, England, United Kingdom",harmonics_ticon4_worldwide.txt,4.8,harmonics_utide_observations.txt,3.1,2.60
"Lüderitz, Namibia",harmonics_att_np208_secondary.txt,7.9,harmonics_utide_observations.txt,6.2,1.79
"MacDonalds Point, New Brunswick, Canada",harmonics_utide_tidetables.txt,1.1,harmonics-2004-06-14_mod.txt,0.6,0.34
"Madang Harbour, Papua New Guinea",harmonics_ticon4_worldwide.txt,5.7,harmonics_utide_observations.txt,5.1,1.04
"Maisaka (Hamamatsu), Shizuoka, Japan",harmonics_ticon4_worldwide.txt,2.1,harmonics_utide_observations.txt,1.2,1.51
"Maizuru (Higashi Ko), Kyoto, Japan",harmonics_ticon4_worldwide.txt,0.9,harmonics_utide_observations.txt,0.8,0.69
"Makemo Atoll, Tuamotu Archipelago",harmonics_utide_observations.txt,10.1,harmonics_ticon4_worldwide.txt,10.0,0.72
"Makurazaki, Kagoshima, Japan",harmonics_ticon4_worldwide.txt,2.9,harmonics_utide_observations.txt,1.0,3.10
"Malagash, Nova Scotia, Canada",harmonics-2004-06-14_mod.txt,2.8,harmonics_utide_tidetables.txt,1.9,2.47
"Manila, Philippines",harmonics_utide_observations.txt,7.6,harmonics_ticon4_worldwide.txt,7.5,1.99
"Mar del Plata, Buenos Aires, Argentina",harmonics_utide_observations.txt,29.0,harmonics_ticon4_worldwide.txt,28.9,1.75
"Minamitorishima, Tokyo, Japan",harmonics_utide_observations.txt,2.5,harmonics_ticon4_worldwide.txt,2.3,1.00
"Margaree Trailer, Nova Scotia, Canada",harmonics_utide_tidetables.txt,2.8,harmonics-2004-06-14_mod.txt,2.2,1.06
"Masset, British Columbia, Canada",harmonics_utide_observations.txt,5.9,harmonics_utide_tidetables.txt,3.1,4.01
"Matarani, Peru",harmonics_ticon4_worldwide.txt,5.5,harmonics_utide_observations.txt,4.9,1.30
"Matsue (Okushiri), Hokkaido, Japan",harmonics_ticon4_worldwide.txt,1.1,harmonics_utide_observations.txt,0.9,0.50
"Matsumae, Hokkaido, Japan",harmonics_ticon4_worldwide.txt,1.3,harmonics_utide_observations.txt,0.6,0.63
"Matsuyama, Ehime, Japan",harmonics_ticon4_worldwide.txt,3.7,harmonics_utide_observations.txt,1.3,4.03
"Matthews Cove, New Brunswick, Canada",harmonics-2004-06-14_mod.txt,13.0,harmonics_utide_tidetables.txt,11.9,7.10
"Mausund (Måøya), Norway",harmonics_utide_observations.txt,15.6,harmonics_ticon4_worldwide.txt,15.1,2.79
"Mazatlán, Sinaloa, Mexico",harmonics_ticon4_worldwide.txt,8.0,harmonics_utide_observations.txt,7.5,2.10
"Mera, Chiba, Japan",harmonics_ticon4_worldwide.txt,2.6,harmonics_utide_observations.txt,1.1,1.79
"Meulaboh, Sumatra, Indonesia",harmonics_noaa_cptt.txt,11.4,harmonics_ticon4_worldwide.txt,9.2,0.61
"Middle Cove, Newfoundland, Canada",harmonics-2004-06-14_mod.txt,1.2,harmonics_utide_tidetables.txt,0.9,1.32
"Miho (Shimizu), Shizuoka, Japan",harmonics-2004-06-14_mod.txt,2.8,harmonics_utide_observations.txt,1.2,1.96
"Miho (Shimizu), Shizuoka, Japan",harmonics_ticon4_worldwide.txt,2.6,harmonics_utide_observations.txt,1.2,1.96
"Mikawa (Toyohashi), Aichi, Japan",harmonics_ticon4_worldwide.txt,2.9,harmonics_utide_observations.txt,2.1,2.78
"Mikuni, Fukui, Japan",harmonics_ticon4_worldwide.txt,1.7,harmonics_utide_observations.txt,1.6,0.66
"Milford Haven, Wales, United Kingdom",harmonics_ticon4_worldwide.txt,6.3,harmonics_utide_observations.txt,6.3,7.57
"Millport, Scotland, United Kingdom",harmonics_ticon4_worldwide.txt,5.7,harmonics_utide_observations.txt,5.0,3.71
"Minamidaito, Okinawa, Japan",harmonics_ticon4_worldwide.txt,2.3,harmonics_utide_observations.txt,2.3,2.31
"Minicoy Island, Lakshadweep, India",harmonics-1997-05-25_mod.txt,32.4,harmonics_ticon4_worldwide.txt,32.2,1.53
"Miyako (Kuwagasaki), Iwate, Japan",harmonics_ticon4_worldwide.txt,3.3,harmonics_utide_observations.txt,1.8,1.73
"Miyazaki, Miyazaki, Japan",harmonics_ticon4_worldwide.txt,3.8,harmonics_utide_observations.txt,1.2,2.42
"Moji, Fukuoka, Japan",harmonics-2004-06-14_mod.txt,3.4,harmonics_utide_observations.txt,1.4,2.87
"Mombasa (Kilindini Harbour), Kenya",harmonics-1997-05-25_mod.txt,7.4,harmonics_utide_observations.txt,5.0,4.00
"Mombasa (Kilindini Harbour), Kenya",harmonics_ticon4_worldwide.txt,5.2,harmonics_utide_observations.txt,5.0,4.00
"Monbetsu, Hokkaido, Japan",harmonics_ticon4_worldwide.txt,3.0,harmonics_utide_observations.txt,0.8,1.53
"Montague, Prince Edward Island, Canada",harmonics-2004-06-14_mod.txt,1.7,harmonics_utide_tidetables.txt,1.1,1.79
"Mori, Hokkaido, Japan",harmonics_ticon4_worldwide.txt,3.3,harmonics_utide_observations.txt,1.7,1.88
"Aburatsubo, Kanagawa, Japan",harmonics_ticon4_worldwide.txt,2.6,harmonics_utide_observations.txt,1.1,1.81
"Mossel Bay, South Africa",harmonics_noaa_eutt.txt,15.9,harmonics_ticon4_worldwide.txt,12.9,2.17
"Mossel Bay, South Africa",harmonics_utide_observations.txt,13.1,harmonics_ticon4_worldwide.txt,12.9,2.17
"Mould Bay, Northwest Territories, Canada",harmonics-2004-06-14_mod.txt,0.7,harmonics_utide_tidetables.txt,0.4,0.55
"Muroran, Hokkaido, Japan",harmonics_ticon4_worldwide.txt,3.4,harmonics_utide_observations.txt,1.2,1.86
"Murotozaki, Kochi, Japan",harmonics_ticon4_worldwide.txt,2.5,harmonics_utide_observations.txt,1.0,2.30
"Musgrave Harbour, Newfoundland, Canada",harmonics-2004-06-14_mod.txt,1.5,harmonics_utide_tidetables.txt,0.8,1.26
"Måløy, Norway",harmonics_utide_observations.txt,16.3,harmonics_ticon4_worldwide.txt,16.0,2.21
"Nagasaki (Matsugae), Nagasaki, Japan",harmonics_ticon4_worldwide.txt,2.8,harmonics_utide_observations.txt,1.0,3.57
"Nagoya, Aichi, Japan",harmonics_ticon4_worldwide.txt,2.6,harmonics_utide_observations.txt,0.9,2.89
"Naha, Okinawa, Japan",harmonics_ticon4_worldwide.txt,2.0,harmonics_utide_observations.txt,1.1,2.59
"Nain, Labrador, Canada",harmonics_utide_observations.txt,2.2,harmonics_utide_tidetables.txt,1.9,2.54
"Nakanoshima, Kagoshima, Japan",harmonics_ticon4_worldwide.txt,2.7,harmonics_utide_observations.txt,0.9,2.70
"Nanaimo Harbour, British Columbia, Canada",harmonics_utide_observations.txt,4.3,harmonics_utide_tidetables.txt,3.2,4.78
"Nanao, Ishikawa, Japan",harmonics_ticon4_worldwide.txt,1.0,harmonics_utide_observations.txt,0.8,0.68
"Napier, Hawke's Bay, New Zealand",harmonics_utide_observations.txt,8.8,harmonics_ticon4_worldwide.txt,8.8,1.91
"Narvik, Norway",harmonics_utide_observations.txt,16.8,harmonics_ticon4_worldwide.txt,16.4,3.77
"Natkusiak Peninsula, Northwest Territories, Canada",harmonics-2004-06-14_mod.txt,1.8,harmonics_utide_tidetables.txt,1.2,1.26
"Naufrage, Prince Edward Island, Canada",harmonics_utide_tidetables.txt,3.4,harmonics-2004-06-14_mod.txt,3.3,1.13
"Naze (Amami Oshima), Kagoshima, Japan",harmonics_ticon4_worldwide.txt,2.7,harmonics_utide_observations.txt,1.6,2.57
"Neguac, New Brunswick, Canada",harmonics-2004-06-14_mod.txt,6.8,harmonics_utide_tidetables.txt,5.9,1.51
"Nelson, New Zealand",harmonics_ticon4_worldwide.txt,10.0,harmonics_utide_observations.txt,9.4,4.10
"Nemuro, Hokkaido, Japan",harmonics_ticon4_worldwide.txt,2.4,harmonics_utide_observations.txt,1.7,1.75
"Neville Island, Labrador, Canada",harmonics-2004-06-14_mod.txt,2.4,harmonics_utide_tidetables.txt,1.2,1.48
"Newcastle (Miramichi River), New Brunswick, Canada",harmonics-2004-06-14_mod.txt,2.6,harmonics_utide_tidetables.txt,1.8,1.98
"Newcastle Creek, New Brunswick, Canada",harmonics_utide_tidetables.txt,0.9,harmonics-2004-06-14_mod.txt,0.5,0.46
"Newhaven, England, United Kingdom",harmonics_ticon4_worldwide.txt,8.1,harmonics_utide_observations.txt,6.6,7.07
"Newport (River Usk), Wales, United Kingdom",harmonics-dwf-20100529-nonfree_mod.txt,24.5,harmonics_ticon4_worldwide.txt,23.1,12.85
"Nezugaseki, Yamagata, Japan",harmonics_ticon4_worldwide.txt,1.3,harmonics_utide_observations.txt,1.0,0.63
"Nieuwpoort, Belgium",harmonics_ticon4_worldwide.txt,24.5,harmonics_utide_observations.txt,22.6,5.88
"Nigishima (Kumano), Mie, Japan",harmonics_ticon4_worldwide.txt,2.4,harmonics_utide_observations.txt,1.4,2.09
"Niigata (Tarodai), Niigata, Japan",harmonics_utide_observations.txt,1.9,harmonics_ticon4_worldwide.txt,1.8,0.66
"Niigata (Irifunecho), Niigata, Japan",harmonics_ticon4_worldwide.txt,1.0,harmonics_utide_observations.txt,0.8,0.62
"Niihama, Ehime, Japan",harmonics_utide_observations.txt,1.4,harmonics-2004-06-14_mod.txt,1.3,4.18
"Nishinoomote, Kagoshima, Japan",harmonics_ticon4_worldwide.txt,2.9,harmonics_utide_observations.txt,0.9,2.67
"Nordenham (Weser, Unterfeuer), Germany",harmonics_ticon4_worldwide.txt,37.9,harmonics_utide_observations.txt,35.4,4.92
"North Harbour, Newfoundland, Canada",harmonics-2004-06-14_mod.txt,2.5,harmonics_utide_tidetables.txt,1.8,2.21
"North Kopak Island, Nunavut, Canada",harmonics-2004-06-14_mod.txt,0.7,harmonics_utide_tidetables.txt,0.6,0.60
"North Sydney, Nova Scotia, Canada",harmonics_utide_observations.txt,2.1,harmonics_ticon4_worldwide.txt,1.9,1.34
"North Sydney, Nova Scotia, Canada",harmonics_utide_tidetables.txt,2.2,harmonics_ticon4_worldwide.txt,1.9,1.34
"Northumberland Sound, Nunavut, Canada",harmonics-2004-06-14_mod.txt,1.1,harmonics_utide_tidetables.txt,0.5,0.86
"Northwest Bay, British Columbia, Canada",harmonics-2004-06-14_mod.txt,5.5,harmonics_utide_tidetables.txt,3.3,4.90
"Noto, Ishikawa, Japan",harmonics_ticon4_worldwide.txt,1.3,harmonics_utide_observations.txt,1.0,0.65
"Nouadhibou, Mauritania",harmonics_noaa_eutt.txt,9.6,harmonics-1997-05-25_mod.txt,7.8,1.99
"Ny-Ålesund, Norway",harmonics_utide_observations.txt,10.7,harmonics_ticon4_worldwide.txt,10.1,1.80
"Oak Point, New Brunswick, Canada",harmonics-2004-06-14_mod.txt,8.8,harmonics_utide_tidetables.txt,6.5,1.56
"Robichaud Spit, New Brunswick, Canada",harmonics_utide_tidetables.txt,7.9,harmonics-2004-06-14_mod.txt,7.8,1.56
"Odawara, Kanagawa, Japan",harmonics_ticon4_worldwide.txt,2.5,harmonics_utide_observations.txt,0.9,1.77
"Odomari, Kagoshima, Japan",harmonics_ticon4_worldwide.txt,3.1,harmonics_utide_observations.txt,1.3,3.03
"Ofunato, Iwate, Japan",harmonics_ticon4_worldwide.txt,3.3,harmonics_utide_observations.txt,1.7,1.71
"Oga, Akita, Japan",harmonics_ticon4_worldwide.txt,1.3,harmonics_utide_observations.txt,1.0,0.60
"Ogi (Sado), Niigata, Japan",harmonics_ticon4_worldwide.txt,1.0,harmonics_utide_observations.txt,0.6,0.61
"Oita-Tsurusaki, Oita, Japan",harmonics_ticon4_worldwide.txt,3.0,harmonics_utide_observations.txt,1.2,2.73
"Okata (Oshima), Tokyo, Japan",harmonics_ticon4_worldwide.txt,2.6,harmonics_utide_observations.txt,1.0,1.76
"Okinoshima (Dogo), Shimane, Japan",harmonics_ticon4_worldwide.txt,1.1,harmonics_utide_observations.txt,0.6,0.69
"Okushiri, Hokkaido, Japan",harmonics_utide_observations.txt,1.6,harmonics_ticon4_worldwide.txt,1.1,0.52
"Omaezaki, Shizuoka, Japan",harmonics_ticon4_worldwide.txt,2.5,harmonics_utide_observations.txt,1.0,2.03
"Ominato, Aomori, Japan",harmonics_ticon4_worldwide.txt,2.6,harmonics_utide_observations.txt,0.4,1.00
"Onahama, Fukushima, Japan",harmonics_ticon4_worldwide.txt,2.7,harmonics_utide_observations.txt,1.2,1.67
"Onehunga, New Zealand",harmonics-2004-06-14_mod.txt,9.9,harmonics_utide_tidetables.txt,8.7,4.19
"Onizaki, Aichi, Japan",harmonics_ticon4_worldwide.txt,3.0,harmonics_utide_observations.txt,1.0,2.78
"Oostende, Belgium",harmonics_ticon4_worldwide.txt,23.3,harmonics_utide_observations.txt,21.5,5.59
"Oosterschelde Roompotsluis buiten, Netherlands",harmonics_utide_observations.txt,16.5,harmonics-dwf-20100529-nonfree_mod.txt,16.1,3.92
"Ooyamanohana, Yamaguchi, Japan",harmonics_utide_observations.txt,4.6,harmonics_ticon4_worldwide.txt,4.5,2.07
"Tanokubi, Yamaguchi, Japan",harmonics_ticon4_worldwide.txt,3.0,harmonics_utide_observations.txt,2.9,2.12
"Osaka, Osaka, Japan",harmonics_ticon4_worldwide.txt,4.1,harmonics_utide_observations.txt,1.3,2.12
"Oshoro, Hokkaido, Japan",harmonics_ticon4_worldwide.txt,1.2,harmonics_utide_observations.txt,0.9,0.53
"Osterriff (Elbe), Germany",harmonics_ticon4_worldwide.txt,39.8,harmonics_utide_observations.txt,37.6,3.58
"Palmeira (Sal), Cape Verde",harmonics_utide_observations.txt,3.1,harmonics_ticon4_worldwide.txt,3.0,1.16
"Papeete (Fare 'Ute), Tahiti, French Polynesia",harmonics-2004-06-14_mod.txt,4.0,harmonics_utide_observations.txt,4.0,0.40
"Papeete (Fare 'Ute), Tahiti, French Polynesia",harmonics_utide_tidetables.txt,4.0,harmonics_utide_observations.txt,4.0,0.40
"Parkers Cove, Nova Scotia, Canada",harmonics_utide_tidetables.txt,12.8,harmonics_ticon4_worldwide.txt,11.0,9.00
"Patricia Bay, British Columbia, Canada",harmonics_utide_observations.txt,3.7,harmonics_utide_tidetables.txt,2.5,3.61
"Paulatuk, Northwest Territories, Canada",harmonics-2004-06-14_mod.txt,1.0,harmonics_utide_tidetables.txt,0.4,0.57
"Pearce Point, Northwest Territories, Canada",harmonics-2004-06-14_mod.txt,1.3,harmonics_utide_tidetables.txt,0.9,0.59
"Pedder Bay, British Columbia, Canada",harmonics-2004-06-14_mod.txt,9.4,harmonics_utide_tidetables.txt,9.2,3.18
"Pelly Island, Northwest Territories, Canada",harmonics-2004-06-14_mod.txt,0.8,harmonics_utide_tidetables.txt,0.4,0.45
"Pembina Terminal, British Columbia, Canada",harmonics_utide_observations.txt,6.2,harmonics_utide_tidetables.txt,6.0,6.43
"Penfret (Îles de Glénan), France",harmonics-pierre-lavergne-v10_mod.txt,5.0,harmonics_utide_tidetables.txt,4.3,4.95
"Newlyn, England, United Kingdom",harmonics_utide_observations.txt,4.7,harmonics_utide_observations.txt,4.7,5.70
"Petit De Grat, Nova Scotia, Canada",harmonics-2004-06-14_mod.txt,6.8,harmonics_utide_tidetables.txt,4.7,1.88
"Picton, New Zealand",harmonics-2004-06-14_mod.txt,6.9,harmonics_utide_tidetables.txt,4.7,1.76
"Pictou Island, Nova Scotia, Canada",harmonics-2004-06-14_mod.txt,2.9,harmonics_utide_tidetables.txt,2.8,1.86
"Pictou, Nova Scotia, Canada",harmonics_ticon4_worldwide.txt,3.2,harmonics_utide_tidetables.txt,3.1,1.89
"Pinkney Point, Nova Scotia, Canada",harmonics_utide_tidetables.txt,5.9,harmonics-2004-06-14_mod.txt,4.9,4.27
"Pogum (Ems), Germany",harmonics_utide_observations.txt,34.4,harmonics_utide_observations.txt,34.4,4.55
"Point Tupper, Nova Scotia, Canada",harmonics_utide_tidetables.txt,4.1,harmonics_ticon4_worldwide.txt,2.5,1.88
"Pointe de Saint-Gildas (Préfailles), France",harmonics_ticon4_worldwide.txt,13.1,harmonics_utide_observations.txt,12.8,5.92
"Pointe-Noire, Republic of the Congo",harmonics_ticon4_worldwide.txt,4.0,harmonics_utide_tidetables.txt,3.1,1.98
"Pointe-au-Père, Québec, Canada",harmonics_ticon4_worldwide.txt,4.9,harmonics_utide_tidetables.txt,3.0,4.45
"Pointe-à-Pitre, Guadeloupe",harmonics_utide_observations.txt,4.4,harmonics_utide_observations.txt,4.4,0.66
"Porpoise Channel East, British Columbia, Canada",harmonics_utide_observations.txt,8.1,harmonics_utide_tidetables.txt,6.4,6.43
"Port Alberni, British Columbia, Canada",harmonics_utide_observations.txt,4.3,harmonics_utide_tidetables.txt,2.5,3.84
"Port Aux Basques, Newfoundland, Canada",harmonics_ticon4_worldwide.txt,1.8,harmonics_utide_tidetables.txt,1.1,1.56
"Port Aux Basques, Newfoundland, Canada",harmonics_utide_observations.txt,1.8,harmonics_utide_tidetables.txt,1.1,1.56
"Port Borden, Prince Edward Island, Canada",harmonics_utide_tidetables.txt,1.9,harmonics-2004-06-14_mod.txt,1.8,2.22
"Port Chalmers, Otago, New Zealand",harmonics_ticon4_worldwide.txt,11.4,harmonics_utide_observations.txt,10.8,2.28
"Port Hardy, British Columbia, Canada",harmonics_utide_observations.txt,4.8,harmonics_utide_tidetables.txt,3.4,5.22
"Port Hope Simpson, Labrador, Canada",harmonics-2004-06-14_mod.txt,2.4,harmonics_utide_tidetables.txt,1.2,1.48
"Port Moody, British Columbia, Canada",harmonics_utide_observations.txt,6.5,harmonics_utide_tidetables.txt,3.7,4.90
"Port Moresby, Papua New Guinea",harmonics_noaa_cptt.txt,29.5,harmonics_ticon4_worldwide.txt,27.0,2.18
"Port Nolloth, South Africa",harmonics_att_np203_secondary.txt,9.4,harmonics_ticon4_worldwide.txt,8.4,1.99
"Port Nolloth, South Africa",harmonics_att_np208_secondary.txt,8.8,harmonics_ticon4_worldwide.txt,8.4,1.99
"Port Nolloth, South Africa",harmonics_utide_observations.txt,8.5,harmonics_ticon4_worldwide.txt,8.4,1.99
"Port Renfrew, British Columbia, Canada",harmonics_utide_observations.txt,4.0,harmonics_utide_tidetables.txt,2.1,3.50
"Port Tudy (Île de Groix), France",harmonics_ticon4_worldwide.txt,14.4,harmonics_utide_observations.txt,14.1,5.12
"Port Tudy (Île de Groix), France",harmonics_utide_tidetables.txt,15.8,harmonics_utide_observations.txt,14.1,5.12
"Port Union, Newfoundland, Canada",harmonics-2004-06-14_mod.txt,1.7,harmonics_utide_tidetables.txt,0.7,1.02
"Port-Bloc (La Pointe de Grave), France",harmonics_ticon4_worldwide.txt,13.7,harmonics_utide_observations.txt,13.3,5.03
"Port-Haliguen, France",harmonics_utide_tidetables.txt,10.1,harmonics-pierre-lavergne-v10_mod.txt,8.0,5.33
"Port-Louis (Locmalo), France",harmonics-pierre-lavergne-v10_mod.txt,5.0,harmonics_utide_tidetables.txt,4.0,4.86
"Port-Maria, France",harmonics_utide_tidetables.txt,9.4,harmonics-pierre-lavergne-v10_mod.txt,8.4,5.13
"Port-Navalo, France",harmonics_utide_tidetables.txt,10.2,harmonics-pierre-lavergne-v10_mod.txt,9.4,5.02
"Port-Saint-François, Québec, Canada",harmonics_ticon4_worldwide.txt,18.2,harmonics_utide_tidetables.txt,17.3,1.96
"Portpatrick, Scotland, United Kingdom",harmonics_utide_observations.txt,4.5,harmonics_ticon4_worldwide.txt,4.3,4.28
"Portsmouth, England, United Kingdom",harmonics_ticon4_worldwide.txt,9.5,harmonics_utide_observations.txt,8.5,4.74
"Prince Rupert RoRo, British Columbia, Canada",harmonics_utide_observations.txt,7.0,harmonics_utide_tidetables.txt,6.0,6.43
"Prince Rupert, British Columbia, Canada",harmonics_utide_observations.txt,5.3,harmonics_utide_tidetables.txt,4.7,7.04
"Prospect, Nova Scotia, Canada",harmonics_utide_tidetables.txt,3.9,harmonics-2004-06-14_mod.txt,2.1,2.00
"Puerto Deseado, Santa Cruz, Argentina",harmonics_ticon4_worldwide.txt,15.7,harmonics_utide_observations.txt,15.6,5.60
"Punchbowl, Labrador, Canada",harmonics-2004-06-14_mod.txt,1.5,harmonics_utide_tidetables.txt,1.1,1.60
"Quepos, Costa Rica",harmonics_utide_observations.txt,7.0,harmonics_ticon4_worldwide.txt,7.0,3.37
"Reihoku (Shimoshima), Kumamoto, Japan",harmonics_ticon4_worldwide.txt,2.9,harmonics_utide_observations.txt,1.4,3.54
"Resolute, Nunavut, Canada",harmonics_ticon4_worldwide.txt,2.8,harmonics_utide_tidetables.txt,1.5,1.95
"Richards Bay, South Africa",harmonics_utide_observations.txt,10.7,harmonics_ticon4_worldwide.txt,10.4,2.38
"Richibucto Cape, New Brunswick, Canada",harmonics-2004-06-14_mod.txt,1.4,harmonics_utide_tidetables.txt,0.9,1.32
"Richibucto, New Brunswick, Canada",harmonics-2004-06-14_mod.txt,1.7,harmonics_utide_tidetables.txt,0.8,1.18
"Rigolet, Labrador, Canada",harmonics-2004-06-14_mod.txt,1.8,harmonics_utide_tidetables.txt,1.5,1.52
"Riviere-au-Renard, Québec, Canada",harmonics-dwf-20100529-nonfree_mod.txt,2.1,harmonics_utide_tidetables.txt,1.3,2.00
"Rivière-au-Renard, Québec, Canada",harmonics_utide_observations.txt,2.5,harmonics_utide_tidetables.txt,1.3,2.00
"Rochefort, Charente River, France",harmonics_noaa_eutt.txt,63.5,harmonics_utide_observations.txt,18.8,8.47
"Rumoi, Hokkaido, Japan",harmonics_ticon4_worldwide.txt,1.0,harmonics_utide_observations.txt,0.8,0.48
"Rørvik, Norway",harmonics_utide_observations.txt,17.1,harmonics_ticon4_worldwide.txt,16.5,3.00
"Saeki (Tsurumi Okimatsuura), Oita, Japan",harmonics_ticon4_worldwide.txt,2.5,harmonics_utide_observations.txt,1.2,2.24
"Saint-François-de-l'Île-d'Orléans, Québec, Canada",harmonics-dwf-20100529-nonfree_mod.txt,10.5,harmonics_utide_tidetables.txt,9.2,6.04
"Saint-Gilles-Croix-de-Vie, France",harmonics-pierre-lavergne-v10_mod.txt,7.1,harmonics_utide_tidetables.txt,4.7,5.17
"Saint-Guénolé (Pointe de Penmarch), France",harmonics-pierre-lavergne-v10_mod.txt,5.4,harmonics_utide_tidetables.txt,4.2,5.00
"Saint-Martin-de-Ré (Île de Ré), France",harmonics-pierre-lavergne-v10_mod.txt,9.0,harmonics_utide_tidetables.txt,6.3,5.79
"Saint-Nazaire, France",harmonics_utide_tidetables.txt,17.2,harmonics_utide_observations.txt,15.3,6.03
"Sakaiminato, Tottori, Japan",harmonics_ticon4_worldwide.txt,1.2,harmonics_utide_observations.txt,1.1,0.68
"Sakata, Yamagata, Japan",harmonics_ticon4_worldwide.txt,1.7,harmonics_utide_observations.txt,1.0,0.60
"Saldanha, South Africa",harmonics_att_np203_secondary.txt,10.4,harmonics_att_np208_secondary.txt,9.9,1.83
"Saldanha, South Africa",harmonics_noaa_eutt.txt,11.4,harmonics_att_np208_secondary.txt,9.9,1.83
"Sambro Harbour, Nova Scotia, Canada",harmonics_utide_tidetables.txt,3.4,harmonics-2004-06-14_mod.txt,2.4,1.88
"San Miguel de Cozumel, Quintana Roo, México",harmonics-1997-05-25_mod.txt,2.1,harmonics_utide_tidetables.txt,2.0,0.33
"San Quintin (Campo La Chorera), Baja California, Mexico",harmonics_utide_observations.txt,7.3,harmonics_ticon4_worldwide.txt,6.9,2.74
"Sand Heads Lighthouse, British Columbia, Canada",harmonics_utide_observations.txt,4.4,harmonics_utide_tidetables.txt,3.3,4.59
"Sandy Point, Nova Scotia, Canada",harmonics_utide_tidetables.txt,2.7,harmonics-2004-06-14_mod.txt,2.4,2.26
"Santa Marta, Colombia",harmonics_utide_observations.txt,5.2,harmonics_ticon4_worldwide.txt,4.5,0.62
"Sasebo, Nagasaki, Japan",harmonics_ticon4_worldwide.txt,3.3,harmonics_utide_observations.txt,1.0,3.59
"Savage Harbour, Prince Edward Island, Canada",harmonics-2004-06-14_mod.txt,1.1,harmonics_utide_tidetables.txt,0.6,0.93
"Seal Cove, British Columbia, Canada",harmonics_ticon4_worldwide.txt,7.7,harmonics_utide_tidetables.txt,4.8,6.97
"Seeadler Harbor, Manus, Admiralty Islands, Papua New Guinea",harmonics-1997-05-25_mod.txt,7.3,harmonics-2004-06-14_mod.txt,6.7,1.11
"Seeadler Harbor, Manus, Admiralty Islands, Papua New Guinea",harmonics_ticon4_worldwide.txt,6.7,harmonics-2004-06-14_mod.txt,6.7,1.11
"Sekinehama, Aomori, Japan",harmonics_ticon4_worldwide.txt,2.5,harmonics_utide_observations.txt,1.0,1.52
"Sept-Îles, Québec, Canada",harmonics-dwf-20100529-nonfree_mod.txt,2.5,harmonics_utide_tidetables.txt,2.2,3.24
"Setana, Hokkaido, Japan",harmonics_utide_observations.txt,1.6,harmonics_ticon4_worldwide.txt,1.3,0.52
"Sfax, Tunisia",harmonics_att_np208.txt,5.4,harmonics-1997-05-25_mod.txt,3.7,1.68
"Shelburne, Nova Scotia, Canada",harmonics_utide_tidetables.txt,3.9,harmonics-2004-06-14_mod.txt,2.7,2.37
"Shibushi, Kagoshima, Japan",harmonics-2004-06-14_mod.txt,4.2,harmonics_utide_observations.txt,1.8,2.56
"Shibushi, Kagoshima, Japan",harmonics_ticon4_worldwide.txt,3.8,harmonics_utide_observations.txt,1.8,2.56
"Shimoda, Shizuoka, Japan",harmonics_ticon4_worldwide.txt,2.6,harmonics_utide_observations.txt,1.8,2.00
"Shinminato (Horioka), Toyama, Japan",harmonics_utide_observations.txt,1.5,harmonics_ticon4_worldwide.txt,0.9,0.66
"Shiogama, Miyagi, Japan",harmonics-2004-06-14_mod.txt,0.7,harmonics_utide_observations.txt,0.5,1.94
"Ship Cove, Newfoundland, Canada",harmonics-2004-06-14_mod.txt,1.2,harmonics_utide_tidetables.txt,0.7,1.14
"Shippagan, New Brunswick, Canada",harmonics-2004-06-14_mod.txt,2.2,harmonics_utide_tidetables.txt,1.4,1.95
"Shirahama (Iriomote), Okinawa, Japan",harmonics_utide_observations.txt,0.3,harmonics-2004-06-14_mod.txt,0.3,2.25
"Shirahama (Katata), Wakayama, Japan",harmonics_ticon4_worldwide.txt,2.7,harmonics_utide_observations.txt,1.2,2.27
"Shiraoiko, Hokkaido, Japan",harmonics_ticon4_worldwide.txt,2.7,harmonics_utide_observations.txt,1.3,1.72
"Shoal Cove, Newfoundland, Canada",harmonics-2004-06-14_mod.txt,1.6,harmonics_utide_tidetables.txt,1.2,1.79
"Sibolga, Indonesia",harmonics_ticon4_worldwide.txt,8.9,harmonics_utide_observations.txt,8.9,1.33
"Silloth, England, United Kingdom",harmonics_utide_tidetables.txt,41.9,harmonics_noaa_eutt.txt,41.8,9.04
"Silva Bay, British Columbia, Canada",harmonics-2004-06-14_mod.txt,22.3,harmonics_utide_tidetables.txt,22.1,4.76
"Simon's Town, South Africa",harmonics_att_np203_secondary.txt,9.3,harmonics_ticon4_worldwide.txt,8.7,1.81
"Simon's Town, South Africa",harmonics_noaa_eutt.txt,10.8,harmonics_ticon4_worldwide.txt,8.7,1.81
"Simon's Town, South Africa",harmonics_utide_observations.txt,9.0,harmonics_ticon4_worldwide.txt,8.7,1.81
"Sittwe (Akyab), Myanmar",harmonics_utide_tidetables.txt,10.0,harmonics_ticon4_worldwide.txt,8.7,3.21
"Daajing Giids, British Columbia, Canada",harmonics_utide_observations.txt,6.1,harmonics_utide_tidetables.txt,4.9,7.32
"Soma, Fukushima, Japan",harmonics_ticon4_worldwide.txt,3.4,harmonics_utide_observations.txt,1.3,1.85
"Springdale, Newfoundland, Canada",harmonics-2004-06-14_mod.txt,1.6,harmonics_utide_tidetables.txt,1.0,1.47
"Spry Harbour, Nova Scotia, Canada",harmonics_utide_tidetables.txt,5.5,harmonics-2004-06-14_mod.txt,4.9,1.86
"St. Anthony, Newfoundland, Canada",harmonics-2004-06-14_mod.txt,1.4,harmonics_utide_tidetables.txt,0.9,1.40
"St. Helier, Jersey, Channel Islands",harmonics_ticon4_worldwide.txt,13.2,harmonics_utide_observations.txt,10.4,11.67
"Saint-Jean-de-Luz (Ciboure), France",harmonics_ticon4_worldwide.txt,10.3,harmonics_utide_observations.txt,9.9,4.44
"Saint-Jean-de-Luz (Socoa), France",harmonics_utide_observations.txt,9.5,harmonics_ticon4_worldwide.txt,9.5,4.49
"Saint-Laurent-de-l'Île-d'Orléans, Québec, Canada",harmonics_utide_observations.txt,12.6,harmonics_utide_tidetables.txt,10.5,5.79
"St. Lawrence, Newfoundland, Canada",harmonics_utide_observations.txt,2.8,harmonics_utide_tidetables.txt,1.7,2.02
"St. Stephen, New Brunswick, Canada",harmonics-2004-06-14_mod.txt,7.3,harmonics_utide_tidetables.txt,6.6,7.43
"Stavanger, Norway",harmonics_noaa_eutt.txt,15.9,harmonics_ticon4_worldwide.txt,15.1,0.88
"Stavanger, Norway",harmonics_utide_observations.txt,15.1,harmonics_ticon4_worldwide.txt,15.1,0.88
"Ste-Anne-Des-Monts, Québec, Canada",harmonics_ticon4_worldwide.txt,4.2,harmonics_utide_tidetables.txt,2.3,3.37
"Stephenville (Port Harmon), Newfoundland, Canada",harmonics-2004-06-14_mod.txt,1.8,harmonics_utide_tidetables.txt,1.0,1.56
"Stornoway (Isle of Lewis), Scotland, United Kingdom",harmonics_ticon4_worldwide.txt,6.5,harmonics_utide_observations.txt,5.9,5.40
"Summerside, Prince Edward Island, Canada",harmonics-2004-06-14_mod.txt,2.2,harmonics_utide_tidetables.txt,1.5,1.81
"Sunatsu (Kitakyushu), Fukuoka, Japan",harmonics-2004-06-14_mod.txt,5.3,harmonics_ticon4_worldwide.txt,4.3,2.08
"Surabaya, Java, Indonesia",harmonics_utide_observations.txt,11.3,harmonics_ticon4_worldwide.txt,9.2,2.82
"Tabira (Hiradoseto), Nagasaki, Japan",harmonics_ticon4_worldwide.txt,2.6,harmonics_utide_observations.txt,2.3,3.32
"Tadine, Maré (Îles Loyauté), New Caledonia",harmonics_utide_observations.txt,7.3,harmonics_ticon4_worldwide.txt,7.0,1.46
"Tadoussac, Québec, Canada",harmonics_ticon4_worldwide.txt,4.9,harmonics_utide_tidetables.txt,3.7,5.25
"Baie-Sainte-Catherine, Québec, Canada",harmonics_utide_observations.txt,4.5,harmonics_utide_tidetables.txt,3.6,5.25
"Tago, Shizuoka, Japan",harmonics_ticon4_worldwide.txt,2.5,harmonics_utide_observations.txt,1.2,1.92
"Tailevu, Viti Levu Island, Fiji",harmonics_noaa_cptt.txt,5.0,harmonics_noaa_pacif.txt,3.2,
"Tajiri, Tottori, Japan",harmonics_ticon4_worldwide.txt,1.1,harmonics_utide_observations.txt,0.9,0.71
"Takahama (Tsushima), Nagasaki, Japan",harmonics_ticon4_worldwide.txt,1.6,harmonics_utide_observations.txt,0.5,2.14
"Takamatsu, Kagawa, Japan",harmonics_ticon4_worldwide.txt,4.3,harmonics_utide_observations.txt,1.4,2.91
"Tanger, Morocco",harmonics_utide_tidetables.txt,1.9,harmonics-1997-05-25_mod.txt,1.9,2.31
"Tanger, Morocco",harmonics_utide_tidetables.txt,1.9,harmonics-1997-05-25_mod.txt,1.9,2.31
"Tannowa, Osaka, Japan",harmonics_ticon4_worldwide.txt,3.5,harmonics_utide_observations.txt,1.3,2.10
"Tappi, Aomori, Japan",harmonics_ticon4_worldwide.txt,1.6,harmonics_utide_observations.txt,0.9,0.75
"Taranaki, Taranaki, New Zealand",harmonics_utide_observations.txt,10.3,harmonics_ticon4_worldwide.txt,10.3,3.53
"Tateyama, Chiba, Japan",harmonics-2004-06-14_mod.txt,0.9,harmonics_utide_observations.txt,0.7,1.90
"Tilting Harbour, Newfoundland, Canada",harmonics-2004-06-14_mod.txt,1.2,harmonics_utide_tidetables.txt,0.9,1.23
"Timaru Harbour, New Zealand",harmonics_ticon4_worldwide.txt,12.9,harmonics_utide_observations.txt,12.1,2.29
"Toba, Mie, Japan",harmonics_ticon4_worldwide.txt,3.4,harmonics_utide_observations.txt,1.0,2.46
"Tobishima, Yamagata, Japan",harmonics_ticon4_worldwide.txt,1.0,harmonics_utide_observations.txt,0.9,0.59
"Tokuyama, Yamaguchi, Japan",harmonics_ticon4_worldwide.txt,3.3,harmonics_utide_observations.txt,1.1,3.70
"Tomakomai (Higashiko), Hokkaido, Japan",harmonics_ticon4_worldwide.txt,3.2,harmonics_utide_observations.txt,1.3,1.69
"Tomakomai (Nishiko), Hokkaido, Japan",harmonics_ticon4_worldwide.txt,3.0,harmonics_utide_observations.txt,1.0,1.71
"Tomlee Bay, Nova Scotia, Canada",harmonics_utide_tidetables.txt,6.0,harmonics-2004-06-14_mod.txt,5.3,1.86
"Topolobampo, Sinaloa, Mexico",harmonics_ticon4_worldwide.txt,8.7,harmonics_utide_observations.txt,7.8,2.08
"Tosashimizu, Kochi, Japan",harmonics_ticon4_worldwide.txt,2.6,harmonics_utide_observations.txt,0.9,2.38
"Toyama, Toyama, Japan",harmonics_ticon4_worldwide.txt,1.0,harmonics_utide_observations.txt,0.7,0.67
"Trepassey, Newfoundland, Canada",harmonics-2004-06-14_mod.txt,2.0,harmonics_utide_tidetables.txt,1.4,1.78
"Trinity, Newfoundland, Canada",harmonics-2004-06-14_mod.txt,1.6,harmonics_utide_tidetables.txt,0.9,1.22
"Tromsø, Norway",harmonics_utide_observations.txt,15.7,harmonics_ticon4_worldwide.txt,15.2,3.22
"Trondheim, Norway",harmonics_utide_observations.txt,15.7,harmonics_ticon4_worldwide.txt,15.3,3.41
"Tsubota (Miyakeshima), Tokyo, Japan",harmonics_ticon4_worldwide.txt,3.5,harmonics_utide_observations.txt,2.3,1.89
"Tsuiyama, Hyogo, Japan",harmonics-2004-06-14_mod.txt,2.8,harmonics_utide_observations.txt,0.8,0.68
"Harumi, Tokyo, Japan",harmonics_ticon4_worldwide.txt,2.5,harmonics_utide_observations.txt,1.2,2.36
"Tsuruga, Fukui, Japan",harmonics_utide_observations.txt,1.5,harmonics_ticon4_worldwide.txt,1.4,0.69
"Tsushimahitakatsu, Nagasaki, Japan",harmonics_ticon4_worldwide.txt,1.1,harmonics_utide_observations.txt,1.0,1.52
"Tubuai, Austral Islands, French Polynesia (1)",harmonics_ticon4_worldwide.txt,0.8,harmonics_ticon4_worldwide.txt,0.8,0.69
"Tumbo Channel, British Columbia, Canada",harmonics_ticon4_worldwide.txt,9.1,harmonics_utide_tidetables.txt,8.4,4.01
"Twin Islands, British Columbia, Canada",harmonics-2004-06-14_mod.txt,4.6,harmonics_utide_tidetables.txt,3.5,5.17
"Tynemouth Lighthouse, England, United Kingdom",harmonics-pierre-lavergne-v10_mod.txt,7.2,harmonics-1997-05-25_mod.txt,7.2,5.86
"Ube, Yamaguchi, Japan",harmonics_ticon4_worldwide.txt,3.4,harmonics_utide_observations.txt,1.9,4.26
"Ullapool, Scotland, United Kingdom",harmonics_utide_observations.txt,6.0,harmonics_ticon4_worldwide.txt,4.8,5.62
"Kochi, Kochi, Japan",harmonics_ticon4_worldwide.txt,2.6,harmonics_utide_observations.txt,1.1,2.31
"Uragami, Wakayama, Japan",harmonics_ticon4_worldwide.txt,2.4,harmonics_utide_observations.txt,0.9,2.13
"Urakawa, Hokkaido, Japan",harmonics_ticon4_worldwide.txt,3.0,harmonics_utide_observations.txt,1.2,1.70
"Ushuaia, Tierra del Fuego, Argentina",harmonics_ticon4_worldwide.txt,19.1,harmonics_utide_observations.txt,18.9,2.11
"Uwajima, Ehime, Japan",harmonics_ticon4_worldwide.txt,2.9,harmonics_utide_observations.txt,1.1,2.68
"Vancouver (CRAB Park at Portside), British Columbia, Canada",harmonics_utide_observations.txt,12.0,harmonics_utide_tidetables.txt,11.9,4.78
"Vardø, Norway",harmonics_utide_observations.txt,16.1,harmonics_ticon4_worldwide.txt,15.5,3.69
"Veracruz, Veracruz, Mexico",harmonics_utide_observations.txt,10.6,harmonics_ticon4_worldwide.txt,7.8,0.99
"Victoria Harbour, British Columbia, Canada",harmonics_utide_observations.txt,5.8,harmonics-2004-06-14_mod.txt,5.3,3.23
"Victoria Harbour, British Columbia, Canada",harmonics_utide_tidetables.txt,5.5,harmonics-2004-06-14_mod.txt,5.3,3.23
"Vieux-Québec, Québec, Canada",harmonics_utide_observations.txt,12.4,harmonics_utide_tidetables.txt,11.3,5.49
"Wajima, Ishikawa, Japan",harmonics_ticon4_worldwide.txt,1.4,harmonics_utide_observations.txt,0.9,0.68
"Wakayama, Wakayama, Japan",harmonics_ticon4_worldwide.txt,3.0,harmonics_utide_observations.txt,1.1,2.34
"Wakkanai, Hokkaido, Japan",harmonics_ticon4_worldwide.txt,1.1,harmonics_utide_observations.txt,0.9,0.51
"Washizaki (Sado), Niigata, Japan",harmonics_ticon4_worldwide.txt,1.3,harmonics_utide_observations.txt,1.1,0.61
"Wellington, Wellington, New Zealand",harmonics_ticon4_worldwide.txt,10.5,harmonics_utide_observations.txt,10.4,1.42
"West Head, Nova Scotia, Canada",harmonics_utide_tidetables.txt,9.7,harmonics-2004-06-14_mod.txt,8.6,3.08
"West Newdy Quoddy, Nova Scotia, Canada",harmonics_utide_tidetables.txt,4.5,harmonics-2004-06-14_mod.txt,4.2,1.93
"Westport, Nova Scotia, Canada",harmonics_utide_tidetables.txt,7.2,harmonics-2004-06-14_mod.txt,5.3,6.09
"Weymouth, England, United Kingdom",harmonics_utide_observations.txt,7.2,harmonics_ticon4_worldwide.txt,6.5,2.71
"Marsden Point, Northland, New Zealand",harmonics_ticon4_worldwide.txt,8.7,harmonics_utide_observations.txt,7.6,2.62
"Whitby, England, United Kingdom",harmonics_literature.txt,5.0,harmonics_utide_observations.txt,4.6,5.80
"Wick, Scotland, United Kingdom",harmonics_utide_observations.txt,5.8,harmonics_ticon4_worldwide.txt,3.0,3.74
"Winter Harbour, British Columbia, Canada",harmonics_ticon4_worldwide.txt,5.1,harmonics_utide_tidetables.txt,2.6,4.10
"Winter Harbour, British Columbia, Canada",harmonics_utide_observations.txt,4.6,harmonics_utide_tidetables.txt,2.6,4.10
"Woods Harbour, Nova Scotia, Canada",harmonics_utide_tidetables.txt,5.9,harmonics-2004-06-14_mod.txt,3.6,3.36
"Yaizu, Shizuoka, Japan",harmonics_ticon4_worldwide.txt,2.6,harmonics_utide_observations.txt,1.2,2.00
"Yarmouth, New Brunswick, Canada",harmonics_utide_observations.txt,13.2,harmonics_ticon4_worldwide.txt,12.7,4.70
"Yatushiro, Kumamoto, Japan",harmonics_ticon4_worldwide.txt,3.9,harmonics_utide_observations.txt,2.0,4.42
"Yokkaichi Minato, Mie, Japan",harmonics-2004-06-14_mod.txt,4.0,harmonics_utide_observations.txt,1.1,2.89
"Yokohama (Shinko), Kanagawa, Japan",harmonics_ticon4_worldwide.txt,2.3,harmonics_utide_observations.txt,2.0,2.16
"Yokosuka, Kanagawa, Japan",harmonics_ticon4_worldwide.txt,2.9,harmonics_utide_observations.txt,1.2,2.03
"Yorke Island, British Columbia, Canada",harmonics-2004-06-14_mod.txt,4.6,harmonics_utide_tidetables.txt,3.4,4.98
"Yoshima, Kagawa, Japan",harmonics_ticon4_worldwide.txt,4.8,harmonics_utide_observations.txt,2.1,3.53
"Zeebrugge, Belgium",harmonics_ticon4_worldwide.txt,24.7,harmonics_utide_observations.txt,22.9,5.13
"Ålesund, Norway",harmonics_utide_observations.txt,17.3,harmonics_ticon4_worldwide.txt,16.9,2.35
"Île-d'Aix, France",harmonics_ticon4_worldwide.txt,7.0,harmonics_utide_tidetables.txt,6.2,6.15
"Île de Sein, France",harmonics-pierre-lavergne-v10_mod.txt,6.3,harmonics_utide_tidetables.txt,5.0,6.14
"Île-Molène, France",harmonics-pierre-lavergne-v10_mod.txt,7.0,harmonics_utide_tidetables.txt,6.2,7.22
"Îles du Salut, French Guiana",harmonics-1997-05-25_mod.txt,6.8,harmonics_utide_observations.txt,4.9,2.90
"Îles du Salut, French Guiana",harmonics_ticon4_worldwide.txt,5.2,harmonics_utide_observations.txt,4.9,2.90
"Îlet la Mère, French Guiana",harmonics_utide_observations.txt,7.9,harmonics_ticon4_worldwide.txt,7.4,3.04
