abstand_km,kennung_art,kennung,station,lat,lon,katalog_name,katalog_lat,katalog_lon,befund,datei,n_kennungen
112.5,chs_id,05990,"Cape Sibbald, Nunavut, Canada",68.3218,-85.8147,Cape Sibbald,69.3333,-85.7667,Kennung falsch,harmonics/utide/harmonics_utide_tidetables.txt,1
44.2,psmsl_id,1665,"São Tomé (Baía de Ana Chaves), São Tomé and Príncipe",0.348,6.737,SAO TOME,0.0167,6.5167,Position pruefen (Name passt),harmonics/ticon/harmonics_ticon4_worldwide.txt,6
44.2,psmsl_id,1665,"São Tomé (Baía de Ana Chaves), São Tomé and Príncipe",0.348,6.737,SAO TOME,0.0167,6.5167,Position pruefen (Name passt),harmonics/utide/harmonics_utide_observations.txt,6
43.1,psmsl_id,1454,"Khepupara, Bangladesh",21.9844,90.2187,KHEPUPARA,21.8333,89.8333,Position pruefen (Name passt),harmonics/utide/harmonics_utide_observations.txt,3
43.1,ssc_id,khep,"Khepupara, Bangladesh",21.9844,90.2187,Khepupara,21.8333,89.8333,Position pruefen (Name passt),harmonics/utide/harmonics_utide_observations.txt,3
43.1,uhslc_id,139,"Khepupara, Bangladesh",21.9844,90.2187,Khepupara,21.8333,89.8333,Position pruefen (Name passt),harmonics/utide/harmonics_utide_observations.txt,3
41.0,psmsl_id,308,"Bitung, Sulawesi, Indonesia",1.4388,125.1903,BITUNG I,1.5333,124.8333,Position pruefen (Name passt),harmonics/ticon/harmonics_ticon4_worldwide.txt,6
41.0,psmsl_id,308,"Bitung, Sulawesi, Indonesia",1.438,125.19,BITUNG I,1.5333,124.8333,Position pruefen (Name passt),harmonics/utide/harmonics_utide_observations.txt,6
36.8,psmsl_id,1227,"Anewa Bay, Papua New Guinea",-6.183,155.883,ANEWA BAY,-6.1833,155.5500,Position pruefen (Name passt),harmonics/utide/harmonics_utide_observations.txt,3
35.4,psmsl_id,1917,"Macaé (Imbetiba), Rio de Janeiro, Brazil",-22.3853,-41.7695,MACAE,-22.2333,-41.4667,Position pruefen (Name passt),harmonics/utide/harmonics_utide_tidetables.txt,4
34.5,ioc_code,sadp,"Sadeng, Java, Indonesia",-8.5,110.783,Sadeng Port (IDSL),-8.1903,110.7991,Position pruefen (Name passt),harmonics/utide/harmonics_utide_observations.txt,4
34.5,ptwc_code,sadp,"Sadeng, Java, Indonesia",-8.5,110.783,Sadeng Port (IDSL),-8.1903,110.7991,Position pruefen (Name passt),harmonics/utide/harmonics_utide_observations.txt,4
34.5,ioc_code,sade,"Sadeng, Java, Indonesia",-8.5,110.783,Sadeng,-8.1902,110.7980,Position pruefen (Name passt),harmonics/utide/harmonics_utide_observations.txt,4
34.5,uhslc_id,417,"Sadeng, Java, Indonesia",-8.5,110.783,Sadeng,-8.1902,110.7980,Position pruefen (Name passt),harmonics/utide/harmonics_utide_observations.txt,4
34.4,ioc_code,phcp,"Port Hedland, Western Australia, Australia",-20.317,118.567,Port_Hedland_AU,-20.0400,118.4200,Position pruefen (Name passt),harmonics/utide/harmonics_utide_observations.txt,6
33.7,psmsl_id,1498,"Puerto de Esmeraldas, Ecuador",0.9908,-79.6467,ESMERALDAS,0.9833,-79.9500,Position pruefen (Name passt),harmonics/ticon/harmonics_ticon4_worldwide.txt,5
33.0,psmsl_id,1228,"Majuro, Marshall Islands",7.106028,171.372806,MAJURO A,7.2833,171.1333,Position pruefen (Name passt),harmonics/utide/harmonics_utide_tidetables.txt,6
31.9,psmsl_id,1991,"Isla Guadalupe, Baja California, Mexico",28.882,-118.2912,GUADALUPE ISLAND,29.1667,-118.3333,Position pruefen (Name passt),harmonics/ticon/harmonics_ticon4_worldwide.txt,5
31.9,psmsl_id,1991,"Isla Guadalupe, Baja California, Mexico",28.882,-118.2912,GUADALUPE ISLAND,29.1667,-118.3333,Position pruefen (Name passt),harmonics/utide/harmonics_utide_observations.txt,5
31.4,psmsl_id,1765,"Tasiilaq (Ammassalik), Greenland",65.614,-37.6257,AMMASSALIK,65.5000,-37.0000,Position pruefen (Name passt),harmonics/ticon/harmonics_ticon4_worldwide.txt,5
31.4,ssc_id,pnfo,"Point Fortin, Trinidad and Tobago",10.19,-61.689,Point Fortin,10.1000,-61.4167,Position pruefen (Name passt),harmonics/utide/harmonics_utide_observations.txt,5
31.4,uhslc_id,728,"Point Fortin, Trinidad and Tobago",10.19,-61.689,Point Fortin,10.1000,-61.4167,Position pruefen (Name passt),harmonics/utide/harmonics_utide_observations.txt,5
29.4,ioc_code,pnfo,"Point Fortin, Trinidad and Tobago",10.19,-61.689,Point Fortin,10.1833,-61.4200,Position pruefen (Name passt),harmonics/utide/harmonics_utide_observations.txt,5
29.4,ptwc_code,pnfo,"Point Fortin, Trinidad and Tobago",10.19,-61.689,Point Fortin,10.1833,-61.4200,Position pruefen (Name passt),harmonics/utide/harmonics_utide_observations.txt,5
26.9,psmsl_id,1916,"Imbituba, Santa Catarina, Brazil",-28.2309,-48.6507,IMBITUBA II,-28.1333,-48.4000,Position pruefen (Name passt),harmonics/utide/harmonics_utide_tidetables.txt,11
25.7,psmsl_id,309,"Jakarta (Port), Java, Indonesia",-6.1068,106.8908,JAKARTA,-6.1667,106.6667,Position pruefen (Name passt),harmonics/ticon/harmonics_ticon4_worldwide.txt,8
24.0,psmsl_id,584,"Cape Ferguson, Queensland, Australia",-19.28,147.06,TOWNSVILLE II,-19.2500,146.8333,Nachbarpegel -- Kennung pruefen,harmonics/utide/harmonics_utide_observations.txt,10
24.0,psmsl_id,637,"Cape Ferguson, Queensland, Australia",-19.28,147.06,TOWNSVILLE I,-19.2500,146.8333,Nachbarpegel -- Kennung pruefen,harmonics/utide/harmonics_utide_observations.txt,10
24.0,psmsl_id,963,"Cape Ferguson, Queensland, Australia",-19.28,147.06,TOWNSVILLE III,-19.2500,146.8333,Nachbarpegel -- Kennung pruefen,harmonics/utide/harmonics_utide_observations.txt,10
24.0,gloss_id,60,"Cape Ferguson, Queensland, Australia",-19.28,147.06,Townsville,-19.2500,146.8333,Nachbarpegel -- Kennung pruefen,harmonics/utide/harmonics_utide_observations.txt,10
24.0,uhslc_id,334,"Cape Ferguson, Queensland, Australia",-19.28,147.06,Townsville,-19.2500,146.8333,Nachbarpegel -- Kennung pruefen,harmonics/utide/harmonics_utide_observations.txt,10
23.9,ioc_code,ferg,"Townsville, Queensland, Australia",-19.25,146.833,Cape_Ferguson_AU,-19.2773,147.0584,Nachbarpegel -- Kennung pruefen,harmonics/utide/harmonics_utide_observations.txt,10
23.9,ptwc_code,ferg,"Townsville, Queensland, Australia",-19.25,146.833,Cape_Ferguson_AU,-19.2773,147.0584,Nachbarpegel -- Kennung pruefen,harmonics/utide/harmonics_utide_observations.txt,10
23.9,psmsl_id,1492,"Townsville, Queensland, Australia",-19.25,146.833,CAPE FERGUSON,-19.2773,147.0584,Nachbarpegel -- Kennung pruefen,harmonics/utide/harmonics_utide_observations.txt,10
23.8,ssc_id,ferg,"Townsville, Queensland, Australia",-19.25,146.833,Cape Ferguson,-19.2767,147.0583,Nachbarpegel -- Kennung pruefen,harmonics/utide/harmonics_utide_observations.txt,10
23.8,uhslc_id,343,"Townsville, Queensland, Australia",-19.25,146.833,Cape Ferguson,-19.2767,147.0583,Nachbarpegel -- Kennung pruefen,harmonics/utide/harmonics_utide_observations.txt,10
23.2,psmsl_id,248,"Singapore (Tanjong Pagar), Singapore",1.2615,103.8521,JOHOR BAHRU,1.4617,103.7917,Nachbarpegel -- Kennung pruefen,harmonics/ticon/harmonics_ticon4_worldwide.txt,11
23.1,ssc_id,meul,"Meulaboh, Sumatra, Indonesia",4.1272,96.1318,Meulaboh,4.3167,96.2167,Position pruefen (Name passt),harmonics/utide/harmonics_utide_observations.txt,5
23.1,uhslc_id,914,"Meulaboh, Sumatra, Indonesia",4.1272,96.1318,Meulaboh,4.3167,96.2167,Position pruefen (Name passt),harmonics/utide/harmonics_utide_observations.txt,5
23.0,psmsl_id,851,"Brisbane Bar, Queensland, Australia",-27.3608,153.1719,BRISBANE II,-27.5000,153.0000,Position pruefen (Name passt),harmonics/ticon/harmonics_ticon4_worldwide.txt,5
23.0,psmsl_id,851,"Brisbane Bar, Queensland, Australia",-27.3608,153.1718,BRISBANE II,-27.5000,153.0000,Position pruefen (Name passt),harmonics/utide/harmonics_utide_observations.txt,5
23.0,ioc_code,lton,"Loreto, Baja California Sur, Mexico",26.0146,-111.3388,Loreto,25.8100,-111.3075,Position pruefen (Name passt),harmonics/utide/harmonics_utide_observations.txt,5
23.0,ptwc_code,lton,"Loreto, Baja California Sur, Mexico",26.0146,-111.3388,Loreto,25.8100,-111.3075,Position pruefen (Name passt),harmonics/utide/harmonics_utide_observations.txt,5
22.9,psmsl_id,724,"Singapore (Tanjong Pagar), Singapore",1.2615,103.8521,SEMBAWANG,1.4667,103.8333,Nachbarpegel -- Kennung pruefen,harmonics/ticon/harmonics_ticon4_worldwide.txt,11
21.5,ioc_code,pcfl,"Panama City Beach (outside), St. Andrew Bay, Florida",30.2138,-85.8786,Panama_City_FL,30.1520,-85.6670,Position pruefen (Name passt),harmonics/classic/harmonics-dwf-20251228-free.txt,7
21.5,ptwc_code,pcfl,"Panama City Beach (outside), St. Andrew Bay, Florida",30.2138,-85.8786,Panama_City_FL,30.1520,-85.6670,Position pruefen (Name passt),harmonics/classic/harmonics-dwf-20251228-free.txt,7
21.5,psmsl_id,1641,"Panama City Beach (outside), St. Andrew Bay, Florida",30.2138,-85.8786,"PANAMA CITY, ST.ANDREWS BAY, FL",30.1517,-85.6667,Position pruefen (Name passt),harmonics/classic/harmonics-dwf-20251228-free.txt,7
21.0,psmsl_id,309,"Jakarta, Java, Indonesia",-6.117,106.85,JAKARTA,-6.1667,106.6667,Position pruefen (Name passt),harmonics/utide/harmonics_utide_observations.txt,8
19.5,uhslc_id,755,"Haulover Pier, N. Miami Beach, Florida",25.9033,-80.12,Virginia Key,25.7317,-80.1617,Nachbarpegel -- Kennung pruefen,harmonics/classic/harmonics-dwf-20251228-free.txt,5
19.4,psmsl_id,2024,"Funchal, Madeira, Portugal",32.6447,-16.9107,FUNCHAL B,32.6511,-17.1178,Position pruefen (Name passt),harmonics/ticon/harmonics_ticon4_worldwide.txt,6
19.4,psmsl_id,2024,"Funchal, Madeira, Portugal",32.6447,-16.9109,FUNCHAL B,32.6511,-17.1178,Position pruefen (Name passt),harmonics/utide/harmonics_utide_observations.txt,6
18.4,gloss_id,29,"Minicoy Island, Lakshadweep, India",8.2824,73.053,Minicoy,8.1170,73.0500,Position pruefen (Name passt),harmonics/classic/harmonics-1997-05-25_mod.txt,6
18.4,ssc_id,mini,"Minicoy Island, Lakshadweep, India",8.2824,73.053,Minicoy,8.1170,73.0500,Position pruefen (Name passt),harmonics/classic/harmonics-1997-05-25_mod.txt,6
18.4,uhslc_id,153,"Minicoy Island, Lakshadweep, India",8.2824,73.053,Minicoy,8.1170,73.0500,Position pruefen (Name passt),harmonics/classic/harmonics-1997-05-25_mod.txt,6
18.4,gloss_id,29,"Minicoy Island, Lakshadweep, India",8.2824,73.053,Minicoy,8.1170,73.0500,Position pruefen (Name passt),harmonics/ticon/harmonics_ticon4_worldwide.txt,6
18.4,ssc_id,mini,"Minicoy Island, Lakshadweep, India",8.2824,73.053,Minicoy,8.1170,73.0500,Position pruefen (Name passt),harmonics/ticon/harmonics_ticon4_worldwide.txt,6
18.4,uhslc_id,153,"Minicoy Island, Lakshadweep, India",8.2824,73.053,Minicoy,8.1170,73.0500,Position pruefen (Name passt),harmonics/ticon/harmonics_ticon4_worldwide.txt,6
18.4,psmsl_id,1015,"Puerto Ángel, Oaxaca, Mexico",15.6656,-96.4914,PUERTO ANGEL,15.5000,-96.5000,Position pruefen (Name passt),harmonics/ticon/harmonics_ticon4_worldwide.txt,7
18.4,psmsl_id,1015,"Puerto Ángel, Oaxaca, Mexico",15.6656,-96.4914,PUERTO ANGEL,15.5000,-96.5000,Position pruefen (Name passt),harmonics/utide/harmonics_utide_observations.txt,7
16.7,ssc_id,lero,"Fort-de-France, Martinique",14.6019,-61.0636,Le Robert,14.6833,-60.9333,Nachbarpegel -- Kennung pruefen,harmonics/utide/harmonics_utide_observations.txt,5
16.7,uhslc_id,270,"Fort-de-France, Martinique",14.6019,-61.0636,Le Robert,14.6833,-60.9333,Nachbarpegel -- Kennung pruefen,harmonics/utide/harmonics_utide_observations.txt,5
16.1,uhslc_id,271,"Le Robert, Martinique",14.6793,-60.9369,Fort-de-France,14.6017,-61.0633,Nachbarpegel -- Kennung pruefen,harmonics/ticon/harmonics_ticon4_worldwide.txt,5
15.9,ioc_code,lero,"Fort-de-France, Martinique",14.6019,-61.0636,Le Robert,14.6769,-60.9379,Nachbarpegel -- Kennung pruefen,harmonics/utide/harmonics_utide_observations.txt,5
15.9,ptwc_code,lero,"Fort-de-France, Martinique",14.6019,-61.0636,Le Robert,14.6769,-60.9379,Nachbarpegel -- Kennung pruefen,harmonics/utide/harmonics_utide_observations.txt,5
15.5,psmsl_id,1766,"Bridgetown, Barbados",13.111,-59.631,BRIDGETOWN (COAST GUARD),13.1667,-59.5000,Position pruefen (Name passt),harmonics/utide/harmonics_utide_observations.txt,7
15.3,psmsl_id,1025,"Gan, Maldives",-0.6878,73.152,GAN I,-0.5667,73.2167,Position pruefen (Name passt),harmonics/ticon/harmonics_ticon4_worldwide.txt,7
15.0,ssc_id,bueno,"Buenos Aires (Muelle de Pescadores), Buenos Aires, Argentina",-34.561,-58.399,Buenos Aires,-34.6667,-58.5000,Position pruefen (Name passt),harmonics/utide/harmonics_utide_observations.txt,4
15.0,uhslc_id,285,"Buenos Aires (Muelle de Pescadores), Buenos Aires, Argentina",-34.561,-58.399,Buenos Aires,-34.6667,-58.5000,Position pruefen (Name passt),harmonics/utide/harmonics_utide_observations.txt,4
14.1,psmsl_id,1476,"Cox's Bazaar, Bangladesh",21.4511,91.9695,COX'S BAZAAR,21.4500,91.8333,Position pruefen (Name passt),harmonics/utide/harmonics_utide_observations.txt,3
14.1,ssc_id,coxs,"Cox's Bazaar, Bangladesh",21.4511,91.9695,Cox's Bazaar,21.4500,91.8333,Position pruefen (Name passt),harmonics/utide/harmonics_utide_observations.txt,3
14.1,uhslc_id,136,"Cox's Bazaar, Bangladesh",21.4511,91.9695,Cox's Bazaar,21.4500,91.8333,Position pruefen (Name passt),harmonics/utide/harmonics_utide_observations.txt,3
13.8,psmsl_id,280,"Surabaya, Java, Indonesia",-7.208,112.725,SURABAYA I,-7.2000,112.6000,Position pruefen (Name passt),harmonics/utide/harmonics_utide_observations.txt,7
13.7,psmsl_id,4,"Bermuda Esso Pier, St. Georges, Bermuda",32.373,-64.703,IRELAND ISLAND,32.3167,-64.8333,Nachbarpegel -- Kennung pruefen,harmonics/ticon/harmonics_ticon4_worldwide.txt,12
13.6,ioc_code,inha,"Inhambane (Rio Matumba.), Mozambique",-23.868,35.377,Inhambane,-23.9167,35.5000,Position pruefen (Name passt),harmonics/utide/harmonics_utide_observations.txt,7
13.6,ptwc_code,inha,"Inhambane (Rio Matumba.), Mozambique",-23.868,35.377,Inhambane,-23.9167,35.5000,Position pruefen (Name passt),harmonics/utide/harmonics_utide_observations.txt,7
12.8,ioc_code,lpaz,"La Paz (Cuarta Zona Naval), Baja California Sur, Mexico",24.1519,-110.3314,La Paz,24.2673,-110.3328,Position pruefen (Name passt),harmonics/utide/harmonics_utide_observations.txt,6
12.8,ioc_code,lpaz2,"La Paz (Cuarta Zona Naval), Baja California Sur, Mexico",24.1519,-110.3314,La Paz2,24.2673,-110.3328,Nachbarpegel -- Kennung pruefen,harmonics/utide/harmonics_utide_observations.txt,6
12.8,ptwc_code,lpaz,"La Paz (Cuarta Zona Naval), Baja California Sur, Mexico",24.1519,-110.3314,La Paz,24.2673,-110.3328,Position pruefen (Name passt),harmonics/utide/harmonics_utide_observations.txt,6
12.5,ioc_code,will,"Bullenbaai, Curaçao",12.187,-69.02,Willemstad,12.1043,-68.9416,Nachbarpegel -- Kennung pruefen,harmonics/ticon/harmonics_ticon4_worldwide.txt,6
12.5,ioc_code,will,"Bullen Bay, Curaçao",12.187,-69.02,Willemstad,12.1043,-68.9416,Nachbarpegel -- Kennung pruefen,harmonics/utide/harmonics_utide_observations.txt,6
11.9,uhslc_id,65,"Lombrum, Manus, Papua New Guinea",-2.0416,147.3746,Manus,-2.0133,147.2717,Position pruefen (Name passt),harmonics/ticon/harmonics_ticon4_worldwide.txt,7
11.8,psmsl_id,1690,"Port Sudan, Sudan",19.6128,37.2268,PORT SUDAN,19.6333,37.1167,Position pruefen (Name passt),harmonics/classic/harmonics_literature.txt,1
11.8,ioc_code,lomb,"Manus, Papua New Guinea",-2.013,147.272,Lombrum_Manus_Is_PG,-2.0421,147.3737,Position pruefen (Name passt),harmonics/utide/harmonics_utide_observations.txt,7
11.8,ptwc_code,lomb,"Manus, Papua New Guinea",-2.013,147.272,Lombrum_Manus_Is_PG,-2.0421,147.3737,Position pruefen (Name passt),harmonics/utide/harmonics_utide_observations.txt,7
11.8,psmsl_id,1860,"Manus, Papua New Guinea",-2.013,147.272,LOMBRUM,-2.0421,147.3738,Nachbarpegel -- Kennung pruefen,harmonics/utide/harmonics_utide_observations.txt,7
11.8,uhslc_id,65,"Lombrum, Manus Is., Papua New Guinea",-2.037,147.375,Manus,-2.0133,147.2717,Position pruefen (Name passt),harmonics/utide/harmonics_utide_observations.txt,7
11.7,ioc_code,atka2,"Atka, Nazan Bay, Atka Island, Alaska",52.2319,-174.1725,"Atka, AK",52.2317,-174.0000,Position pruefen (Name passt),harmonics/classic/harmonics-dwf-20251228-free.txt,4
11.7,gloss_id,331,"Manus, Papua New Guinea",-2.013,147.272,Lombrum,-2.0367,147.3750,Nachbarpegel -- Kennung pruefen,harmonics/utide/harmonics_utide_observations.txt,7
11.7,ssc_id,lomb,"Manus, Papua New Guinea",-2.013,147.272,Lombrum,-2.0367,147.3750,Nachbarpegel -- Kennung pruefen,harmonics/utide/harmonics_utide_observations.txt,7
11.7,uhslc_id,400,"Manus, Papua New Guinea",-2.013,147.272,Lombrum,-2.0367,147.3750,Nachbarpegel -- Kennung pruefen,harmonics/utide/harmonics_utide_observations.txt,7
11.3,psmsl_id,988,"Esperanza (Hope Bay, Antarctica), Antártida Argentina, Argentina",-63.395,-56.995,BAHIA ESPERANZA,-63.3000,-56.9167,Position pruefen (Name passt),harmonics/utide/harmonics_utide_observations.txt,7
11.1,psmsl_id,136,"Port Chalmers, Otago, New Zealand",-45.8147,170.6241,DUNEDIN II,-45.8787,170.5134,Nachbarpegel -- Kennung pruefen,harmonics/utide/harmonics_utide_observations.txt,7
11.1,psmsl_id,252,"Port Chalmers, Otago, New Zealand",-45.8147,170.6241,DUNEDIN,-45.8787,170.5134,Nachbarpegel -- Kennung pruefen,harmonics/utide/harmonics_utide_observations.txt,7
11.0,ssc_id,ccar,"Ciudad Del Carmen (Sector Naval), Campeche, Mexico",18.6318,-91.8318,Ciudad del Carmen,18.5333,-91.8333,Position pruefen (Name passt),harmonics/utide/harmonics_utide_observations.txt,6
11.0,uhslc_id,779,"Ciudad Del Carmen (Sector Naval), Campeche, Mexico",18.6318,-91.8318,Ciudad del Carmen,18.5333,-91.8333,Position pruefen (Name passt),harmonics/utide/harmonics_utide_observations.txt,6
10.4,ioc_code,ters,"West-Terschelling, Netherlands",53.363,5.2201,Terschelling Noordzee,53.4278,5.3328,Position pruefen (Name passt),harmonics/classic/harmonics-dwf-20100529-nonfree_mod.txt,2
10.4,gloss_id,354,"Makemo Atoll, Tuamotu Archipelago",-16.626998,-143.569212,Makemo,-16.5980,-143.6620,Position pruefen (Name passt),harmonics/ticon/harmonics_ticon4_worldwide.txt,6
10.4,ssc_id,make,"Makemo Atoll, Tuamotu Archipelago",-16.626998,-143.569212,Makemo,-16.5980,-143.6620,Position pruefen (Name passt),harmonics/ticon/harmonics_ticon4_worldwide.txt,6
10.4,uhslc_id,454,"Makemo Atoll, Tuamotu Archipelago",-16.626998,-143.569212,Makemo,-16.5980,-143.6620,Position pruefen (Name passt),harmonics/ticon/harmonics_ticon4_worldwide.txt,6
10.4,gloss_id,354,"Makemo Atoll, Tuamotu Archipelago",-16.626998,-143.569212,Makemo,-16.5980,-143.6620,Position pruefen (Name passt),harmonics/utide/harmonics_utide_observations.txt,6
10.4,ssc_id,make,"Makemo Atoll, Tuamotu Archipelago",-16.626998,-143.569212,Makemo,-16.5980,-143.6620,Position pruefen (Name passt),harmonics/utide/harmonics_utide_observations.txt,6
10.4,uhslc_id,454,"Makemo Atoll, Tuamotu Archipelago",-16.626998,-143.569212,Makemo,-16.5980,-143.6620,Position pruefen (Name passt),harmonics/utide/harmonics_utide_observations.txt,6
10.4,ioc_code,ters,"Terschelling, west, Netherlands",53.363045,5.220026,Terschelling Noordzee,53.4278,5.3328,Position pruefen (Name passt),harmonics/utide/harmonics_utide_observations.txt,2
10.3,psmsl_id,416,"Dakshin Bandar (Chittagong  15 No. Ghat), Bangladesh",22.2417,91.8209,CHITTAGONG (SADARGHAT),22.3333,91.8333,Position pruefen (Name passt),harmonics/utide/harmonics_utide_observations.txt,11
10.2,ioc_code,chtt,"Dakshin Bandar (Chittagong  15 No. Ghat), Bangladesh",22.2417,91.8209,Chittagong,22.3333,91.8250,Position pruefen (Name passt),harmonics/utide/harmonics_utide_observations.txt,11
10.2,ptwc_code,chtt,"Dakshin Bandar (Chittagong  15 No. Ghat), Bangladesh",22.2417,91.8209,Chittagong,22.3333,91.8250,Position pruefen (Name passt),harmonics/utide/harmonics_utide_observations.txt,11
10.0,uhslc_id,111,"Pointe la Rue, Seychelles",-4.6744,55.531,Port Victoria,-4.6217,55.4583,Nachbarpegel -- Kennung pruefen,harmonics/ticon/harmonics_ticon4_worldwide.txt,5
10.0,ioc_code,ouve2,"Ouvéa, Îles Loyauté, New Caledonia",-20.549816,166.561867,Ouvea 2,-20.4598,166.5619,Position pruefen (Name passt),harmonics/utide/harmonics_utide_observations.txt,3
9.9,psmsl_id,1579,"Betio, Tarawa, Kiribati",1.3651,172.933,"TARAWA-B,BAIRIKI",1.3333,173.0167,Position pruefen (Name passt),harmonics/ticon/harmonics_ticon4_worldwide.txt,8
9.8,psmsl_id,1611,"Napoli, Italy",40.841406,14.269194,NISIDA,40.8000,14.1667,Nachbarpegel -- Kennung pruefen,harmonics/ticon/harmonics_ticon4_worldwide.txt,7
9.5,psmsl_id,92,"The Battery, New York Harbor, New York",40.7005,-74.0142,FORT HAMILTON,40.6167,-74.0333,Nachbarpegel -- Kennung pruefen,harmonics/classic/harmonics-dwf-20251228-free.txt,8
9.5,psmsl_id,1356,"Kaohsiung, Taiwan",22.6144,120.2883,KAOHSIUNG II,22.5333,120.3167,Position pruefen (Name passt),harmonics/ticon/harmonics_ticon4_worldwide.txt,5
9.5,psmsl_id,1356,"Kaohsiung, Taiwan",22.6144,120.2883,KAOHSIUNG II,22.5333,120.3167,Position pruefen (Name passt),harmonics/utide/harmonics_utide_tidetables.txt,5
9.4,psmsl_id,1177,"Groote Eylandt, Northern Territory, Australia",-13.8591,136.4173,MILNER BAY II,-13.8333,136.5000,Nachbarpegel -- Kennung pruefen,harmonics/utide/harmonics_utide_observations.txt,6
9.0,psmsl_id,733,"Ubatuba, Sao Paulo, Brazil",-23.4513,-45.0467,UBATUBA,-23.5000,-45.1167,Position pruefen (Name passt),harmonics/utide/harmonics_utide_observations.txt,3
9.0,ssc_id,ubat,"Ubatuba, Sao Paulo, Brazil",-23.4513,-45.0467,Ubatuba,-23.5000,-45.1167,Position pruefen (Name passt),harmonics/utide/harmonics_utide_observations.txt,3
9.0,uhslc_id,282,"Ubatuba, Sao Paulo, Brazil",-23.4513,-45.0467,Ubatuba,-23.5000,-45.1167,Position pruefen (Name passt),harmonics/utide/harmonics_utide_observations.txt,3
8.9,psmsl_id,2171,"Santa Cruz das Flores, Açores, Portugal",39.4514,-31.1259,LAJES DAS FLORES,39.3785,-31.1686,Position pruefen (Name passt),harmonics/utide/harmonics_utide_observations.txt,6
8.9,gloss_id,244,"Santa Cruz das Flores, Açores, Portugal",39.4514,-31.1259,"Flores, Lajes",39.3783,-31.1683,Position pruefen (Name passt),harmonics/utide/harmonics_utide_observations.txt,6
8.9,uhslc_id,213,"Santa Cruz das Flores, Açores, Portugal",39.4514,-31.1259,"Flores, Lajes",39.3783,-31.1683,Position pruefen (Name passt),harmonics/utide/harmonics_utide_observations.txt,6
8.7,psmsl_id,1166,"Bundaberg (Burnett Heads), Queensland, Australia",-24.7624,152.3856,BUNDABERG II,-24.8333,152.3500,Position pruefen (Name passt),harmonics/utide/harmonics_utide_observations.txt,5
8.7,psmsl_id,1166,"Bundaberg (Burnett Heads), Queensland, Australia",-24.7624,152.3856,BUNDABERG II,-24.8333,152.3500,Position pruefen (Name passt),harmonics/utide/harmonics_utide_tidetables.txt,5
8.6,ioc_code,mnkt,"Manukau Heads, New Zealand",-37.0488,174.6082,Manukau,-37.0466,174.5117,Position pruefen (Name passt),harmonics/ticon/harmonics_ticon4_worldwide.txt,2
8.6,ptwc_code,mnkt,"Manukau Heads, New Zealand",-37.0488,174.6082,Manukau,-37.0466,174.5117,Position pruefen (Name passt),harmonics/ticon/harmonics_ticon4_worldwide.txt,2
8.5,gloss_id,71,"Davao, Philippines",7.083,125.633,Davao,7.1537,125.6629,Position pruefen (Name passt),harmonics/utide/harmonics_utide_observations.txt,6
8.5,ssc_id,davo,"Davao, Philippines",7.083,125.633,Davao,7.1537,125.6629,Position pruefen (Name passt),harmonics/utide/harmonics_utide_observations.txt,6
8.5,uhslc_id,372,"Davao, Philippines",7.083,125.633,Davao,7.1537,125.6629,Position pruefen (Name passt),harmonics/utide/harmonics_utide_observations.txt,6
8.5,ioc_code,davo,"Davao, Philippines",7.083,125.633,Davao_PH,7.1537,125.6629,Position pruefen (Name passt),harmonics/utide/harmonics_utide_observations.txt,6
8.5,ptwc_code,davo,"Davao, Philippines",7.083,125.633,Davao_PH,7.1537,125.6629,Position pruefen (Name passt),harmonics/utide/harmonics_utide_observations.txt,6
8.4,psmsl_id,1423,"Mangaluru, Karnataka, India",12.8492,74.8345,MANGALORE (PANAMBURU),12.9167,74.8000,Nachbarpegel -- Kennung pruefen,harmonics/classic/harmonics-1997-05-25_mod.txt,2
8.4,psmsl_id,1447,"Christiansted Harbor, St. Croix, Virgin Islands",17.7477,-64.6984,"LIME TREE BAY, ST CROIX",17.6933,-64.7533,Position pruefen (Name passt),harmonics/classic/harmonics-dwf-20251228-free.txt,7
8.4,psmsl_id,1052,"Bantam, Cocos Islands, Australia",-12.1167,96.8922,COCOS IS. (WEST IS.),-12.1333,96.8167,Position pruefen (Name passt),harmonics/utide/harmonics_utide_observations.txt,8
8.3,psmsl_id,218,"Venezia, Italy",45.4188,12.4257,VENEZIA (DIGA SUD DI LIDO),45.3500,12.3833,Position pruefen (Name passt),harmonics/ticon/harmonics_ticon4_worldwide.txt,6
8.3,psmsl_id,975,"Dakshin Bandar (Chittagong  15 No. Ghat), Bangladesh",22.2417,91.8209,CHITTAGONG (T.M. COMPOUND),22.3167,91.8167,Position pruefen (Name passt),harmonics/utide/harmonics_utide_observations.txt,11
8.2,psmsl_id,494,"St. Helier, Jersey, Channel Islands",49.1833,-2.1167,ROZEL (JERSEY),49.2333,-2.0333,Position pruefen (Name passt),harmonics/ticon/harmonics_ticon4_worldwide.txt,4
8.2,ioc_code,espr,"Esperanza (Hope Bay, Antarctica), Antártida Argentina, Argentina",-63.395,-56.995,Bahia_Esperanza_AR,-63.3300,-56.9166,Position pruefen (Name passt),harmonics/utide/harmonics_utide_observations.txt,7
8.2,ptwc_code,espr,"Esperanza (Hope Bay, Antarctica), Antártida Argentina, Argentina",-63.395,-56.995,Bahia_Esperanza_AR,-63.3300,-56.9166,Position pruefen (Name passt),harmonics/utide/harmonics_utide_observations.txt,7
8.2,psmsl_id,494,"St. Helier, Jersey, Channel Islands",49.18333,-2.11667,ROZEL (JERSEY),49.2333,-2.0333,Position pruefen (Name passt),harmonics/utide/harmonics_utide_observations.txt,4
8.1,psmsl_id,1891,"Hong Kong (Quarry Bay), China",22.291,114.2133,TAI MIU WAN,22.2697,114.2886,Nachbarpegel -- Kennung pruefen,harmonics/ticon/harmonics_ticon4_worldwide.txt,9
8.1,ioc_code,puyt,"Puysegur Point, New Zealand",-46.156,166.609,Puysegur Welcome Bay,-46.0848,166.5894,Position pruefen (Name passt),harmonics/ticon/harmonics_ticon4_worldwide.txt,2
8.1,ptwc_code,puyt,"Puysegur Point, New Zealand",-46.156,166.609,Puysegur Welcome Bay,-46.0848,166.5894,Position pruefen (Name passt),harmonics/ticon/harmonics_ticon4_worldwide.txt,2
8.1,psmsl_id,1891,"Quarry Bay, Hong Kong, China",22.2911,114.2133,TAI MIU WAN,22.2697,114.2886,Nachbarpegel -- Kennung pruefen,harmonics/utide/harmonics_utide_tidetables.txt,9
8.0,psmsl_id,141,"Nagasaki (Mizunoura), Nagasaki, Japan",32.7445,129.8609,FUKABORI,32.6833,129.8167,Nachbarpegel -- Kennung pruefen,harmonics/classic/harmonics-2004-06-14_mod.txt,7
7.9,psmsl_id,1616,"Alotau, Papua New Guinea",-10.3175,150.4536,ALOTAU II,-10.3333,150.3833,Position pruefen (Name passt),harmonics/ticon/harmonics_ticon4_worldwide.txt,5
7.9,psmsl_id,1616,"Alotau (Milne Bay), Papua New Guinea",-10.3175,150.4536,ALOTAU II,-10.3333,150.3833,Position pruefen (Name passt),harmonics/utide/harmonics_utide_tidetables.txt,5
7.8,psmsl_id,334,"Sheerness, England, United Kingdom",51.4456,0.7434,SOUTHEND,51.5144,0.7238,Nachbarpegel -- Kennung pruefen,harmonics/ticon/harmonics_ticon4_worldwide.txt,4
7.8,psmsl_id,1616,"Alotau, Papua New Guinea",-10.317,150.453,ALOTAU II,-10.3333,150.3833,Position pruefen (Name passt),harmonics/utide/harmonics_utide_observations.txt,5
7.8,psmsl_id,334,"Sheerness, England, United Kingdom",51.4456,0.7434,SOUTHEND,51.5144,0.7238,Nachbarpegel -- Kennung pruefen,harmonics/utide/harmonics_utide_observations.txt,4
7.6,ssc_id,ptco,"Puerto Cortés, Honduras",15.839,-87.9408,Puerto Cortes,15.8350,-87.8700,Position pruefen (Name passt),harmonics/ticon/harmonics_ticon4_worldwide.txt,5
7.6,uhslc_id,780,"Puerto Cortés, Honduras",15.839,-87.9408,Puerto Cortes,15.8350,-87.8700,Position pruefen (Name passt),harmonics/ticon/harmonics_ticon4_worldwide.txt,5
7.5,psmsl_id,698,"Tampico Puerto (Madero), Tamaulipas, Mexico",22.2616,-97.7957,TAMPICO (MUELLE FISCAL),22.2167,-97.8500,Position pruefen (Name passt),harmonics/utide/harmonics_utide_observations.txt,4
7.4,ioc_code,cnme,"Cutler (Farris Wharf), Little River, Maine",44.6567,-67.21,CutlerNavalBase_ME,44.6400,-67.3000,Nachbarpegel -- Kennung pruefen,harmonics/classic/harmonics-dwf-20251228-free.txt,6
7.4,psmsl_id,141,"Nagasaki (Matsugae), Nagasaki, Japan",32.735,129.8661,FUKABORI,32.6833,129.8167,Nachbarpegel -- Kennung pruefen,harmonics/ticon/harmonics_ticon4_worldwide.txt,7
7.4,psmsl_id,168,"Venezia, Italy",45.4188,12.4257,VENEZIA (PUNTA DELLA SALUTE),45.4333,12.3333,Position pruefen (Name passt),harmonics/ticon/harmonics_ticon4_worldwide.txt,6
7.4,psmsl_id,141,"Nagasaki (Matsugae), Nagasaki, Japan",32.735,129.8661,FUKABORI,32.6833,129.8167,Nachbarpegel -- Kennung pruefen,harmonics/utide/harmonics_utide_observations.txt,7
7.3,psmsl_id,969,"Fos-sur-Mer, France",43.404935,4.892935,PORT DE BOUC,43.4000,4.9833,Nachbarpegel -- Kennung pruefen,harmonics/ticon/harmonics_ticon4_worldwide.txt,4
7.2,chs_id,04980,"Port Nelson, Manitoba, Canada",57.0396,-92.5945,Port Nelson,57.0000,-92.5000,Position pruefen (Name passt),harmonics/classic/harmonics-2004-06-14_mod.txt,1
7.2,psmsl_id,2209,"Isabel Segunda, Vieques, Puerto Rico",18.1525,-65.4438,"ESPERANZA, VIEQUES",18.0933,-65.4717,Position pruefen (Name passt),harmonics/classic/harmonics-dwf-20251228-free.txt,6
7.2,psmsl_id,121,"Fukaura, Aomori, Japan",40.647217,139.926383,IWASAKI,40.5833,139.9167,Nachbarpegel -- Kennung pruefen,harmonics/ticon/harmonics_ticon4_worldwide.txt,4
7.2,psmsl_id,39,"Venezia, Italy",45.4188,12.4257,VENEZIA (S.STEFANO),45.4167,12.3333,Position pruefen (Name passt),harmonics/ticon/harmonics_ticon4_worldwide.txt,6
7.2,psmsl_id,1427,"Saldanha Bay, South Africa",-33.017,17.95,SALAMANDER,-33.0667,18.0000,Nachbarpegel -- Kennung pruefen,harmonics/utide/harmonics_utide_observations.txt,4
7.2,chs_id,04980,"Port Nelson, Manitoba, Canada",57.0396,-92.5945,Port Nelson,57.0000,-92.5000,Position pruefen (Name passt),harmonics/utide/harmonics_utide_tidetables.txt,1
7.1,psmsl_id,1524,"Cutler (Farris Wharf), Little River, Maine",44.6567,-67.21,CUTLER II,44.6417,-67.2967,Position pruefen (Name passt),harmonics/classic/harmonics-dwf-20251228-free.txt,6
7.1,uhslc_id,733,"Isabel Segunda, Vieques, Puerto Rico",18.1525,-65.4438,Esperanza,18.0933,-65.4700,Nachbarpegel -- Kennung pruefen,harmonics/classic/harmonics-dwf-20251228-free.txt,6
7.1,psmsl_id,121,"Fukaura, Aomori, Japan",40.6472,139.9264,IWASAKI,40.5833,139.9167,Nachbarpegel -- Kennung pruefen,harmonics/utide/harmonics_utide_observations.txt,4
7.0,chs_id,06290,"Kugluktuk (Coppermine), Nunavut, Canada",67.8251,-115.135,Kugluktuk,67.8794,-115.2179,Position pruefen (Name passt),harmonics/classic/harmonics-2004-06-14_mod.txt,1
7.0,psmsl_id,1422,"George Town, Grand Cayman, Cayman Islands",19.295,-81.383,NORTH SOUND,19.3000,-81.3167,Nachbarpegel -- Kennung pruefen,harmonics/utide/harmonics_utide_observations.txt,6
7.0,chs_id,06290,"Kugluktuk, Nunavut, Canada",67.8251,-115.135,Kugluktuk,67.8794,-115.2179,Position pruefen (Name passt),harmonics/utide/harmonics_utide_tidetables.txt,1
6.8,gloss_id,68,"Ambon, Maluku, Indonesia",-3.7,128.2,Ambon,-3.6390,128.2004,Position pruefen (Name passt),harmonics/ticon/harmonics_ticon4_worldwide.txt,5
6.8,uhslc_id,133,"Ambon, Maluku, Indonesia",-3.7,128.2,Ambon,-3.6390,128.2004,Position pruefen (Name passt),harmonics/ticon/harmonics_ticon4_worldwide.txt,5
6.8,uhslc_id,630,"Daliang, China",38.867,121.683,Dalian,38.9250,121.6583,Nachbarpegel -- Kennung pruefen,harmonics/ticon/harmonics_ticon4_worldwide.txt,6
6.8,gloss_id,68,"Ambon, Maluku, Indonesia",-3.7,128.2,Ambon,-3.6390,128.2004,Position pruefen (Name passt),harmonics/utide/harmonics_utide_observations.txt,5
6.8,uhslc_id,133,"Ambon, Maluku, Indonesia",-3.7,128.2,Ambon,-3.6390,128.2004,Position pruefen (Name passt),harmonics/utide/harmonics_utide_observations.txt,5
6.7,psmsl_id,1741,"Fanning, Kiribati",3.907,-159.387,FANNING-C,3.8500,-159.3667,Position pruefen (Name passt),harmonics/ticon/harmonics_ticon4_worldwide.txt,5
6.7,psmsl_id,1198,"Numbo Nouméa, New Caledonia",-22.241966,166.416218,NOUMEA II,-22.3000,166.4333,Position pruefen (Name passt),harmonics/utide/harmonics_utide_observations.txt,7
6.7,psmsl_id,852,"Numbo Nouméa, New Caledonia",-22.241966,166.416218,NOUMEA-CHALEIX,-22.3000,166.4333,Position pruefen (Name passt),harmonics/utide/harmonics_utide_observations.txt,7
6.7,ioc_code,subi,"Subic Bay, Philippines",14.765,120.252,Subic_Bay,14.8167,120.2833,Position pruefen (Name passt),harmonics/utide/harmonics_utide_observations.txt,5
6.7,ptwc_code,subi,"Subic Bay, Philippines",14.765,120.252,Subic_Bay,14.8167,120.2833,Position pruefen (Name passt),harmonics/utide/harmonics_utide_observations.txt,5
6.5,psmsl_id,1507,"Brouwershaven Brouwhvn, Netherlands",51.738429,3.903034,BROUWERSHAVENSE GAT,51.7508,3.8114,Nachbarpegel -- Kennung pruefen,harmonics/ticon/harmonics_ticon4_worldwide.txt,2
6.5,psmsl_id,74,"Göteborg Torshamnen, Sweden",57.6847,11.7906,GOTEBORG - KLIPPAN,57.6833,11.9000,Position pruefen (Name passt),harmonics/ticon/harmonics_ticon4_worldwide.txt,6
6.4,psmsl_id,919,"Port Isabel, Laguna Madre, Texas",26.0612,-97.2155,PADRE ISLAND,26.0683,-97.1517,Nachbarpegel -- Kennung pruefen,harmonics/classic/harmonics-dwf-20251228-free.txt,6
6.4,psmsl_id,2053,"Puerto exterior de Prioriño-Ferrol 1, Spain",43.46311,-8.32541,FERROL 2,43.4762,-8.2485,Position pruefen (Name passt),harmonics/classic/harmonics_puertos_spain.txt,4
6.4,psmsl_id,2053,"Puerto exterior de Prioriño-Ferrol 1, Spain",43.4631,-8.3254,FERROL 2,43.4762,-8.2485,Position pruefen (Name passt),harmonics/ticon/harmonics_ticon4_worldwide.txt,4
6.3,psmsl_id,1884,"Bay Waveland Yacht Club, Bay St. Louis, Mississippi",30.3263,-89.3258,"WAVELAND, GULF OF MEX., MS",30.2817,-89.3667,Position pruefen (Name passt),harmonics/classic/harmonics-dwf-20251228-free.txt,6
6.3,ioc_code,sab2,"Sabang (Pulau Weh), Indonesia",5.8879,95.3169,Sabang2,5.8333,95.3333,Nachbarpegel -- Kennung pruefen,harmonics/utide/harmonics_utide_observations.txt,8
6.3,ioc_code,saba,"Sabang (Pulau Weh), Indonesia",5.8879,95.3169,Sabang,5.8333,95.3333,Position pruefen (Name passt),harmonics/utide/harmonics_utide_observations.txt,8
6.3,ptwc_code,sab2,"Sabang (Pulau Weh), Indonesia",5.8879,95.3169,Sabang2,5.8333,95.3333,Nachbarpegel -- Kennung pruefen,harmonics/utide/harmonics_utide_observations.txt,8
6.3,ptwc_code,saba,"Sabang (Pulau Weh), Indonesia",5.8879,95.3169,Sabang,5.8333,95.3333,Position pruefen (Name passt),harmonics/utide/harmonics_utide_observations.txt,8
6.2,uhslc_id,590,"Papeete (Fare 'Ute), Tahiti, French Polynesia",-17.5332,-149.5727,Matavai,-17.5167,-149.5167,Nachbarpegel -- Kennung pruefen,harmonics/classic/harmonics-2004-06-14_mod.txt,9
6.2,ioc_code,lcla,"Lake Charles, Calcasieu River, Louisiana",30.2236,-93.2217,Lake Charles,30.2016,-93.2806,Position pruefen (Name passt),harmonics/classic/harmonics-dwf-20251228-free.txt,2
6.2,ptwc_code,lcla,"Lake Charles, Calcasieu River, Louisiana",30.2236,-93.2217,Lake Charles,30.2016,-93.2806,Position pruefen (Name passt),harmonics/classic/harmonics-dwf-20251228-free.txt,2
6.2,uhslc_id,590,"Papeete (Fare 'Ute), Tahiti, French Polynesia",-17.5332,-149.5727,Matavai,-17.5167,-149.5167,Nachbarpegel -- Kennung pruefen,harmonics/utide/harmonics_utide_observations.txt,9
6.2,uhslc_id,590,"Papeete (Fare 'Ute), Tahiti, French Polynesia",-17.5333,-149.5723,Matavai,-17.5167,-149.5167,Nachbarpegel -- Kennung pruefen,harmonics/utide/harmonics_utide_tidetables.txt,9
6.1,ssc_id,fann,"Fanning, Kiribati",3.907,-159.387,Fanning,3.8567,-159.3650,Position pruefen (Name passt),harmonics/ticon/harmonics_ticon4_worldwide.txt,5
6.1,uhslc_id,12,"Fanning, Kiribati",3.907,-159.387,Fanning,3.8567,-159.3650,Position pruefen (Name passt),harmonics/ticon/harmonics_ticon4_worldwide.txt,5
6.1,gloss_id,267,"Acapulco, Guerrero, Mexico",16.8406,-99.909,Acapulco,16.8417,-99.8517,Position pruefen (Name passt),harmonics/utide/harmonics_utide_observations.txt,9
6.1,ssc_id,acap,"Acapulco, Guerrero, Mexico",16.8406,-99.909,Acapulco,16.8417,-99.8517,Position pruefen (Name passt),harmonics/utide/harmonics_utide_observations.txt,9
6.1,uhslc_id,316,"Acapulco, Guerrero, Mexico",16.8406,-99.909,Acapulco,16.8417,-99.8517,Position pruefen (Name passt),harmonics/utide/harmonics_utide_observations.txt,9
5.9,psmsl_id,103,"Taranto, Italy",40.475603,17.223764,TARANTO,40.4333,17.2667,Position pruefen (Name passt),harmonics/ticon/harmonics_ticon4_worldwide.txt,4
5.9,psmsl_id,87,"Venezia, Italy",45.4188,12.4257,VENEZIA (ARSENALE),45.4167,12.3500,Position pruefen (Name passt),harmonics/ticon/harmonics_ticon4_worldwide.txt,6
5.9,psmsl_id,573,"Borkum (Fischerbalje), Germany",53.5574,6.7479,BORKUM (SUEDSTRAND),53.5789,6.6664,Position pruefen (Name passt),harmonics/utide/harmonics_utide_observations.txt,3
5.8,psmsl_id,476,"Dakar, Senegal",14.677,-17.42,DAKAR,14.6333,-17.4500,Position pruefen (Name passt),harmonics/ticon/harmonics_ticon4_worldwide.txt,11
5.8,psmsl_id,1173,"Fort Dension, New South Wales, Australia",-33.8547,151.2258,CAMP COVE II,-33.8333,151.2833,Nachbarpegel -- Kennung pruefen,harmonics/ticon/harmonics_ticon4_worldwide.txt,8
5.8,psmsl_id,549,"Fort Dension, New South Wales, Australia",-33.8547,151.2258,CAMP COVE,-33.8333,151.2833,Nachbarpegel -- Kennung pruefen,harmonics/ticon/harmonics_ticon4_worldwide.txt,8
5.8,psmsl_id,1173,"Fort Denison, New South Wales, Australia",-33.8547,151.2258,CAMP COVE II,-33.8333,151.2833,Nachbarpegel -- Kennung pruefen,harmonics/utide/harmonics_utide_observations.txt,8
5.8,psmsl_id,549,"Fort Denison, New South Wales, Australia",-33.8547,151.2258,CAMP COVE,-33.8333,151.2833,Nachbarpegel -- Kennung pruefen,harmonics/utide/harmonics_utide_observations.txt,8
5.8,ioc_code,pada,"Padang, Sumatra, Indonesia",-1.0019,100.3685,Padang,-0.9500,100.3667,Position pruefen (Name passt),harmonics/utide/harmonics_utide_observations.txt,10
5.8,ptwc_code,pada,"Padang, Sumatra, Indonesia",-1.0019,100.3685,Padang,-0.9500,100.3667,Position pruefen (Name passt),harmonics/utide/harmonics_utide_observations.txt,10
5.8,ioc_code,padn,"Padang, Sumatra, Indonesia",-1.0019,100.3685,Padang2,-0.9500,100.3667,Nachbarpegel -- Kennung pruefen,harmonics/utide/harmonics_utide_observations.txt,10
5.8,psmsl_id,1686,"Padang, Sumatra, Indonesia",-1.0019,100.3685,PADANG II (TELUK BAYUR),-0.9500,100.3667,Position pruefen (Name passt),harmonics/utide/harmonics_utide_observations.txt,10
5.8,ptwc_code,padn,"Padang, Sumatra, Indonesia",-1.0019,100.3685,Padang2,-0.9500,100.3667,Nachbarpegel -- Kennung pruefen,harmonics/utide/harmonics_utide_observations.txt,10
5.8,psmsl_id,283,"Jakarta, Java, Indonesia",-6.117,106.85,TANJUNG PRIOK,-6.1000,106.9000,Nachbarpegel -- Kennung pruefen,harmonics/utide/harmonics_utide_observations.txt,8
5.8,ioc_code,sumt,"Lyttelton, Canterbury, New Zealand",-43.6056,172.7219,Christchurch,-43.5696,172.7732,Nachbarpegel -- Kennung pruefen,harmonics/utide/harmonics_utide_observations.txt,6
5.8,ptwc_code,sumt,"Lyttelton, Canterbury, New Zealand",-43.6056,172.7219,Christchurch,-43.5696,172.7732,Nachbarpegel -- Kennung pruefen,harmonics/utide/harmonics_utide_observations.txt,6
5.8,psmsl_id,476,"Dakar, Senegal",14.677,-17.42,DAKAR,14.6333,-17.4500,Position pruefen (Name passt),harmonics/utide/harmonics_utide_observations.txt,11
5.7,psmsl_id,15,"Liverpool (Gladstone Dock), England, United Kingdom",53.4497,-3.018,LIVERPOOL GEORGES AND PRINCES PIERS,53.4000,-3.0000,Position pruefen (Name passt),harmonics/classic/harmonics-dwf-20100529-nonfree_mod.txt,5
5.7,psmsl_id,719,"Duke Marine Lab, Beaufort, North Carolina",34.7173,-76.6707,MOREHEAD CITY,34.7167,-76.7333,Nachbarpegel -- Kennung pruefen,harmonics/classic/harmonics-dwf-20251228-free.txt,5
5.7,psmsl_id,15,"Liverpool (Gladstone Dock), England, United Kingdom",53.4497,-3.018,LIVERPOOL GEORGES AND PRINCES PIERS,53.4000,-3.0000,Position pruefen (Name passt),harmonics/ticon/harmonics_ticon4_worldwide.txt,5
5.7,psmsl_id,15,"Liverpool, Gladstone Dock, England, United Kingdom",53.44969,-3.018,LIVERPOOL GEORGES AND PRINCES PIERS,53.4000,-3.0000,Position pruefen (Name passt),harmonics/utide/harmonics_utide_observations.txt,5
5.7,psmsl_id,15,"Liverpool (Gladstone Dock), England, United Kingdom",53.4497,-3.0181,LIVERPOOL GEORGES AND PRINCES PIERS,53.4000,-3.0000,Position pruefen (Name passt),harmonics/utide/harmonics_utide_tidetables.txt,5
5.5,psmsl_id,765,"Liverpool (Gladstone Dock), England, United Kingdom",53.4497,-3.018,BIRKENHEAD (ALFRED DOCK),53.4000,-3.0167,Position pruefen (Name passt),harmonics/classic/harmonics-dwf-20100529-nonfree_mod.txt,5
5.5,psmsl_id,1045,"Los Angeles (outer harbor), California",33.72,-118.272,LONG BEACH,33.7517,-118.2267,Nachbarpegel -- Kennung pruefen,harmonics/classic/harmonics-dwf-20251228-free.txt,7
5.5,psmsl_id,765,"Liverpool (Gladstone Dock), England, United Kingdom",53.4497,-3.018,BIRKENHEAD (ALFRED DOCK),53.4000,-3.0167,Position pruefen (Name passt),harmonics/ticon/harmonics_ticon4_worldwide.txt,5
5.5,ssc_id,sumt,"Sumner Head, New Zealand",-43.571,172.7714,Lyttelton,-43.6000,172.7167,Nachbarpegel -- Kennung pruefen,harmonics/ticon/harmonics_ticon4_worldwide.txt,6
5.5,uhslc_id,667,"Sumner Head, New Zealand",-43.571,172.7714,Lyttelton,-43.6000,172.7167,Nachbarpegel -- Kennung pruefen,harmonics/ticon/harmonics_ticon4_worldwide.txt,6
5.5,psmsl_id,247,"Sumner Head, New Zealand",-43.571,172.7714,PORT LYTTELTON,-43.6056,172.7219,Nachbarpegel -- Kennung pruefen,harmonics/ticon/harmonics_ticon4_worldwide.txt,6
5.5,psmsl_id,259,"Sumner Head, New Zealand",-43.571,172.7714,LYTTELTON II,-43.6056,172.7219,Nachbarpegel -- Kennung pruefen,harmonics/ticon/harmonics_ticon4_worldwide.txt,6
5.5,psmsl_id,1984,"Dallmann, Antártida Argentina, Argentina",-62.233,-58.683,KING SEJONG,-62.2167,-58.7833,Nachbarpegel -- Kennung pruefen,harmonics/utide/harmonics_utide_observations.txt,3
5.5,psmsl_id,274,"Padang, Sumatra, Indonesia",-1.0019,100.3685,PADANG I (TELUK BAYUR),-0.9667,100.3333,Position pruefen (Name passt),harmonics/utide/harmonics_utide_observations.txt,10
5.5,psmsl_id,765,"Liverpool, Gladstone Dock, England, United Kingdom",53.44969,-3.018,BIRKENHEAD (ALFRED DOCK),53.4000,-3.0167,Position pruefen (Name passt),harmonics/utide/harmonics_utide_observations.txt,5
5.5,psmsl_id,765,"Liverpool (Gladstone Dock), England, United Kingdom",53.4497,-3.0181,BIRKENHEAD (ALFRED DOCK),53.4000,-3.0167,Position pruefen (Name passt),harmonics/utide/harmonics_utide_tidetables.txt,5
5.4,psmsl_id,1504,"Llandudno, Wales, United Kingdom",53.331667,-3.825222,CONWY,53.2833,-3.8333,Nachbarpegel -- Kennung pruefen,harmonics/ticon/harmonics_ticon4_worldwide.txt,3
5.4,psmsl_id,106,"Civitavecchia, Italy",42.094002,11.7897,CIVITAVECCHIA,42.0500,11.8167,Position pruefen (Name passt),harmonics/ticon/harmonics_ticon4_worldwide.txt,4
5.4,psmsl_id,1983,"Puerto San José, Guatemala",13.917,-90.833,PUERTO QUETZAL,13.9167,-90.7833,Position pruefen (Name passt),harmonics/ticon/harmonics_ticon4_worldwide.txt,4
5.4,psmsl_id,1504,"Llandudno, England, United Kingdom",53.33167,-3.82522,CONWY,53.2833,-3.8333,Nachbarpegel -- Kennung pruefen,harmonics/utide/harmonics_utide_observations.txt,3
5.3,psmsl_id,157,"Buenos Aires (Muelle de Pescadores), Buenos Aires, Argentina",-34.561,-58.399,BUENOS AIRES,-34.6000,-58.3667,Position pruefen (Name passt),harmonics/utide/harmonics_utide_observations.txt,4
5.3,gloss_id,195,"Ilha Fiscal, Rio de Janeiro, Brazil",-22.8966,-43.166,Rio de Janeiro,-22.9333,-43.1333,Position pruefen (Name passt),harmonics/utide/harmonics_utide_observations.txt,6
5.3,ssc_id,rioj,"Ilha Fiscal, Rio de Janeiro, Brazil",-22.8966,-43.166,Rio de Janeiro,-22.9333,-43.1333,Position pruefen (Name passt),harmonics/utide/harmonics_utide_observations.txt,6
5.3,uhslc_id,709,"Ilha Fiscal, Rio de Janeiro, Brazil",-22.8966,-43.166,Rio de Janeiro,-22.9333,-43.1333,Position pruefen (Name passt),harmonics/utide/harmonics_utide_observations.txt,6
5.3,psmsl_id,579,"Ilha Fiscal, Rio de Janeiro, Brazil",-22.8966,-43.166,RIO DE JANEIRO,-22.9333,-43.1333,Position pruefen (Name passt),harmonics/utide/harmonics_utide_observations.txt,6
5.3,gloss_id,195,"Ilha Fiscal, Rio de Janeiro, Brazil",-22.8966,-43.166,Rio de Janeiro,-22.9333,-43.1333,Position pruefen (Name passt),harmonics/utide/harmonics_utide_tidetables.txt,6
5.3,ssc_id,rioj,"Ilha Fiscal, Rio de Janeiro, Brazil",-22.8966,-43.166,Rio de Janeiro,-22.9333,-43.1333,Position pruefen (Name passt),harmonics/utide/harmonics_utide_tidetables.txt,6
5.3,uhslc_id,709,"Ilha Fiscal, Rio de Janeiro, Brazil",-22.8966,-43.166,Rio de Janeiro,-22.9333,-43.1333,Position pruefen (Name passt),harmonics/utide/harmonics_utide_tidetables.txt,6
5.3,psmsl_id,579,"Ilha Fiscal, Rio de Janeiro, Brazil",-22.8966,-43.166,RIO DE JANEIRO,-22.9333,-43.1333,Position pruefen (Name passt),harmonics/utide/harmonics_utide_tidetables.txt,6
5.3,chs_id,00260,"Five Islands, Nova Scotia, Canada",45.389,-64.063,Five Islands,45.3794,-64.1299,Position pruefen (Name passt),harmonics/utide/harmonics_utide_tidetables.txt,1
5.2,ssc_id,sanq,"San Quintin (Campo La Chorera), Mexico",30.4364,-115.987,San Quintin,30.4833,-115.9833,Position pruefen (Name passt),harmonics/utide/harmonics_utide_observations.txt,3
5.2,uhslc_id,308,"San Quintin (Campo La Chorera), Mexico",30.4364,-115.987,San Quintin,30.4833,-115.9833,Position pruefen (Name passt),harmonics/utide/harmonics_utide_observations.txt,3
5.2,psmsl_id,1457,"San Quintin (Campo La Chorera), Mexico",30.4364,-115.987,BAHIA SAN QUINTIN,30.4833,-115.9833,Position pruefen (Name passt),harmonics/utide/harmonics_utide_observations.txt,3
5.1,psmsl_id,363,"Virginia Key, Bear Cut, Biscayne Bay, Florida",25.7314,-80.1618,MIAMI BEACH,25.7683,-80.1317,Nachbarpegel -- Kennung pruefen,harmonics/classic/harmonics-dwf-20251228-free.txt,4
5.1,psmsl_id,1597,"Pointe-au-Père, Québec, Canada",48.5192,-68.4732,RIMOUSKI,48.4833,-68.5167,Nachbarpegel -- Kennung pruefen,harmonics/ticon/harmonics_ticon4_worldwide.txt,2
5.1,ioc_code,ushu,"Ushuaia, Tierra del Fuego, Argentina",-54.8062,-68.2948,Ushuaia,-54.8170,-68.2170,Position pruefen (Name passt),harmonics/utide/harmonics_utide_observations.txt,7
5.1,ptwc_code,ushu,"Ushuaia, Tierra del Fuego, Argentina",-54.8062,-68.2948,Ushuaia,-54.8170,-68.2170,Position pruefen (Name passt),harmonics/utide/harmonics_utide_observations.txt,7
5.1,psmsl_id,1271,"Ushuaia, Tierra del Fuego, Argentina",-54.8062,-68.2948,USHUAIA II,-54.8167,-68.2167,Position pruefen (Name passt),harmonics/utide/harmonics_utide_observations.txt,7
5.1,psmsl_id,1850,"Ushuaia, Tierra del Fuego, Argentina",-54.8062,-68.2948,USHUAIA III,-54.8167,-68.2167,Position pruefen (Name passt),harmonics/utide/harmonics_utide_observations.txt,7
5.1,psmsl_id,874,"Ushuaia, Tierra del Fuego, Argentina",-54.8062,-68.2948,USHUAIA I,-54.8167,-68.2167,Position pruefen (Name passt),harmonics/utide/harmonics_utide_observations.txt,7
5.1,psmsl_id,1597,"Pointe-au-Père, Québec, Canada",48.519167,-68.473167,RIMOUSKI,48.4833,-68.5167,Nachbarpegel -- Kennung pruefen,harmonics/utide/harmonics_utide_tidetables.txt,3
