verdacht,ozean_km,datei,name,lat,lon,kueste,fluesse,flaechen,flaechen_benannt
1,inf,harmonics-2004-06-14_mod.txt,"Lac Saint-Pierre, Québec, Canada",46.1948,-72.8955,0,,0,
1,inf,harmonics_utide_tidetables.txt,"Lac Saint-Pierre, Québec, Canada",46.1948,-72.8955,0,,0,
0,inf,harmonics_att_np208_secondary.txt,"Fatoto, Gambia",13.4071,-13.8914,0,Gambia; Gambie,1,
0,inf,harmonics_att_np208_secondary.txt,"Bansang, Gambia",13.4359,-14.6537,0,Gambia; Gambie,1,
0,inf,harmonics_att_np208_secondary.txt,"Janjanbureh, Gambia",13.5440,-14.7636,0,Gambia; Gambia River,1,
0,inf,harmonics_att_np208_secondary.txt,"Kuntaur, Gambia",13.6709,-14.8911,0,Bolong Pallan; Gambia; Gambia River; Pallan Bolon,1,
0,inf,harmonics-dwf-20251228-free.txt,"Kingston Point, south of (depth 30 ft), Hudson River (midchannel), New York Current",41.9183,-73.9595,0,Hudson River; Rondout Creek,3,
0,inf,harmonics-dwf-20251228-free.txt,"Kingston Point, south of (depth 17 ft), Hudson River (midchannel), New York Current",41.9183,-73.9595,0,Hudson River; Rondout Creek,3,
0,inf,harmonics-dwf-20251228-free.txt,"Kingston Point, south of (depth 4 ft), Hudson River (midchannel), New York Current",41.9183,-73.9595,0,Hudson River; Rondout Creek,3,
0,inf,harmonics-dwf-20251228-free.txt,"Kingston-Rhinecliff Bridge (depth 27 ft), Hudson River (midchannel), New York Current",41.9771,-73.9523,0,Hudson River,4,
0,inf,harmonics-dwf-20251228-free.txt,"Kingston-Rhinecliff Bridge (depth 14 ft), Hudson River (midchannel), New York Current",41.9771,-73.9523,0,Hudson River,4,
0,inf,harmonics-dwf-20251228-free.txt,"Kingston-Rhinecliff Bridge (depth 4 ft), Hudson River (midchannel), New York Current",41.9771,-73.9523,0,Hudson River,4,
0,inf,harmonics-dwf-20251228-free.txt,"Turkey Point Hudson River NERRS, Hudson River, New York",42.0139,-73.9392,0,Hudson River,2,
0,inf,harmonics-dwf-20251228-free.txt,"Silver Point, south of (depth 31 ft), Hudson River (midchannel), New York Current",42.1382,-73.9085,0,Hudson River,1,
0,inf,harmonics-dwf-20251228-free.txt,"Silver Point, south of (depth 14 ft), Hudson River (midchannel), New York Current",42.1382,-73.9085,0,Hudson River,1,
0,inf,harmonics-dwf-20251228-free.txt,"Silver Point, south of (depth 4 ft), Hudson River (midchannel), New York Current",42.1382,-73.9085,0,Hudson River,1,
0,inf,harmonics-dwf-20251228-free.txt,"Hudson (depth 40 ft), Hudson River (midchannel), New York Current",42.2479,-73.8184,0,Hudson River,3,
0,inf,harmonics-dwf-20251228-free.txt,"Hudson (depth 24 ft), Hudson River (midchannel), New York Current",42.2479,-73.8184,0,Hudson River,3,
0,inf,harmonics-dwf-20251228-free.txt,"Hudson (depth 14 ft), Hudson River (midchannel), New York Current",42.2479,-73.8184,0,Hudson River,3,
0,inf,harmonics-dwf-20251228-free.txt,"Coxsackie (depth 31 ft), Hudson River (midchannel), New York Current",42.3513,-73.7899,0,Hudson River,1,
0,inf,harmonics-dwf-20251228-free.txt,"Coxsackie (depth 14 ft), Hudson River (midchannel), New York Current",42.3513,-73.7899,0,Hudson River,1,
0,inf,harmonics-dwf-20251228-free.txt,"Coxsackie (depth 4 ft), Hudson River (midchannel), New York Current",42.3513,-73.7899,0,Hudson River,1,
0,inf,harmonics-dwf-20251228-free.txt,"Coxsackie, Hudson River, New York",42.3526,-73.7949,0,Hudson River,1,
0,inf,harmonics-dwf-20251228-free.txt,"Houghtaling Island, south of (depth 27 ft), Hudson River (midchannel), New York Current",42.4226,-73.7799,0,Hudson River; Schodack Creek,4,
0,inf,harmonics-dwf-20251228-free.txt,"Houghtaling Island, south of (depth 14 ft), Hudson River (midchannel), New York Current",42.4226,-73.7799,0,Hudson River; Schodack Creek,4,
0,inf,harmonics-dwf-20251228-free.txt,"Houghtaling Island, south of (depth 4 ft), Hudson River (midchannel), New York Current",42.4226,-73.7799,0,Hudson River; Schodack Creek,4,
0,inf,harmonics-dwf-20251228-free.txt,"Castleton-on-Hudson Bridge (depth 32 ft), Hudson River (midchannel), New York Current",42.5044,-73.7774,0,Hudson River; Schodack Creek,2,
0,inf,harmonics-dwf-20251228-free.txt,"Castleton-on-Hudson Bridge (depth 16 ft), Hudson River (midchannel), New York Current",42.5044,-73.7774,0,Hudson River; Schodack Creek,2,
0,inf,harmonics-dwf-20251228-free.txt,"Castleton-on-Hudson Bridge (depth 6 ft), Hudson River (midchannel), New York Current",42.5044,-73.7774,0,Hudson River; Schodack Creek,2,
0,inf,harmonics-dwf-20251228-free.txt,"Port of Albany (depth 30 ft), Hudson River (midchannel), New York Current",42.6232,-73.7556,0,Hudson River; Normans Kill,10,
0,inf,harmonics-dwf-20251228-free.txt,"Port of Albany (depth 16 ft), Hudson River (midchannel), New York Current",42.6232,-73.7556,0,Hudson River; Normans Kill,10,
0,inf,harmonics-dwf-20251228-free.txt,"Port of Albany (depth 7 ft), Hudson River (midchannel), New York Current",42.6232,-73.7556,0,Hudson River; Normans Kill,10,
0,inf,harmonics-dwf-20251228-free.txt,"Albany, Hudson River, New York",42.6500,-73.7467,0,Hudson River,6,Empire State Plaza Ice Rink (seasonal); Mill Creek
0,inf,harmonics_utide_tidetables.txt,"Montréal Jetée #1, Québec, Canada",45.5035,-73.5525,0,Canal Lachine; Canal-de-Lachine,9,Bassin Bickerdike; Bassin Bonsecours; Bassin Peel; Bassin Pointe du moulin; Bassin des éclusiers; Canal de Lachine
0,inf,harmonics_utide_tidetables.txt,"Montréal rue Frontenac, Québec, Canada",45.5287,-73.5425,0,Fleuve Saint-Laurent; Splash,2,Lac des Dauphins
0,inf,harmonics-dwf-20251228-free.txt,"Washougal, Columbia River, Washington",45.5783,-122.3820,0,Columbia River; Washougal River,10,Washougal River
0,inf,harmonics-dwf-20251228-free.txt,"Beacon Rock State Park, Columbia River, Washington",45.6203,-122.0203,0,Columbia River,3,Ridell Lake
0,inf,harmonics_utide_tidetables.txt,"Varennes, Québec, Canada",45.6843,-73.4437,0,Fleuve Saint-Laurent; Rivière Saint-Charles,3,Poulier de Varennes
0,inf,harmonics_utide_tidetables.txt,"Contrecoeur IOC, Québec, Canada",45.8327,-73.2832,0,Fleuve Saint-Laurent,2,
0,inf,harmonics-2004-06-14_mod.txt,"Sorel, Québec, Canada",46.0472,-73.1157,0,Rivière Richelieu,3,Lac Saint-Pierre
0,inf,harmonics_utide_tidetables.txt,"Sorel, Québec, Canada",46.0472,-73.1157,0,Rivière Richelieu,3,Lac Saint-Pierre
0,inf,harmonics_ticon4_worldwide.txt,"Sorel, Québec, Canada",46.0471,-73.1155,0,Rivière Richelieu,3,Lac Saint-Pierre
0,inf,harmonics-2004-06-14_mod.txt,"Îlets Percés, Québec, Canada",46.1172,-72.9490,0,Fleuve Saint-Laurent; Rivière Yamaska,1,Lac Saint-Pierre
0,inf,harmonics_ticon4_worldwide.txt,"Louiseville, Québec, Canada",46.2208,-72.9244,0,Rivière du Loup,2,Lac Saint-Pierre; Rivière du Loup
0,inf,harmonics-2004-06-14_mod.txt,"Nicolet, Québec, Canada",46.2470,-72.6510,0,Rivière Nicolet,3,Estuaire fluvial du Saint-Laurent; Lac Saint-Pierre
0,inf,harmonics_ticon4_worldwide.txt,"Port-Saint-François, Québec, Canada",46.2725,-72.6193,0,Fleuve Saint-Laurent,1,Estuaire fluvial du Saint-Laurent
0,inf,harmonics_utide_tidetables.txt,"Port-Saint-François, Québec, Canada",46.2725,-72.6193,0,Fleuve Saint-Laurent,1,Estuaire fluvial du Saint-Laurent
0,inf,harmonics_ticon4_worldwide.txt,"Becancour, Québec, Canada",46.4003,-72.3795,0,Fleuve Saint-Laurent,3,Estuaire fluvial du Saint-Laurent
0,inf,harmonics_utide_tidetables.txt,"Bécancour, Québec, Canada",46.4003,-72.3795,0,Fleuve Saint-Laurent,3,Estuaire fluvial du Saint-Laurent
