satz,referenz,ref_km,k,dt_min,nachbar,nachbar_datei,nachbar_km,abweichung,erwartet,verhaeltnis,nachbarn,einig_proz,gegen_proz,urteil
"Rahiroa (Rangiroa) Island, French Polynesia","Pago Pago, American Samoa",2470,0.22,-176,"Rangiroa, Tuamoto Atoll, French Polyneisa",harmonics_ticon4_worldwide.txt,2.97,55.8,10.2,55.9,2,1.0,55.9,"Nachbarn einig, dieser Satz weicht ab"
"Hobyo, Somalia","Pohnpei Harbor, Caroline Islands, Micronesia",12093,0.51,-684,"Hobyo, Somalia",harmonics_att_np203.txt,0.0,63.0,7.1,48.4,2,1.3,63.2,"Nachbarn einig, dieser Satz weicht ab"
"Taio Hae Bay, Nuku Hiva Island, French Polynesia","Pago Pago, American Samoa",3382,0.41,-210,"Taiohae, French Polynesia",harmonics_utide_tidetables.txt,1.85,41.3,10.5,41.2,2,0.4,41.2,"Nachbarn einig, dieser Satz weicht ab"
"Mangareva Island, Gambier Islands","Pago Pago, American Samoa",3878,0.23,-288,"Rikitea, Mangareva, Gambier Islands",harmonics_ticon4_worldwide.txt,1.74,39.8,10.5,39.7,2,0.5,39.7,"Nachbarn einig, dieser Satz weicht ab"
"Pulau Lakei, Borneo, Indonesia","Darwin, Northern Territory, Australia",2747,0.67,-112,"Pulau Lakei, Malaysia",harmonics_att_np203_scs.txt,0.0,30.7,7.1,30.9,4,0.9,30.9,"Nachbarn einig, dieser Satz weicht ab"
"Marcus Island, Tokyo, Japan","Pohnpei Harbor, Caroline Islands, Micronesia",1978,0.21,-19,"Minamitorishima, Tokyo, Japan",harmonics_ticon4_worldwide.txt,1.16,26.5,10.5,26.5,2,0.3,26.5,kein klarer Widerspruch
"Port Maturin, Rodrigues, Mauritius","Apia, Samoa Islands",12921,1.54,-406,"Port Maturin, Rodrigues, Mauritius",harmonics_att_np203_secondary.txt,0.0,54.8,7.1,23.3,2,2.3,54.8,"Nachbarn einig, dieser Satz weicht ab"
"Christmas Island, Indonesia","Dar Es Salaam, Tanzania",7302,0.36,107,"Christmas Island, Australia",harmonics_att_np203_scs.txt,1.86,48.6,10.5,19.5,3,2.4,47.6,"Nachbarn einig, dieser Satz weicht ab"
"Raoul or Sunday Island, New Zealand","Apia, Samoa Islands",1830,1.21,-76,"Fishing Rock, New Zealand",harmonics_utide_tidetables.txt,4.47,59.7,10.2,16.7,4,3.6,60.5,"Nachbarn einig, dieser Satz weicht ab"
"Port Louis, Mauritius","Yokohama (Shinko), Kanagawa, Japan",10617,0.37,-234,"Port Louis, Mauritius",harmonics_ticon4_worldwide.txt,0.02,64.8,7.1,15.4,2,4.2,65.0,"Nachbarn einig, dieser Satz weicht ab"
"Ghizri Creek (Karachi), Pakistan","Colombo, Sri Lanka",2403,0.52,-2,"Ghizri Creek (Karachi), Pakistan",harmonics_att_np203_secondary.txt,0.0,65.9,7.1,15.2,8,4.3,65.3,"Nachbarn einig, dieser Satz weicht ab"
"Cone Island, Vietnam","Manila, Philippines",1977,1.01,-636,"Kaoh Mul, Cambodia",harmonics_att_np203_scs.txt,1.85,18.0,10.5,15.2,2,1.2,18.2,kein klarer Widerspruch
"Wasian River entrance, Berau Gulf, New Guinea, Indonesia","Mumbai (Colaba), Maharashtra, India",7036,1.2,-318,"Sungai Wasian, Indonesia",harmonics_att_np203_scs.txt,0.0,59.6,7.1,13.8,3,4.3,59.6,"Nachbarn einig, dieser Satz weicht ab"
"Toamasina (Tamatave), Madagascar","Colombo, Sri Lanka",4351,1.12,-11,"Toamasina (Tamatave), Madagascar",harmonics-1997-05-25_mod.txt,0.01,47.7,7.1,11.9,3,4.0,47.7,"Nachbarn einig, dieser Satz weicht ab"
"Ras Al Mishab, Saudi Arabia","Ostrov Mamya, Kuril Islands, Russia",8714,1.42,499,"Ras Al Mishab, Saudi Arabia",harmonics_att_np203_secondary.txt,0.0,62.0,7.1,11.4,4,5.5,62.2,"Nachbarn einig, dieser Satz weicht ab"
"Khalij-e Jask, Iran","Colombo, Sri Lanka",3133,4.05,-80,"Khalij-e Jask, Iran",harmonics_att_np203_secondary.txt,0.0,32.6,7.1,11.0,3,2.9,31.7,"Nachbarn einig, dieser Satz weicht ab"
"Padang, Sumatra, Indonesia","Sungai Kutei, Indonesia",1907,0.58,23,"Teluk Bayur (Emma Haven), Indonesia",harmonics_att_np203_scs.txt,4.14,18.7,10.2,11.0,2,1.7,18.2,kein klarer Widerspruch
"Toliara, Madagascar","Dar Es Salaam, Tanzania",1899,0.8,48,"Toliara, Madagascar",harmonics_att_np203_secondary.txt,0.0,12.4,7.1,10.1,4,1.2,12.6,kein klarer Widerspruch
"Le Port (Pointe des Galets), Réunion","Yokohama (Shinko), Kanagawa, Japan",10854,0.4,-164,"Le Port (Pointe des Galets), Réunion",harmonics_att_np203_secondary.txt,0.0,68.3,7.1,9.3,2,7.2,66.5,"Nachbarn einig, dieser Satz weicht ab"
"Puerto Soberania, Antarctica","Yokohama (Shinko), Kanagawa, Japan",16726,1.27,796,"Discovery Bay, Antarctica",harmonics_att_np207.txt,0.0,41.7,7.1,8.8,5,4.9,43.1,"Nachbarn einig, dieser Satz weicht ab"
"Jazirat Das, United Arab Emirates","Surabaya, Java, Indonesia",7400,0.85,-666,"Jazirat Das, United Arab Emirates",harmonics_att_np203_secondary.txt,0.01,48.7,7.1,8.6,3,5.7,48.6,"Nachbarn einig, dieser Satz weicht ab"
"Benoa, Bali, Indonesia","Belawan, Indonesia",2301,1.29,-216,"Benoa, Indonesia",harmonics_att_np203_scs.txt,0.0,25.1,7.1,8.0,4,3.4,26.8,kein klarer Widerspruch
"Mogadishu, Somalia","Dar Es Salaam, Tanzania",1193,0.63,-9,"Mogadishu, Somalia",harmonics_att_np203.txt,0.0,10.8,7.1,7.7,2,1.4,10.5,kein klarer Widerspruch
"Canton Island, Kiribati","Pago Pago, American Samoa",1281,0.32,-21,"Kanton, Kiribati",harmonics_ticon4_worldwide.txt,2.81,13.3,10.2,7.7,2,1.7,13.2,kein klarer Widerspruch
"Jhari Creek, Pakistan","Colombo, Sri Lanka",2386,0.75,0,"Jhari Creek, Pakistan",harmonics_att_np203_secondary.txt,0.0,58.7,7.1,7.4,7,8.4,62.3,"Nachbarn einig, dieser Satz weicht ab"
"Bandar Abbas, Iran","Colombo, Sri Lanka",3354,5.02,-40,"Bandar Abbas, Iran",harmonics_att_np203_secondary.txt,0.01,24.6,7.1,6.9,5,3.6,24.6,kein klarer Widerspruch
"Campha Port, Vietnam","Ostrov Paramushir, Kuril Islands, Russia",5301,1.61,-49,"Cam Pha, Vietnam",harmonics_att_np203_scs.txt,0.0,36.3,7.1,6.8,3,5.3,36.4,"Nachbarn einig, dieser Satz weicht ab"
"Trengganu, Indonesia","Sungai Barito, Borneo, Indonesia",1603,0.86,156,"Terengganu, Malaysia",harmonics_att_np203_scs.txt,0.0,17.8,7.1,6.8,5,2.6,17.7,kein klarer Widerspruch
"Qui Nhon, Vietnam","Manila, Philippines",1270,1.13,-41,"Qui Nhon, Vietnam",harmonics_att_np203_scs.txt,0.0,13.9,7.1,6.8,4,1.9,12.8,kein klarer Widerspruch
"Merauke, Irian Jaya, Indonesia","Sembawang, Singapore",4204,1.42,103,"Merauke, Indonesia",harmonics_att_np203_scs.txt,0.0,19.1,7.1,6.7,3,2.8,18.7,kein klarer Widerspruch
"Da Nang, Vietnam","Manila, Philippines",1378,0.72,-34,"Da Nang, Vietnam",harmonics-1997-05-25_mod.txt,0.0,19.3,7.1,6.5,3,3.0,19.5,kein klarer Widerspruch
"Quelimane, Mozambique","Dar Es Salaam, Tanzania",1257,1.19,-22,"Quelimane, Mozambique",harmonics_att_np203.txt,0.0,35.2,7.1,6.4,3,5.5,35.2,"Nachbarn einig, dieser Satz weicht ab"
"Bach Long Vi Island, Vietnam","Ostrov Paramushir, Kuril Islands, Russia",5354,1.49,-77,"Ile Bach Long Vi, Vietnam",harmonics_att_np203_scs.txt,0.0,35.8,7.1,6.3,2,5.5,35.2,"Nachbarn einig, dieser Satz weicht ab"
"Esaki Ko, Yamaguchi, Japan","Tai O, Hong Kong, China",2212,0.26,130,"Esaki, Yamaguchi, Japan",harmonics_ticon4_worldwide.txt,1.03,25.3,10.5,6.3,2,3.8,24.1,kein klarer Widerspruch
"Oeban Point, Bintan Island, Indonesia","Kamaisi, Iwate, Japan",5711,1.99,-332,"Tanjunguban, Indonesia",harmonics_att_np203_scs.txt,0.0,33.2,7.1,6.1,2,5.4,32.8,"Nachbarn einig, dieser Satz weicht ab"
"Hon Gai, Halong Bay, Vietnam","Ostrov Paramushir, Kuril Islands, Russia",5328,1.86,6,"Hon Gay, Vietnam",harmonics_att_np203_scs.txt,0.0,34.5,7.1,5.7,4,6.1,35.2,"Nachbarn einig, dieser Satz weicht ab"
"Ushiro Wan, Russia","Busan New Port, South Korea",1878,0.49,-650,"Ushiro Wan, Russia",harmonics_att_np204_secondary.txt,3.9,44.1,10.2,5.3,2,7.7,41.2,"Nachbarn einig, dieser Satz weicht ab"
"Kota Kinabalu, Malaysia","Manila, Philippines",1096,1.29,18,"Kota Kinabalu, Malaysia",harmonics_att_np203_scs.txt,0.0,6.9,7.1,5.3,2,1.4,7.3,kein klarer Widerspruch
"Betsy Cove, French Southern Territories","Durban, South Africa",3920,0.83,-180,"Anse Betsy, French Southern Territories",harmonics_att_np203_secondary.txt,1.24,59.8,10.5,4.7,5,16.3,75.9,"Nachbarn einig, dieser Satz weicht ab"
"Ternate, Halmahera Island, Indonesia","Sungai Kutei, Indonesia",1111,0.49,13,"Ternate, Indonesia",harmonics_att_np203_scs.txt,0.0,23.4,7.1,4.7,3,5.0,23.4,kein klarer Widerspruch
"Bushahr, Persian Gulf, Iran","Tai O, Hong Kong, China",6291,0.79,-40,"Bushehr, Iran",harmonics_att_np203.txt,8.44,40.3,10.6,4.5,3,8.9,40.0,"Nachbarn einig, dieser Satz weicht ab"
"Baie du Morbihan, French Southern Territories","Durban, South Africa",3928,0.99,-277,"Port-aux-Francais, French Southern Territories",harmonics_att_np203_secondary.txt,0.02,54.7,7.1,4.4,7,12.3,54.7,"Nachbarn einig, dieser Satz weicht ab"
"Cai Bau, Cai Bau Island, Vietnam","Ostrov Paramushir, Kuril Islands, Russia",5285,1.64,-37,"Ke Bao, Vietnam",harmonics_att_np203_scs.txt,2.53,39.1,10.2,4.4,4,8.7,38.1,"Nachbarn einig, dieser Satz weicht ab"
"Hagi Ko, Yamaguchi, Japan","Tai O, Hong Kong, China",2182,0.38,92,"Hagi, Yamaguchi, Japan",harmonics-2004-06-14_mod.txt,0.48,22.7,7.1,4.4,3,5.2,22.8,kein klarer Widerspruch
"Massawa (Mitsiwa), Eritrea","Suez (As Suways), Egypt",1742,0.66,160,"Massawa (Mitsiwa), Eritrea",harmonics_att_np203_secondary.txt,0.0,26.7,7.1,4.3,2,6.2,26.4,kein klarer Widerspruch
"Cam Ranh Bay, Vietnam","Manila, Philippines",1308,1.2,-66,"Cam Ranh, Vietnam",harmonics_att_np203_scs.txt,0.0,19.2,7.1,3.9,3,4.9,19.2,kein klarer Widerspruch
"Learmonth, Exmouth Gulf, Western Australia, Australia","Davao, Philippines",3489,1.29,318,"Learmonth, Western Australia, Australia",harmonics-2004-06-14_mod.txt,0.0,10.4,7.1,3.9,2,2.7,10.5,kein klarer Widerspruch
"Harmil Island, Eritrea","Suez (As Suways), Egypt",1683,0.25,141,"Harmil Island, Eritrea",harmonics_att_np203_secondary.txt,0.0,24.5,7.1,3.7,2,6.4,23.9,kein klarer Widerspruch
"Balai Point, Gelam Strait, Sumatra, Indonesia","Davao, Philippines",2553,1.53,-452,"Tanjungbalai, Indonesia",harmonics_att_np203_scs.txt,0.0,23.8,7.1,3.7,4,6.9,25.4,kein klarer Widerspruch
"Angoche (António Enes), Mozambique","Dar Es Salaam, Tanzania",1049,1.15,-11,"Angoche (António Enes), Mozambique",harmonics_att_np203.txt,0.0,24.1,7.1,3.7,3,6.5,24.1,kein klarer Widerspruch
"Preservation Inlet, Southland, New Zealand","Auckland, New Zealand",1226,0.8,304,"Coal Island - Fishing Bay, New Zealand",harmonics_utide_tidetables.txt,4.62,15.9,10.2,3.3,8,5.2,17.1,kein klarer Widerspruch
"Tsieng Mun, Vietnam","Ostrov Paramushir, Kuril Islands, Russia",5275,1.73,-80,"Tsieng Mun, Vietnam",harmonics_att_np203_scs.txt,0.0,37.2,7.1,3.2,4,11.5,37.3,"Nachbarn einig, dieser Satz weicht ab"
"Hoi River entrance, Vietnam","Ostrov Paramushir, Kuril Islands, Russia",5602,1.16,46,"Cua Hoi, Vietnam",harmonics_att_np203_scs.txt,0.0,22.9,7.1,3.2,4,7.5,23.9,kein klarer Widerspruch
"Tulukbetung, Lampung Bay, Java, Indonesia","Davao, Philippines",2655,0.61,117,"Telukbetung (Bandarlampung), Indonesia",harmonics_att_np203_scs.txt,0.0,22.3,7.1,3.2,2,6.3,20.2,kein klarer Widerspruch
"Tjilatjap, Java, Indonesia","Belawan, Indonesia",1716,0.92,-325,"Cilacap (Tjillatjap), Indonesia",harmonics_att_np203_scs.txt,0.0,14.4,7.1,3.2,3,4.9,15.9,kein klarer Widerspruch
"Cua Namtrieu, Vietnam","Ostrov Paramushir, Kuril Islands, Russia",5359,1.57,22,"Cua Nam Trieu, Vietnam",harmonics_att_np203_scs_secondary.txt,0.0,35.9,7.1,3.1,8,11.2,34.5,"Nachbarn einig, dieser Satz weicht ab"
"Bojan, Bulan Strait, Indonesia","Kamaisi, Iwate, Japan",5736,1.39,-286,"Bojan, Indonesia",harmonics_att_np203_scs.txt,0.0,34.7,7.1,3.0,7,11.2,33.6,kein klarer Widerspruch
"Sovetskaya Harbor, Russia","Busan New Port, South Korea",1810,0.36,-596,"Sovetskaya Gavan', Russia",harmonics_utide_observations.txt,1.56,26.5,10.5,3.0,2,9.7,29.2,kein klarer Widerspruch
"Pulo Kenipaan, Gelam Strait, Sumatra, Indonesia","Davao, Philippines",2566,1.76,-436,"Kenipaan, Indonesia",harmonics_att_np203_scs.txt,0.0,25.2,7.1,2.9,4,8.2,23.6,kein klarer Widerspruch
"Sabang Bay, Poelau We, Sumatra, Indonesia","Davao, Philippines",3352,0.87,242,"Sabang (Pulau Weh), Indonesia (1)",harmonics_ticon4_worldwide.txt,0.51,31.2,7.1,2.8,3,11.3,31.2,kein klarer Widerspruch
"Vanina Bay, Russia","Busan New Port, South Korea",1820,0.39,-606,"Sovetskaya Gavan, Russia",harmonics-1997-05-25_mod.txt,10.67,29.2,12.6,2.8,2,9.7,26.7,kein klarer Widerspruch
"Baram River entrance, Indonesia","Manila, Philippines",1349,1.01,18,"Kuala Baram, Malaysia",harmonics_att_np203_scs.txt,0.0,9.7,7.1,2.8,5,3.5,9.8,kein klarer Widerspruch
"Beadon Point, Western Australia, Australia","Davao, Philippines",3393,1.11,293,"Onslow, Western Australia, Australia",harmonics_ticon4_worldwide.txt,3.73,11.1,10.2,2.8,4,4.2,11.6,kein klarer Widerspruch
"Cat Ba, Isle de la Cat Ba, Vietnam","Ostrov Paramushir, Kuril Islands, Russia",5349,1.52,-10,"Apowan, Vietnam",harmonics_att_np203_scs.txt,0.0,36.3,7.1,2.7,5,12.4,33.5,kein klarer Widerspruch
"Hon Nieu, Vietnam","Ostrov Paramushir, Kuril Islands, Russia",5599,1.47,-14,"Hon Nieu, Vietnam",harmonics_att_np203_scs.txt,0.0,17.8,7.1,2.7,4,7.5,20.4,kein klarer Widerspruch
"Victoria Harbor, Labuan Island, Malaysia","Manila, Philippines",1210,1.45,22,"Bandar Victoria (Labuan), Malaysia",harmonics-1997-05-25_mod.txt,0.85,8.0,7.1,2.7,4,3.3,8.9,kein klarer Widerspruch
"Port Refuge, Cocos Islands, Western Australia, Australia","Dar Es Salaam, Tanzania",6334,0.25,-38,"Port Refuge, Cocos Islands, Australia",harmonics-2004-06-14_mod.txt,3.39,43.0,10.2,2.6,4,17.2,44.1,kein klarer Widerspruch
"Senzaki Ko, Yamaguchi, Japan","Tai O, Hong Kong, China",2163,0.44,72,"Odomari (Senzaki), Yamaguchi, Japan",harmonics-2004-06-14_mod.txt,0.35,24.8,7.1,2.6,4,8.9,23.4,kein klarer Widerspruch
"Norway Islands, Vietnam","Ostrov Paramushir, Kuril Islands, Russia",5351,1.57,-12,"Xuy Nong Chao, Vietnam",harmonics_att_np203_scs_secondary.txt,3.93,33.1,10.2,2.6,3,13.8,36.1,kein klarer Widerspruch
"Telukdalem, Nias Island, Nias, Indonesia","Sungai Kutei, Indonesia",2193,0.35,-2,"Teluk Dalam, Indonesia",harmonics_att_np203_scs.txt,0.0,18.8,7.1,2.6,2,7.1,18.7,kein klarer Widerspruch
"Nha Trang, Baie de, Vietnam","Manila, Philippines",1297,1.13,-60,"Nha Trang (Cau Da), Vietnam",harmonics_utide_tidetables.txt,5.27,18.2,10.6,2.6,2,6.4,16.5,kein klarer Widerspruch
"Miri, Indonesia","Manila, Philippines",1368,1.13,48,"Miri, Malaysia",harmonics_att_np203_scs.txt,0.0,9.4,7.1,2.6,4,3.5,9.1,kein klarer Widerspruch
"Khawr al Quway (Jazirat Umm al Ghanam), Oman","Karachi, Pakistan",1078,0.9,3,"Khawr al Quway (Jazirat Umm al Ghanam), Oman",harmonics_att_np203_secondary.txt,0.0,22.4,7.1,2.5,4,9.4,23.7,kein klarer Widerspruch
"Taba Bay, Russia","Busan New Port, South Korea",2076,1.55,-640,"Cape Sushcheva, Russia",harmonics_att_np204_secondary.txt,18.57,34.9,12.6,2.5,2,12.1,30.9,kein klarer Widerspruch
"Manokwari, New Guinea, Indonesia","Yokohama (Shinko), Kanagawa, Japan",4080,1.13,114,"Manokwari, Indonesia",harmonics_att_np203_scs.txt,0.0,8.6,7.1,2.5,2,3.7,9.1,kein klarer Widerspruch
"Dunedin, Otago Harbor, Otago, New Zealand","Auckland, New Zealand",1065,0.73,-156,"Dunedin, New Zealand",harmonics-2004-06-14_mod.txt,2.88,11.1,10.2,2.5,7,12.0,30.2,kein klarer Widerspruch
"Kuching, Sarawak River, Borneo, Indonesia","Darwin, Northern Territory, Australia",2749,0.76,-67,"Kuching, Malaysia",harmonics-1997-05-25_mod.txt,0.75,35.5,7.1,2.4,5,11.3,27.0,kein klarer Widerspruch
"Shepenehe Anchorage, New Caledonia","Yokohama (Shinko), Kanagawa, Japan",6892,1.39,83,"Chépénéhé, New Caledonia",harmonics_utide_tidetables.txt,0.55,41.2,7.1,2.3,3,17.6,41.2,kein klarer Widerspruch
"Haiphong, Cua Cam, Vietnam","Ostrov Paramushir, Kuril Islands, Russia",5362,1.47,68,"Haiphong, Vietnam",harmonics_att_np203_scs.txt,0.0,33.9,7.1,2.3,4,15.7,36.9,kein klarer Widerspruch
"Heard Island (Atlas Cove), Antarctica","Vung Tau, Vietnam",7736,0.33,-116,"Heard Island, Antarctica",harmonics-2004-06-14_mod.txt,0.0,32.6,7.1,2.3,2,13.9,31.5,kein klarer Widerspruch
"Tern Island, Queensland, Australia","Townsville, Queensland, Australia",1016,1.01,97,"Tern Island, Queensland, Australia",harmonics-2004-06-14_mod.txt,0.0,11.3,7.1,2.2,5,6.6,14.2,kein klarer Widerspruch
"Noumea, New Caledonia","Yokohama (Shinko), Kanagawa, Japan",7012,0.96,190,"Nouméa, New Caledonia",harmonics_ticon4_worldwide.txt,3.07,38.3,10.2,2.1,7,17.9,38.3,kein klarer Widerspruch
"Phumi Phsar Ream Bay, Vietnam","Do Son, Vietnam",1182,0.26,56,"Ream, Cambodia",harmonics_att_np203_scs.txt,0.0,25.4,7.1,2.0,5,13.6,27.2,kein klarer Widerspruch
"Labuhan, Sunda Strait, Java, Indonesia","Belawan, Indonesia",1378,0.62,-382,"Labuhan, Indonesia",harmonics_att_np203_scs.txt,0.0,14.7,7.1,2.0,3,8.0,16.2,kein klarer Widerspruch
"Mormugao, Goa, India","Karachi, Pakistan",1264,0.73,13,"Mormugao, Goa, India",harmonics_att_np203_secondary.txt,0.0,9.7,7.1,2.0,3,4.9,9.7,kein klarer Widerspruch
"Tangoa Island, Vanuatu","Yokohama (Shinko), Kanagawa, Japan",6364,0.7,69,"Tangoa, Vanuatu",harmonics-1997-05-25_mod.txt,0.87,31.4,7.1,1.9,2,21.2,39.3,kein klarer Widerspruch
"Paracel Islands, Vietnam","Manila, Philippines",1025,0.98,-78,Paracel Islands,harmonics_att_np203_scs.txt,0.0,14.6,7.1,1.9,2,7.4,14.3,kein klarer Widerspruch
"Ampenan, Lombok, Indonesia","Manila, Philippines",2630,0.88,-53,"Ampenan, Indonesia",harmonics_att_np203_scs.txt,0.0,22.3,7.1,1.8,5,11.2,20.0,kein klarer Widerspruch
"Hon Ne, Vietnam","Ostrov Paramushir, Kuril Islands, Russia",5487,1.57,-26,"Hon Ne, Vietnam",harmonics_att_np203_scs.txt,1.75,27.7,10.5,1.8,2,13.7,24.5,kein klarer Widerspruch
"Ha Tien, Tien Giang, Vietnam","Air Musi (Outer Bar), Indonesia",1402,0.29,-252,"Ha Tien, Vietnam",harmonics_att_np203_scs.txt,0.0,19.4,7.1,1.8,2,10.1,17.7,kein klarer Widerspruch
"Labuan, Tring Bay, Lombok, Indonesia","Manila, Philippines",2647,1.2,-50,"Teluk Labuhantereng, Indonesia",harmonics_att_np203_scs.txt,0.0,17.1,7.1,1.8,5,10.0,18.1,kein klarer Widerspruch
"Tandjung Tjikoneng, Sunda Strait, Java, Indonesia","Belawan, Indonesia",1355,0.45,-393,"Tanjung Cikoneng (Fourth Point), Indonesia",harmonics_att_np203_scs.txt,0.0,15.3,7.1,1.8,3,11.0,19.7,kein klarer Widerspruch
"Tabuan Island, Bali Strait, Bali, Indonesia","Manila, Philippines",2615,0.91,-52,"Duiven Island, Indonesia",harmonics_att_np203_scs.txt,0.0,18.5,7.1,1.7,4,17.6,29.9,kein klarer Widerspruch
"Poulo Cecir de Mer, Vietnam","Manila, Philippines",1381,1.07,-30,"Phu Quy, Vietnam",harmonics_utide_tidetables.txt,0.0,20.8,7.1,1.6,2,13.0,20.6,kein klarer Widerspruch
"Espiritu Santo Island, Pekoa Chan, Vanuatu","Yokohama (Shinko), Kanagawa, Japan",6367,0.96,26,"Luganville Wharf, Vanuatu",harmonics_utide_tidetables.txt,2.35,37.5,10.2,1.5,2,21.2,31.1,kein klarer Widerspruch
"Meulaboh, Sumatra, Indonesia","Sungai Kutei, Indonesia",2434,0.18,72,"Meulaboh, Indonesia",harmonics_att_np203_scs.txt,0.0,20.2,7.1,1.5,3,17.5,26.4,kein klarer Widerspruch
"Hamada Ko (Tono Ura entrance), Shimane, Japan","Tai O, Hong Kong, China",2261,0.2,166,"Hamada, Shimane, Japan",harmonics_ticon4_worldwide.txt,2.17,20.5,10.2,1.5,3,13.7,20.5,kein klarer Widerspruch
"Otago Harbor entrance, Otago, New Zealand","Auckland, New Zealand",1049,0.72,-252,"Taiaroa Head, New Zealand",harmonics_utide_tidetables.txt,0.79,8.5,7.1,1.5,6,10.1,15.1,kein klarer Widerspruch
"Kajo Bay, Indonesia","Yokohama (Shinko), Kanagawa, Japan",4226,0.6,115,"Teluk Kaja (Hollandia Baai), Indonesia",harmonics_att_np203_scs.txt,0.0,8.2,7.1,1.5,2,6.8,10.4,kein klarer Widerspruch
"Sibolga, Sibolga Bay, Sumatra, Indonesia","Sungai Kutei, Indonesia",2101,0.27,6,"Sibolga, Indonesia",harmonics_att_np203_scs.txt,0.0,23.1,7.1,1.4,3,22.8,32.1,kein klarer Widerspruch
"Mahajanga, Madagascar","Dar Es Salaam, Tanzania",1252,1.26,-10,"Mahajanga, Madagascar",harmonics_att_np203.txt,0.0,9.5,7.1,1.4,2,8.0,11.4,kein klarer Widerspruch
"Kupang Bay, Indonesia","Belawan, Indonesia",3161,0.85,-185,"Kupang, Indonesia",harmonics_att_np203_scs.txt,0.0,25.3,7.1,1.3,2,22.1,28.3,kein klarer Widerspruch
"New River, Southland, New Zealand","Auckland, New Zealand",1205,0.98,-352,"New River Entrance, New Zealand",harmonics_utide_tidetables.txt,2.41,23.1,10.2,1.2,9,14.8,17.2,kein klarer Widerspruch
"Port Chalmers, Otago Harbor, Otago, New Zealand","Auckland, New Zealand",1055,0.72,-209,"Port Chalmers, Otago, New Zealand",harmonics_ticon4_worldwide.txt,2.02,8.0,10.2,1.2,6,10.1,11.6,kein klarer Widerspruch
"Chatham Islands, New Zealand","Apia, Samoa Islands",3378,1.37,-27,"Waitangi, Chatham Island, New Zealand",harmonics_ticon4_worldwide.txt,5.53,25.5,10.6,1.1,5,22.7,25.8,kein klarer Widerspruch
"Mangaluru, Karnataka, India","Karachi, Pakistan",1565,0.51,40,"Mangaluru, Karnataka, India",harmonics_att_np203_secondary.txt,0.0,17.1,7.1,1.1,4,14.0,15.7,kein klarer Widerspruch
"Port Moresby, Papua New Guinea","Townsville, Queensland, Australia",1086,0.65,6,"Port Moresby, Papua New Guinea",harmonics_ticon4_worldwide.txt,0.94,9.7,7.1,1.1,3,8.6,9.7,kein klarer Widerspruch
"Calicut (Kozhikode), Kerala, India","Karachi, Pakistan",1770,0.42,32,"Calicut (Kozhikode), Kerala, India",harmonics_att_np203.txt,0.0,10.2,7.1,1.1,4,9.5,10.7,kein klarer Widerspruch
"Malpe, Karnataka, India","Karachi, Pakistan",1510,0.59,5,"Malpe, Karnataka, India",harmonics_att_np203_secondary.txt,0.0,15.6,7.1,1.0,2,12.3,12.8,kein klarer Widerspruch
"Surabaja Strait, east entrance, Java, Indonesia","Tai O, Hong Kong, China",3292,1.2,98,"Karang Kleta, Indonesia",harmonics_att_np203_scs.txt,0.0,10.0,7.1,1.0,5,13.4,13.4,kein klarer Widerspruch
"Gading, Madura Island, Java, Indonesia","Tai O, Hong Kong, China",3277,1.22,104,"Gading, Indonesia",harmonics_att_np203_scs.txt,0.0,10.2,7.1,1.0,5,13.4,13.4,kein klarer Widerspruch
"Banjuwangi, Bali Strait, Bali, Indonesia","Belawan, Indonesia",2192,0.9,-259,"Benyuwangi, Indonesia",harmonics_att_np203_scs.txt,2.61,13.8,10.2,1.0,4,17.6,17.0,kein klarer Widerspruch
"Antsiranana (Diego-Suarez), Madagascar","Dar Es Salaam, Tanzania",1252,0.63,-40,"Antsiranana (Diego Suarez), Madagascar",harmonics_att_np203.txt,0.01,9.1,7.1,1.0,4,8.8,9.2,kein klarer Widerspruch
"Bluff, Southland, New Zealand","Auckland, New Zealand",1208,0.86,-330,"Bluff, Southland, New Zealand",harmonics-2004-06-14_mod.txt,0.96,9.1,7.1,0.9,10,14.0,12.7,kein klarer Widerspruch
"Karwar, Karnataka, India","Karachi, Pakistan",1340,0.7,16,"Karwar, Karnataka, India",harmonics_att_np203.txt,0.02,6.8,7.1,0.9,3,7.5,6.8,kein klarer Widerspruch
"Baie du Courrier, Madagascar","Dar Es Salaam, Tanzania",1233,0.86,-27,"Baie du Courrier, Madagascar",harmonics_att_np203_secondary.txt,0.0,7.2,7.1,0.9,5,16.1,15.0,kein klarer Widerspruch
"Surabaja, Surabaja Strait, Java, Indonesia","Tai O, Hong Kong, China",3279,1.05,120,"Surabaya, Java, Indonesia",harmonics_ticon4_worldwide.txt,1.33,9.9,10.5,0.9,6,11.2,9.8,kein klarer Widerspruch
"Fremantle, Swan River entrance, Western Australia, Australia","Jakarta, Java, Indonesia",3028,0.97,636,"Fremantle, Western Australia, Australia",harmonics_utide_observations.txt,1.6,15.4,10.5,0.7,4,23.3,15.3,kein klarer Widerspruch
"False Point, Odisha, India","Chennai, Tamil Nadu, India",1062,2.23,33,"False Point, Odisha, India",harmonics_att_np203.txt,0.0,9.5,7.1,0.4,4,48.6,19.2,kein klarer Widerspruch
"Lesogorsk, Russia","Busan New Port, South Korea",1932,0.61,-609,"Kitasoya, Russia",harmonics_att_np204_secondary.txt,0.0,73.5,7.1,,1,,73.5,nur ein Nachbar -- nicht entscheidbar
"Fort Dauphin, Madagascar","Dar Es Salaam, Tanzania",2184,0.19,266,"Tolagnaro (Fort-Dauphin), Madagascar",harmonics_att_np203_secondary.txt,0.0,72.7,7.1,,1,,72.7,nur ein Nachbar -- nicht entscheidbar
"Namlea, Kajeli Bay, Buru Island, Maluku, Indonesia","Khowr-e Musa Bar, Iran",9045,0.41,172,"Teluk Kayeli, Indonesia",harmonics_att_np203_scs.txt,0.0,70.3,7.1,,1,,70.3,nur ein Nachbar -- nicht entscheidbar
"Bima Bay, Sumba, Indonesia","Khowr-e Musa Bar, Iran",8567,0.43,118,"Bima, Indonesia",harmonics_att_np203_scs.txt,0.0,65.8,7.1,,1,,65.8,nur ein Nachbar -- nicht entscheidbar
"Sape Bay, Sumba, Indonesia","Khowr-e Musa Bar, Iran",8603,0.6,86,"Teluk Sape, Indonesia",harmonics_att_np203_scs.txt,0.0,65.5,7.1,,1,,65.5,nur ein Nachbar -- nicht entscheidbar
"Tampunawu, Muna Island, Indonesia","Khowr-e Musa Bar, Iran",8705,0.7,128,"Tampunawu, Indonesia",harmonics_att_np203_scs.txt,0.0,65.5,7.1,,1,,65.5,nur ein Nachbar -- nicht entscheidbar
"Modan, Berau Gulf, New Guinea, Indonesia","Mumbai (Colaba), Maharashtra, India",7079,1.6,-320,"Modan, Indonesia",harmonics_att_np203_scs.txt,0.0,61.7,7.1,,1,,61.7,nur ein Nachbar -- nicht entscheidbar
"Matugin Point, Russia","Air Musi (Outer Bar), Indonesia",8494,2.36,524,"Bukhta Matuga, Russia",harmonics_att_np204_secondary.txt,0.0,58.6,7.1,,1,,58.6,nur ein Nachbar -- nicht entscheidbar
"Siak River entrance, Sumatra, Indonesia","Changjiang Ao, China",4673,0.7,-98,"Kuala Siak, Indonesia",harmonics_att_np203_scs.txt,0.0,50.9,7.1,,1,,50.9,nur ein Nachbar -- nicht entscheidbar
"Fenoarivo Atsinanana (Fénérive), Madagascar","Colombo, Sri Lanka",4300,1.27,-12,"Fenoarivo Atsinanana (Fénérive), Madagascar",harmonics_att_np203_secondary.txt,0.0,49.9,7.1,,1,,49.9,nur ein Nachbar -- nicht entscheidbar
"Sekar Bay, Berau Gulf, New Guinea, Indonesia","Yokohama (Shinko), Kanagawa, Japan",4309,0.86,-32,"Sekar Bay, Indonesia",harmonics_att_np203_scs.txt,0.0,49.3,7.1,,1,,49.3,nur ein Nachbar -- nicht entscheidbar
"Cape Tik, Russia","Busan New Port, South Korea",2117,1.67,-583,"Cape Tuik, Russia",harmonics_att_np204_secondary.txt,0.0,48.7,7.1,,1,,48.7,nur ein Nachbar -- nicht entscheidbar
"Viyakhtu Bay, Russia","Busan New Port, South Korea",2112,1.79,-590,"Viyakhtu Bay, Russia",harmonics_att_np204_secondary.txt,0.0,48.0,7.1,,1,,48.0,nur ein Nachbar -- nicht entscheidbar
"Cherbaniani Reef, Laccadive Islands, Lakshadweep, India","Colombo, Sri Lanka",1060,1.65,25,"Cherbaniani Reef, Lakshadweep, India",harmonics_att_np203_secondary.txt,0.03,48.1,7.1,,1,,48.1,nur ein Nachbar -- nicht entscheidbar
"Sonmiani Harbour (Damb), Pakistan","Colombo, Sri Lanka",2495,4.5,-50,"Sonmiani Harbour (Damb), Pakistan",harmonics_att_np203_secondary.txt,0.0,48.0,7.1,,1,,48.0,nur ein Nachbar -- nicht entscheidbar
"Bengkalis, Sumatra, Indonesia","Changjiang Ao, China",4654,0.76,-148,"Bengkalis, Indonesia",harmonics_att_np203_scs.txt,0.0,46.5,7.1,,1,,46.5,nur ein Nachbar -- nicht entscheidbar
"Ritabel Bay, Larat Island, Yamdena, Indonesia","Belawan, Indonesia",3860,1.04,49,"Ritabel Bay, Indonesia",harmonics_att_np203_scs.txt,0.0,46.6,7.1,,1,,46.6,nur ein Nachbar -- nicht entscheidbar
"Jazireh-ye Forur, Iran","Tai O, Hong Kong, China",5982,0.99,-561,"Jazireh-ye Forur, Iran",harmonics_att_np203_secondary.txt,0.03,47.1,7.1,,1,,47.1,nur ein Nachbar -- nicht entscheidbar
"Bulunkan Bay, Tiksi Bay, Russia","Busan New Port, South Korea",4068,0.27,123,"Tiksi Bay, Russia",harmonics_att_np202.txt,9.44,68.5,10.6,,1,,68.5,nur ein Nachbar -- nicht entscheidbar
"Udacha Bay, Russia","Air Musi (Outer Bar), Indonesia",8109,1.27,497,"Zaliv Udacha, Russia",harmonics_att_np204_secondary.txt,0.95,45.1,7.1,,1,,45.1,nur ein Nachbar -- nicht entscheidbar
"Lasolo Bay, Indonesia","Khowr-e Musa Bar, Iran",8618,0.6,166,"Lasolo Bay, Indonesia",harmonics_att_np203_scs.txt,2.61,65.0,10.2,,1,,65.0,nur ein Nachbar -- nicht entscheidbar
"Kolaka, Gulf of Boni, Indonesia","Khowr-e Musa Bar, Iran",8571,0.68,123,"Kolaka, Indonesia",harmonics_att_np203_scs.txt,1.86,66.3,10.5,,1,,66.3,nur ein Nachbar -- nicht entscheidbar
"Bonevi Island, Russia","Busan New Port, South Korea",4877,0.39,248,"Rade de Zarya, Russia",harmonics_att_np202.txt,3.82,63.9,10.2,,1,,63.9,nur ein Nachbar -- nicht entscheidbar
"Ferin Head, Graham Land, Antarctica","Ostrov Mamya, Kuril Islands, Russia",17027,1.35,-661,"Prospect Point, Antarctica",harmonics_att_np207.txt,1.86,63.8,10.5,,1,,63.8,nur ein Nachbar -- nicht entscheidbar
"Lent Islands, Graham Land, Antarctica","Ostrov Mamya, Kuril Islands, Russia",16931,1.28,-662,"Detaille Island, Antarctica",harmonics_att_np207.txt,1.85,63.0,10.5,,1,,63.0,nur ein Nachbar -- nicht entscheidbar
"Nansen Island, De Gerlache Strait, Antarctica","Ostrov Mamya, Kuril Islands, Russia",17237,1.77,-646,"Gerlache Strait (Nansen Island), Antarctica",harmonics_att_np207.txt,3.19,61.1,10.2,,1,,61.1,nur ein Nachbar -- nicht entscheidbar
"Zarya Road, Russia","Busan New Port, South Korea",4875,0.39,336,"Rade de Zarya, Russia",harmonics_att_np202.txt,0.0,41.5,7.1,,1,,41.5,nur ein Nachbar -- nicht entscheidbar
"Paagoumene, New Caledonia","Yokohama (Shinko), Kanagawa, Japan",6736,1.06,194,"Paagoumène, New Caledonia",harmonics_utide_tidetables.txt,0.83,41.7,7.1,,1,,41.7,nur ein Nachbar -- nicht entscheidbar
"Cargados Carajos Shoal, Mauritius","Apia, Samoa Islands",13434,1.13,-298,"Cargados Carajos Shoal, Mauritius",harmonics_att_np203_secondary.txt,0.0,41.6,7.1,,1,,41.6,nur ein Nachbar -- nicht entscheidbar
"Cape Astronomicheski, Russia","Air Musi (Outer Bar), Indonesia",8723,3.16,-604,"Mys Astronomicheski, Russia",harmonics-1997-05-25_mod.txt,1.72,57.5,10.5,,1,,57.5,nur ein Nachbar -- nicht entscheidbar
"Bramble Cove, Port Davey, Tasmania, Australia","Port Adelaide, South Australia, Australia",1142,0.2,-220,"Bramble Cove, Tasmania, Australia",harmonics-2004-06-14_mod.txt,0.43,39.2,7.1,,1,,39.2,nur ein Nachbar -- nicht entscheidbar
"Sir Bani Yas, United Arab Emirates","Surabaya, Java, Indonesia",7390,1.09,-652,"Sir Bani Yas, United Arab Emirates",harmonics_att_np203_secondary.txt,0.0,38.4,7.1,,1,,38.4,nur ein Nachbar -- nicht entscheidbar
"Cape Chelyuskina, Russia","Busan New Port, South Korea",4886,0.27,224,"Mys Chelyuskin, Russia",harmonics_att_np202.txt,0.79,36.9,7.1,,1,,36.9,nur ein Nachbar -- nicht entscheidbar
"Lochuc San, Vietnam","Ostrov Paramushir, Kuril Islands, Russia",5243,1.88,-104,"Loc Chuc San, Vietnam",harmonics_att_np203_scs.txt,0.0,36.5,7.1,,1,,36.5,nur ein Nachbar -- nicht entscheidbar
"Domashnii I., Severnaya Zemlya, Russia","Busan New Port, South Korea",5216,0.21,403,"Ostrov Domashniy, Severnaya Zemlya, Russia",harmonics_att_np202.txt,0.0,36.3,7.1,,1,,36.3,nur ein Nachbar -- nicht entscheidbar
"Baikal Bay, Russia","Jolo, Philippines",5617,1.63,11,"Zaliv Baykal (Sakhalin), Russia",harmonics-1997-05-25_mod.txt,0.0,35.9,7.1,,1,,35.9,nur ein Nachbar -- nicht entscheidbar
"Pilevo Bay, Russia","Busan New Port, South Korea",1984,0.94,-601,"Reyd Aleksandrovskiy, Russia",harmonics_att_np204_secondary.txt,2.38,51.7,10.2,,1,,51.7,nur ein Nachbar -- nicht entscheidbar
"Parsons Bay, Tasmania, Australia","Tai O, Hong Kong, China",8051,0.49,686,"Parsons Bay, Tasmania, Australia",harmonics-2004-06-14_mod.txt,0.86,36.3,7.1,,1,,36.3,nur ein Nachbar -- nicht entscheidbar
"Tandjungpinang, Bintan Island, Indonesia","Kamaisi, Iwate, Japan",5710,1.46,-276,"Tanjungpinang, Indonesia",harmonics_att_np203_scs.txt,0.0,35.5,7.1,,1,,35.5,nur ein Nachbar -- nicht entscheidbar
"Hobart, Tasmania, Australia","Tai O, Hong Kong, China",8013,0.52,672,"Hobart, Tasmania, Australia",harmonics_utide_observations.txt,0.95,35.4,7.1,,1,,35.4,nur ein Nachbar -- nicht entscheidbar
"Alexandrovski, Russia","Busan New Port, South Korea",2060,1.4,-600,"Aleksandrovskiy (Sakhalin), Russia",harmonics-1997-05-25_mod.txt,2.19,48.1,10.2,,1,,48.1,nur ein Nachbar -- nicht entscheidbar
"Tandjung Datu, Borneo, Indonesia","Darwin, Northern Territory, Australia",2846,0.49,-104,"Tanjung Datu, Indonesia",harmonics_att_np203_scs.txt,0.0,32.2,7.1,,1,,32.2,nur ein Nachbar -- nicht entscheidbar
"Anbetsu, Russia","Busan New Port, South Korea",1980,0.97,-616,"Reyd Aleksandrovskiy, Russia",harmonics_att_np204_secondary.txt,6.61,46.9,10.6,,1,,46.9,nur ein Nachbar -- nicht entscheidbar
"Selat-pandjang, Sumatra, Indonesia","Changjiang Ao, China",4674,1.01,4,"Tebing Tingi, Indonesia",harmonics_att_np203_scs.txt,1.86,46.4,10.5,,1,,46.4,nur ein Nachbar -- nicht entscheidbar
"Hengam, Persian Gulf, Iran","Colombo, Sri Lanka",3351,3.9,2,"Jazireh-ye Hengam, Iran",harmonics_att_np203_secondary.txt,0.0,31.2,7.1,,1,,31.2,nur ein Nachbar -- nicht entscheidbar
"Observatory Bay, French Southern Territories","Durban, South Africa",3908,0.93,-271,"Port Jeanne d'Arc, French Southern Territories",harmonics_att_np203_secondary.txt,15.58,55.7,12.6,,1,,55.7,nur ein Nachbar -- nicht entscheidbar
"Yatsu Misaki, Russia","Busan New Port, South Korea",1823,0.24,-703,"Notsu Misaki, Russia",harmonics_att_np204_secondary.txt,1.86,43.5,10.5,,1,,43.5,nur ein Nachbar -- nicht entscheidbar
"Cape Muraveva, Russia","Busan New Port, South Korea",2151,1.15,-570,"Cape Muraveva, Russia",harmonics_att_np204_secondary.txt,0.0,29.6,7.1,,1,,29.6,nur ein Nachbar -- nicht entscheidbar
"Dendang, Kidjang Strait, Indonesia","Kamaisi, Iwate, Japan",5703,1.42,-308,"Pelabuhan Kijang, Indonesia",harmonics_att_np203_scs.txt,0.0,29.7,7.1,,1,,29.7,nur ein Nachbar -- nicht entscheidbar
"Dobo, Wamar Island, Aru Islands, Indonesia","Belawan, Indonesia",4084,1.07,23,"Dobo, Indonesia",harmonics_att_np203_scs.txt,1.84,43.9,10.5,,1,,43.9,nur ein Nachbar -- nicht entscheidbar
"Galela Bay, Halmahera Island, Indonesia","Belawan, Indonesia",3245,0.75,-424,"Teluk Galela, Indonesia",harmonics_att_np203_scs.txt,4.14,43.3,10.2,,1,,43.3,nur ein Nachbar -- nicht entscheidbar
"Toro Numa, Russia","Busan New Port, South Korea",1905,0.61,-636,"Uglegorsk, Russia",harmonics_utide_observations.txt,9.64,43.0,10.6,,1,,43.0,nur ein Nachbar -- nicht entscheidbar
"Cape Sushcheva, Russia","Busan New Port, South Korea",2093,1.34,-656,"Cape Sushcheva, Russia",harmonics_att_np204_secondary.txt,0.0,28.9,7.1,,1,,28.9,nur ein Nachbar -- nicht entscheidbar
"Sherm Rabegh, Saudi Arabia","Suez (As Suways), Egypt",1025,0.36,-300,"Sharm Rabigh, Saudi Arabia",harmonics_att_np203.txt,0.0,29.1,7.1,,1,,29.1,nur ein Nachbar -- nicht entscheidbar
"Mys Polevogo, Russia","Busan New Port, South Korea",1961,0.85,-618,"Pilevo Point, Russia",harmonics_att_np204_secondary.txt,1.2,41.7,10.5,,1,,41.7,nur ein Nachbar -- nicht entscheidbar
"Cape Pogobi, Strait of Tartary, Russia","Busan New Port, South Korea",2161,1.12,-470,"Cape Lazareva, Russia",harmonics_att_np204_secondary.txt,7.75,42.0,10.6,,1,,42.0,nur ein Nachbar -- nicht entscheidbar
"Tuluk Perapat, Sumba, Indonesia","Belawan, Indonesia",2728,1.59,-186,"Teluk Perapat, Indonesia",harmonics_att_np203_scs.txt,0.0,28.0,7.1,,1,,28.0,nur ein Nachbar -- nicht entscheidbar
"Port Nepui, New Caledonia","Yokohama (Shinko), Kanagawa, Japan",6857,1.03,203,"Mueo (Nepoui), New Caledonia",harmonics_utide_tidetables.txt,2.65,40.1,10.2,,1,,40.1,nur ein Nachbar -- nicht entscheidbar
"Sendikari Bay, Sumba, Indonesia","Belawan, Indonesia",2764,1.67,-232,"Teluk Sendikari, Indonesia",harmonics_att_np203_scs.txt,0.0,26.8,7.1,,1,,26.8,nur ein Nachbar -- nicht entscheidbar
"Nangamesi Bay, Sumba, Indonesia","Belawan, Indonesia",2815,1.49,-192,"Waingapu Road, Indonesia",harmonics_att_np203_scs.txt,0.0,26.6,7.1,,1,,26.6,nur ein Nachbar -- nicht entscheidbar
"Cade Denison, George V Coast, Antarctica","Jolo, Philippines",8307,1.48,233,"Commonwealth Bay, Antarctica",harmonics-2004-06-14_mod.txt,0.0,27.2,7.1,,1,,27.2,nur ein Nachbar -- nicht entscheidbar
"Starka Bay, Russia","Busan New Port, South Korea",1926,1.03,-628,"Starka Bay, Russia",harmonics_att_np204_secondary.txt,0.0,26.4,7.1,,1,,26.4,nur ein Nachbar -- nicht entscheidbar
"Bangkai Anchorage, Sebuku Island, Java, Indonesia","Davao, Philippines",2656,0.58,106,"Labuan Bangkai, Indonesia",harmonics_att_np203_scs.txt,0.0,26.2,7.1,,1,,26.2,nur ein Nachbar -- nicht entscheidbar
"Auckland Island, New Zealand","Apia, Samoa Islands",4576,1.01,394,"Auckland Island - Carnley Harbour, New Zealand",harmonics_utide_tidetables.txt,4.46,37.9,10.2,,1,,37.9,nur ein Nachbar -- nicht entscheidbar
"Kamaran (Passage), Yemen","Suez (As Suways), Egypt",1921,0.63,110,"Kamaran (Passage), Yemen",harmonics_att_np203.txt,0.0,26.3,7.1,,1,,26.3,nur ein Nachbar -- nicht entscheidbar
"Bandung, Pulo Mendol, Sumatra, Indonesia","Davao, Philippines",2581,1.97,-408,"Bandong, Indonesia",harmonics_att_np203_scs.txt,0.0,25.6,7.1,,1,,25.6,nur ein Nachbar -- nicht entscheidbar
"Ende Bay, Sumba, Indonesia","Belawan, Indonesia",2879,1.54,-197,"Ende, Indonesia",harmonics_att_np203_scs.txt,0.0,25.8,7.1,,1,,25.8,nur ein Nachbar -- nicht entscheidbar
"Port Goro, Toemo Island, New Caledonia","Yokohama (Shinko), Kanagawa, Japan",7043,0.66,126,"Goro, New Caledonia",harmonics_utide_tidetables.txt,2.97,36.0,10.2,,1,,36.0,nur ein Nachbar -- nicht entscheidbar
"Lurah, Kota Waringin River entrance, Indonesia","Jolo, Philippines",1457,1.18,-30,"Kuala Sapu, Indonesia",harmonics_att_np203_scs.txt,0.0,23.7,7.1,,1,,23.7,nur ein Nachbar -- nicht entscheidbar
"Gansena (Hansen) Island, Russia","Busan New Port, South Korea",4889,0.15,364,"Hansen Island, Russia",harmonics_att_np202.txt,6.06,34.7,10.6,,1,,34.7,nur ein Nachbar -- nicht entscheidbar
"Cape Lazareva, Russia","Busan New Port, South Korea",2157,0.97,-510,"Cape Lazareva, Russia",harmonics_att_np204_secondary.txt,2.93,34.1,10.2,,1,,34.1,nur ein Nachbar -- nicht entscheidbar
"Macquarie Island, Australia","Apia, Samoa Islands",5189,0.77,372,"Macquarie Island, Australia",harmonics_ticon4_worldwide.txt,3.75,33.8,10.2,,1,,33.8,nur ein Nachbar -- nicht entscheidbar
"Samuila I., Komsomolskoi Pravdy Island, Russia","Busan New Port, South Korea",4828,0.3,186,"Komsomolskaya Pravda Islands, Russia",harmonics_att_np202.txt,5.94,33.9,10.6,,1,,33.9,nur ein Nachbar -- nicht entscheidbar
"Vila Harbor, Efate Island, Vanuatu","Yokohama (Shinko), Kanagawa, Japan",6642,0.93,54,"Port-Vila, Vanuatu",harmonics_ticon4_worldwide.txt,4.14,32.8,10.2,,1,,32.8,nur ein Nachbar -- nicht entscheidbar
"Langsa Bay, Sumatra, Indonesia","Davao, Philippines",3066,1.11,372,"Langsa Bay, Indonesia",harmonics_att_np203_scs.txt,0.0,21.8,7.1,,1,,21.8,nur ein Nachbar -- nicht entscheidbar
"Djelai River entrance, Indonesia","Jolo, Philippines",1521,0.61,-4,"Tanjung Kuala Jelai, Indonesia",harmonics_att_np203_scs.txt,0.0,21.8,7.1,,1,,21.8,nur ein Nachbar -- nicht entscheidbar
"Nususonga, New Georgia Island, Solomon Islands","Dreger Harbour, Papua New Guinea",1052,0.8,58,"Munda, New Georgia, Solomon Islands",harmonics-2004-06-14_mod.txt,0.17,21.9,7.1,,1,,21.9,nur ein Nachbar -- nicht entscheidbar
"Didamar (Little Quoin Island), Oman","Karachi, Pakistan",1062,1.01,-12,"Didamar (Little Quoin Island), Oman",harmonics_att_np203_secondary.txt,0.0,21.9,7.1,,1,,21.9,nur ein Nachbar -- nicht entscheidbar
"Nerpalakh Lagoon, Kotel'nyy Island, Russia","Busan New Port, South Korea",4501,0.15,326,"Ostrov Kotelny, Russia",harmonics_att_np202.txt,0.0,21.5,7.1,,1,,21.5,nur ein Nachbar -- nicht entscheidbar
"Amur River entrance, Russia","Jolo, Philippines",5520,0.57,295,"Uyuzyut Island, Russia",harmonics_att_np204_secondary.txt,5.67,32.0,10.6,,1,,32.0,nur ein Nachbar -- nicht entscheidbar
"Uyuzyut Island, Russia","Jolo, Philippines",5514,0.76,290,"Uyuzyut Island, Russia",harmonics_att_np204_secondary.txt,1.12,30.9,10.5,,1,,30.9,nur ein Nachbar -- nicht entscheidbar
"Phan Thiet, Tien Giang, Vietnam","Manila, Philippines",1453,1.35,14,"Fan Thiet, Vietnam",harmonics_att_np203_scs.txt,0.0,21.2,7.1,,1,,21.2,nur ein Nachbar -- nicht entscheidbar
"Banda Aceh (Ulee Lheue), Sumatra, Indonesia","Davao, Philippines",3358,0.79,289,"Uleelheue, Indonesia",harmonics_att_np203_scs.txt,0.0,21.3,7.1,,1,,21.3,nur ein Nachbar -- nicht entscheidbar
"Idi, Sumatra, Indonesia","Davao, Philippines",3088,0.89,328,"Idi, Indonesia",harmonics_att_np203_scs.txt,0.0,21.2,7.1,,1,,21.2,nur ein Nachbar -- nicht entscheidbar
"Sinabang Bay, Pulo Simalur, Sumatra, Indonesia","Sungai Kutei, Indonesia",2374,0.22,8,"Teluk Sinabang, Indonesia",harmonics_att_np203_scs.txt,0.0,21.6,7.1,,1,,21.6,nur ein Nachbar -- nicht entscheidbar
"Kuala Similajau, Indonesia","Manila, Philippines",1490,1.17,0,"Kuala Similajau, Malaysia",harmonics_att_np203_scs.txt,0.0,21.4,7.1,,1,,21.4,nur ein Nachbar -- nicht entscheidbar
"Pulau Rusa, Sumatra, Indonesia","Sungai Kutei, Indonesia",2564,0.31,170,"Pulau Rusa, Indonesia",harmonics_att_np203_scs.txt,0.0,20.7,7.1,,1,,20.7,nur ein Nachbar -- nicht entscheidbar
"Sungai Aru Tobal, Kumai Bay, Indonesia","Jolo, Philippines",1448,1.21,-3,"Sungai Aru Tobal, Indonesia",harmonics_att_np203_scs.txt,0.0,20.4,7.1,,1,,20.4,nur ein Nachbar -- nicht entscheidbar
"Etna Bay, New Guinea, Indonesia","Sembawang, Singapore",3483,0.91,-516,"Teluk Etna, Indonesia",harmonics_att_np203_scs.txt,0.0,20.6,7.1,,1,,20.6,nur ein Nachbar -- nicht entscheidbar
"Norfolk Island, Australia","Brisbane Bar, Queensland, Australia",1458,0.9,-83,"Norfolk Island, Australia",harmonics_utide_observations.txt,1.62,30.0,10.5,,1,,30.0,nur ein Nachbar -- nicht entscheidbar
"Maroantsetra, Madagascar","Dar Es Salaam, Tanzania",1488,0.41,-50,"Maroantsetra, Madagascar",harmonics_att_np203_secondary.txt,0.0,20.4,7.1,,1,,20.4,nur ein Nachbar -- nicht entscheidbar
"Zaliv Chikhacheva, Russia","Busan New Port, South Korea",2059,1.55,-635,"Zaliv Chikhacheva, Russia",harmonics-1997-05-25_mod.txt,2.97,28.5,10.2,,1,,28.5,nur ein Nachbar -- nicht entscheidbar
"Hao (Bow or La Harpe) Island, French Polynesia","Pago Pago, American Samoa",3197,0.24,-312,"Hao (Passe Kaki), French Polynesia",harmonics_utide_tidetables.txt,1.88,29.2,10.5,,1,,29.2,nur ein Nachbar -- nicht entscheidbar
"Cape Dzhaore, Russia","Jolo, Philippines",5502,0.99,310,"Uyuzyut Island, Russia",harmonics_att_np204_secondary.txt,17.27,34.2,12.6,,1,,34.2,nur ein Nachbar -- nicht entscheidbar
"Asahan River entrance, Sumatra, Indonesia","Mergui (Myeik), Myanmar",1056,0.64,336,"Bagan, Indonesia",harmonics_att_np203_scs.txt,0.0,18.9,7.1,,1,,18.9,nur ein Nachbar -- nicht entscheidbar
"Enggano Bay, Enggano Island, Indonesia","Sungai Kutei, Indonesia",1761,0.49,23,"Teluk Enggano, Indonesia",harmonics_att_np203_scs.txt,0.0,19.4,7.1,,1,,19.4,nur ein Nachbar -- nicht entscheidbar
"Avarua, Rarotonga, Cook Islands","Pago Pago, American Samoa",1388,0.23,130,"Avarua, Rarotonga, Cook Islands",harmonics_ticon4_worldwide.txt,1.16,28.5,10.5,,1,,28.5,nur ein Nachbar -- nicht entscheidbar
"Gizo Harbor, New Georgia Group, Solomon Islands","Dreger Harbour, Papua New Guinea",1005,0.71,21,"Gizo Anchorage, Solomon Islands",harmonics-2004-06-14_mod.txt,0.0,19.5,7.1,,1,,19.5,nur ein Nachbar -- nicht entscheidbar
"Mirbat (Marbat), Oman","Aden, Yemen",1143,0.94,76,"Mirbat (Marbat), Oman",harmonics_att_np203.txt,0.0,19.1,7.1,,1,,19.1,nur ein Nachbar -- nicht entscheidbar
"Cape Chikacheva, Russia","Busan New Port, South Korea",2103,1.61,-618,"Cape Chikhacheva, Russia",harmonics_att_np204_secondary.txt,1.15,27.5,10.5,,1,,27.5,nur ein Nachbar -- nicht entscheidbar
"Chon May Bay, Vietnam","Manila, Philippines",1401,0.5,0,"Chon May (Chumai), Vietnam",harmonics_att_np203_scs.txt,3.56,26.4,10.2,,1,,26.4,nur ein Nachbar -- nicht entscheidbar
"Culao Cham, Vietnam","Manila, Philippines",1346,0.88,-32,"Cu Lao Cham, Vietnam",harmonics_att_np203_scs.txt,0.0,18.1,7.1,,1,,18.1,nur ein Nachbar -- nicht entscheidbar
"Pointe Lagan, Tien Giang, Vietnam","Manila, Philippines",1383,1.29,-36,"Pointe de Lagan, Vietnam",harmonics_att_np203_scs.txt,0.0,18.6,7.1,,1,,18.6,nur ein Nachbar -- nicht entscheidbar
"Lhokseumawe, Sumatra, Indonesia","Davao, Philippines",3156,0.89,268,"Lhokseumawe, Indonesia",harmonics_att_np203_scs.txt,1.86,26.8,10.5,,1,,26.8,nur ein Nachbar -- nicht entscheidbar
"Pulo Muda, Kampar River, Sumatra, Indonesia","Davao, Philippines",2631,2.42,-303,"Pulau Muda, Indonesia",harmonics_att_np203_scs.txt,9.27,27.6,10.6,,1,,27.6,nur ein Nachbar -- nicht entscheidbar
"Kalabahi, Indonesia","Belawan, Indonesia",3160,1.27,-100,"Kalabahi, Indonesia",harmonics_att_np203_scs.txt,1.83,27.1,10.5,,1,,27.1,nur ein Nachbar -- nicht entscheidbar
"Havannah Harbor, Efate Island, Vanuatu","Yokohama (Shinko), Kanagawa, Japan",6624,0.8,57,"Port-Vila, Vanuatu",harmonics_ticon4_worldwide.txt,21.1,33.0,12.6,,1,,33.0,nur ein Nachbar -- nicht entscheidbar
"Victoria, Seychelles","Dar Es Salaam, Tanzania",1806,0.4,22,"Victoria, Seychelles",harmonics_ticon4_worldwide.txt,0.0,18.1,7.1,,1,,18.1,nur ein Nachbar -- nicht entscheidbar
"Vung Chua Bay, Vietnam","Ostrov Paramushir, Kuril Islands, Russia",5624,0.65,4,"Vung Chua, Vietnam",harmonics_att_np203_scs.txt,1.77,26.6,10.5,,1,,26.6,nur ein Nachbar -- nicht entscheidbar
"Kotaagung, Semangka Bay, Java, Indonesia","Sungai Kutei, Indonesia",1526,0.51,80,"Kotaagung, Indonesia",harmonics_att_np203_scs.txt,0.0,17.4,7.1,,1,,17.4,nur ein Nachbar -- nicht entscheidbar
"Benkulu, Indonesia","Sungai Kutei, Indonesia",1729,0.51,62,"Bengkulu, Indonesia",harmonics_att_np203_scs.txt,0.0,17.4,7.1,,1,,17.4,nur ein Nachbar -- nicht entscheidbar
"Siberut Bay, Siberut Island, Sumatra, Indonesia","Sungai Kutei, Indonesia",2035,0.49,19,"Teluk Siberut, Indonesia",harmonics_att_np203_scs.txt,0.0,17.8,7.1,,1,,17.8,nur ein Nachbar -- nicht entscheidbar
"Sapudi Island, Sapudi Strait, Java, Indonesia","Manila, Philippines",2520,1.23,-12,"Sapudi, Indonesia",harmonics_att_np203_scs.txt,0.0,17.4,7.1,,1,,17.4,nur ein Nachbar -- nicht entscheidbar
"Pulau Karangmas, Madura Strait, Bali, Indonesia","Manila, Philippines",2579,1.2,-32,"Gosong Karangmas, Indonesia",harmonics_att_np203_scs.txt,0.0,17.5,7.1,,1,,17.5,nur ein Nachbar -- nicht entscheidbar
"Atapupu, Indonesia","Belawan, Indonesia",3230,1.04,-151,"Atapupu, Indonesia",harmonics_att_np203_scs.txt,1.08,25.8,10.5,,1,,25.8,nur ein Nachbar -- nicht entscheidbar
"Cape Margerie (Port Martin), Antarctica","Jolo, Philippines",8269,1.44,238,"Port Martin, Antarctica",harmonics-2004-06-14_mod.txt,2.35,25.3,10.2,,1,,25.3,nur ein Nachbar -- nicht entscheidbar
"Balat River entrance, Vietnam","Ostrov Paramushir, Kuril Islands, Russia",5419,1.49,-18,"Cua Ba Lat, Vietnam",harmonics_att_np203_scs.txt,11.82,30.4,12.6,,1,,30.4,nur ein Nachbar -- nicht entscheidbar
"Dung Quat Bay, Vietnam","Manila, Philippines",1315,1.07,-34,"Kikuik, Vietnam",harmonics_att_np203_scs.txt,0.0,16.8,7.1,,1,,16.8,nur ein Nachbar -- nicht entscheidbar
"Mui Dinh, Vietnam","Manila, Philippines",1343,1.13,-34,"Cap Padaran, Vietnam",harmonics_att_np203_scs.txt,0.0,16.8,7.1,,1,,16.8,nur ein Nachbar -- nicht entscheidbar
"Natal, Sumatra, Indonesia","Sungai Kutei, Indonesia",2051,0.44,20,"Natal, Indonesia",harmonics_att_np203_scs.txt,0.0,16.9,7.1,,1,,16.9,nur ein Nachbar -- nicht entscheidbar
"Troughton Island, Western Australia, Australia","Port Hedland, Western Australia, Australia",1085,1.19,-35,"Troughton Island, Western Australia, Australia",harmonics-2004-06-14_mod.txt,1.86,24.7,10.5,,1,,24.7,nur ein Nachbar -- nicht entscheidbar
"Thalassery (Tellicherry), Kerala, India","Karachi, Pakistan",1707,0.51,28,"Thalassery (Tellicherry), Kerala, India",harmonics_att_np203_secondary.txt,0.0,16.8,7.1,,1,,16.8,nur ein Nachbar -- nicht entscheidbar
"Kannur (Cannanore), Kerala, India","Karachi, Pakistan",1690,0.5,26,"Kannur (Cannanore), Kerala, India",harmonics_att_np203_secondary.txt,0.0,16.9,7.1,,1,,16.9,nur ein Nachbar -- nicht entscheidbar
"Albany, Princess Royal Harbor, Western Australia, Australia","Jakarta, Java, Indonesia",3408,1.12,740,"Albany, Western Australia, Australia",harmonics_ticon4_worldwide.txt,0.85,16.3,7.1,,1,,16.3,nur ein Nachbar -- nicht entscheidbar
"Pointe Geologie, Adelie Coast, Antarctica","Jolo, Philippines",8231,1.4,254,"Dumont Durville, Antarctica",harmonics_ticon4_worldwide.txt,4.74,23.8,10.2,,1,,23.8,nur ein Nachbar -- nicht entscheidbar
"Cape Tamlevo, Russia","Jolo, Philippines",5584,1.52,-24,"Cheushi Island, Russia",harmonics_att_np204_secondary.txt,23.36,28.4,12.6,,1,,28.4,nur ein Nachbar -- nicht entscheidbar
"Bagan-siapiapi, Sungi Rokan, Sumatra, Indonesia","Mergui (Myeik), Myanmar",1169,1.07,426,"Bagan Si Api Api, Indonesia",harmonics_att_np203_scs.txt,1.86,23.3,10.5,,1,,23.3,nur ein Nachbar -- nicht entscheidbar
"Aesi, Vanuatu","Yokohama (Shinko), Kanagawa, Japan",6361,1.0,-18,"Luganville Wharf, Vanuatu",harmonics_utide_tidetables.txt,10.33,27.9,12.6,,1,,27.9,nur ein Nachbar -- nicht entscheidbar
"Saonek, Dampier Strait, Indonesia","Yokohama (Shinko), Kanagawa, Japan",4097,1.1,118,"Saonek, Indonesia",harmonics_att_np203_scs.txt,0.0,15.7,7.1,,1,,15.7,nur ein Nachbar -- nicht entscheidbar
"Ayan Bay, Russia","Brisbane Bar, Queensland, Australia",9427,1.3,209,"Zaliv Ayan, Russia",harmonics_att_np204_secondary.txt,0.0,14.8,7.1,,1,,14.8,nur ein Nachbar -- nicht entscheidbar
"Hon Me, Vietnam","Ostrov Paramushir, Kuril Islands, Russia",5538,1.61,-10,"Hon Me, Vietnam",harmonics_att_np203_scs.txt,6.57,21.9,10.6,,1,,21.9,nur ein Nachbar -- nicht entscheidbar
"Port Van, Vietnam","Manila, Philippines",1270,1.07,-54,"Port Dayot, Vietnam",harmonics_att_np203_scs.txt,0.0,15.1,7.1,,1,,15.1,nur ein Nachbar -- nicht entscheidbar
"Sigli, Sumatra, Indonesia","Davao, Philippines",3284,0.68,264,"Sigli, Indonesia",harmonics_att_np203_scs.txt,1.85,22.4,10.5,,1,,22.4,nur ein Nachbar -- nicht entscheidbar
"Labuhanbilik, Sungai Panai, Sumatra, Indonesia","Mergui (Myeik), Myanmar",1116,0.78,401,"Labuan Bilik, Indonesia",harmonics_att_np203_scs.txt,0.0,14.8,7.1,,1,,14.8,nur ein Nachbar -- nicht entscheidbar
"Teluk Lamala, Peling Strait, Indonesia","Shantou (Han River), China",2782,0.73,8,"Teluk Lamala, Indonesia",harmonics_att_np203_scs.txt,0.0,14.5,7.1,,1,,14.5,nur ein Nachbar -- nicht entscheidbar
"Milford Sound, Southland, New Zealand","Auckland, New Zealand",1042,0.72,268,"Fresh Water Basin, New Zealand",harmonics_utide_tidetables.txt,0.51,14.6,7.1,,1,,14.6,nur ein Nachbar -- nicht entscheidbar
"Karunohu Island, Solomon Islands","Dreger Harbour, Papua New Guinea",1133,0.76,40,"Marovo Lagoon (Vangunu), Solomon Islands",harmonics-2004-06-14_mod.txt,0.0,15.0,7.1,,1,,15.0,nur ein Nachbar -- nicht entscheidbar
"Wilkes Station, Antarctica","Cebu, Philippines",8582,0.76,60,"Casey, Antarctica",harmonics_ticon4_worldwide.txt,3.74,21.7,10.2,,1,,21.7,nur ein Nachbar -- nicht entscheidbar
"Suisho To, Hokkaido, Japan","Ostrov Paramushir, Kuril Islands, Russia",1055,0.87,35,"Suisho-jima, Hokkaido, Japan",harmonics-2004-06-14_mod.txt,0.22,14.2,7.1,,1,,14.2,nur ein Nachbar -- nicht entscheidbar
"Berembang, Sungi Panai, Sumatra, Indonesia","Mergui (Myeik), Myanmar",1104,0.74,378,"Berombang, Indonesia",harmonics_att_np203_scs.txt,0.0,13.9,7.1,,1,,13.9,nur ein Nachbar -- nicht entscheidbar
"Genteng Bay, Java, Indonesia","Belawan, Indonesia",1509,0.67,-354,"Genteng (Westbaai), Indonesia",harmonics_att_np203_scs.txt,0.0,14.2,7.1,,1,,14.2,nur ein Nachbar -- nicht entscheidbar
"Buleleng, Bali, Indonesia","Tai O, Hong Kong, China",3378,0.67,135,"Buleleng, Indonesia",harmonics_att_np203_scs.txt,0.0,13.9,7.1,,1,,13.9,nur ein Nachbar -- nicht entscheidbar
"Taruna Bay, Sangi Island, Sulawesi, Indonesia","Sungai Kutei, Indonesia",1009,0.86,16,"Tahoena, Indonesia",harmonics_att_np203_scs.txt,6.68,21.1,10.6,,1,,21.1,nur ein Nachbar -- nicht entscheidbar
"Ajerbangis, Sumatra, Indonesia","Sungai Kutei, Indonesia",2019,0.44,-8,"Air Bangis, Indonesia",harmonics_att_np203_scs.txt,1.85,19.6,10.5,,1,,19.6,nur ein Nachbar -- nicht entscheidbar
"Tapaktuan, Sumatra, Indonesia","Sungai Kutei, Indonesia",2300,0.29,52,"Tapaktuan, Indonesia",harmonics_att_np203_scs.txt,1.84,20.0,10.5,,1,,20.0,nur ein Nachbar -- nicht entscheidbar
"Tjalang Bay, Sumatra, Indonesia","Sungai Kutei, Indonesia",2505,0.24,114,"Chalang, Indonesia",harmonics_att_np203_scs.txt,6.67,19.9,10.6,,1,,19.9,nur ein Nachbar -- nicht entscheidbar
"Carnarvon, Shark Bay, Western Australia, Australia","Davao, Philippines",3782,0.55,300,"Carnarvon, Western Australia, Australia",harmonics_utide_observations.txt,3.79,19.0,10.2,,1,,19.0,nur ein Nachbar -- nicht entscheidbar
"Udskaya Bay, Russia","Brisbane Bar, Queensland, Australia",9284,1.47,424,"Udskaya Guba, Russia",harmonics_att_np204_secondary.txt,0.0,13.0,7.1,,1,,13.0,nur ein Nachbar -- nicht entscheidbar
"Barus, Sumatra, Indonesia","Sungai Kutei, Indonesia",2147,0.42,8,"Barus, Indonesia",harmonics_att_np203_scs.txt,3.7,18.1,10.2,,1,,18.1,nur ein Nachbar -- nicht entscheidbar
"Taniwel, Seram Island, Maluku, Indonesia","Shantou (Han River), China",3176,0.8,60,"Taniwel, Indonesia",harmonics_att_np203_scs.txt,9.26,19.3,10.6,,1,,19.3,nur ein Nachbar -- nicht entscheidbar
"Dusky Sound, Southland, New Zealand","Auckland, New Zealand",1207,0.74,294,"Many Islands, New Zealand",harmonics_utide_tidetables.txt,1.97,18.6,10.5,,1,,18.6,nur ein Nachbar -- nicht entscheidbar
"Dedele Point, Papua New Guinea","Townsville, Queensland, Australia",1023,0.76,21,"Dedele Point, Papua New Guinea",harmonics-2004-06-14_mod.txt,0.0,12.5,7.1,,1,,12.5,nur ein Nachbar -- nicht entscheidbar
"Perseverance Harbor, Campbell Island, New Zealand","Apia, Samoa Islands",4629,1.21,456,"Campbell Island / Motu Ihupuku - Perseverance Harbour, New Zealand",harmonics_utide_tidetables.txt,3.01,18.5,10.2,,1,,18.5,nur ein Nachbar -- nicht entscheidbar
"Sibir Harbor, Russia","Ostrov Paramushir, Kuril Islands, Russia",1320,1.16,-36,"Gavan Sibir, Russia",harmonics_att_np204_secondary.txt,0.0,12.2,7.1,,1,,12.2,nur ein Nachbar -- nicht entscheidbar
"Sawangtungku, North Pagai Island, Sumatra, Indonesia","Sungai Kutei, Indonesia",1935,0.51,20,"Pulau Tonggo, Indonesia",harmonics_att_np203_scs.txt,1.84,17.9,10.5,,1,,17.9,nur ein Nachbar -- nicht entscheidbar
"Telo Island, Batoe Islands, Nias, Indonesia","Sungai Kutei, Indonesia",2138,0.4,2,"Pulau Telo, Indonesia",harmonics_att_np203_scs.txt,1.85,18.2,10.5,,1,,18.2,nur ein Nachbar -- nicht entscheidbar
"Simanari Bay, Nias Island, Nias, Indonesia","Sungai Kutei, Indonesia",2271,0.33,6,"Simanari, Indonesia",harmonics_att_np203_scs.txt,4.15,17.6,10.2,,1,,17.6,nur ein Nachbar -- nicht entscheidbar
"Singkil, Sumatra, Indonesia","Sungai Kutei, Indonesia",2217,0.35,39,"Singkilbaru, Indonesia",harmonics_att_np203_scs.txt,1.86,17.4,10.5,,1,,17.4,nur ein Nachbar -- nicht entscheidbar
"Sanana, Sula Sanana, Sula Islands, Indonesia","Shantou (Han River), China",2994,0.8,87,"Sanana, Indonesia",harmonics_att_np203_scs.txt,5.86,18.5,10.6,,1,,18.5,nur ein Nachbar -- nicht entscheidbar
"Deep Cove, Southland, New Zealand","Auckland, New Zealand",1148,0.66,286,"Deep Cove, New Zealand",harmonics_utide_tidetables.txt,1.5,17.8,10.5,,1,,17.8,nur ein Nachbar -- nicht entscheidbar
"Androka, Madagascar","Dar Es Salaam, Tanzania",2087,0.77,72,"Androka, Madagascar",harmonics_att_np203_secondary.txt,0.0,11.9,7.1,,1,,11.9,nur ein Nachbar -- nicht entscheidbar
"Baldukov Island, Russia","Jolo, Philippines",5570,1.63,-100,"Cheushi Island, Russia",harmonics_att_np204_secondary.txt,2.89,16.4,10.2,,1,,16.4,nur ein Nachbar -- nicht entscheidbar
"Sungaiguntung, Indonesia","Tai O, Hong Kong, China",2682,1.19,-540,"Guntung, Indonesia",harmonics_att_np203_scs.txt,0.0,11.4,7.1,,1,,11.4,nur ein Nachbar -- nicht entscheidbar
"Kuala Niah, Indonesia","Manila, Philippines",1424,1.17,40,"Kuala Niah, Malaysia",harmonics_att_np203_scs.txt,0.0,11.3,7.1,,1,,11.3,nur ein Nachbar -- nicht entscheidbar
"Red Cliff Bay, Shark Bay, Western Australia, Australia","Davao, Philippines",3878,0.71,451,"Monkey Mia, Western Australia, Australia",harmonics-2004-06-14_mod.txt,5.01,16.7,10.6,,1,,16.7,nur ein Nachbar -- nicht entscheidbar
"Bhatkal, Karnataka, India","Karachi, Pakistan",1442,0.48,37,"Bhatkal, Karnataka, India",harmonics_att_np203.txt,0.0,11.5,7.1,,1,,11.5,nur ein Nachbar -- nicht entscheidbar
"Cap Ankarana, Madagascar","Dar Es Salaam, Tanzania",1605,1.09,32,"Cap Ankarana, Madagascar",harmonics_att_np203_secondary.txt,0.0,11.3,7.1,,1,,11.3,nur ein Nachbar -- nicht entscheidbar
"Nosy Maroantaly, Madagascar","Dar Es Salaam, Tanzania",1384,1.19,28,"Nosy Maroantaly, Madagascar",harmonics_att_np203_secondary.txt,0.0,11.0,7.1,,1,,11.0,nur ein Nachbar -- nicht entscheidbar
"Levyazhya Bay, Feklistov Island, Russia","Brisbane Bar, Queensland, Australia",9280,2.75,393,"Guba Lebyazh'ya, Russia",harmonics_att_np204_secondary.txt,0.0,10.4,7.1,,1,,10.4,nur ein Nachbar -- nicht entscheidbar
"Abrek Bay, Little Shantar Island, Russia","Brisbane Bar, Queensland, Australia",9213,2.33,406,"Bukhta Abrek, Russia",harmonics_att_np204_secondary.txt,0.0,10.3,7.1,,1,,10.3,nur ein Nachbar -- nicht entscheidbar
"Tomari Wan, Hokkaido, Japan","Ostrov Paramushir, Kuril Islands, Russia",1054,0.84,50,"Tomari Wan, Hokkaido, Japan",harmonics-2004-06-14_mod.txt,0.0,10.4,7.1,,1,,10.4,nur ein Nachbar -- nicht entscheidbar
"Tam Quan, Vietnam","Manila, Philippines",1280,1.01,-41,"Tam Kwam, Vietnam",harmonics_att_np203_scs.txt,1.8,15.5,10.5,,1,,15.5,nur ein Nachbar -- nicht entscheidbar
"Pulo Beralas, Berhala Strait, Indonesia","Vung Tau, Vietnam",1251,1.03,-702,"Pulau Beralas, Indonesia",harmonics_att_np203_scs.txt,0.0,10.8,7.1,,1,,10.8,nur ein Nachbar -- nicht entscheidbar
"Kwala Ladjau, Indragiri River, Indonesia","Vung Tau, Vietnam",1256,1.18,-625,"Kuala Lajau, Indonesia",harmonics_att_np203_scs.txt,2.62,15.4,10.2,,1,,15.4,nur ein Nachbar -- nicht entscheidbar
"Pasuruan, Java, Indonesia","Tai O, Hong Kong, China",3325,1.22,96,"Pasuruan, Indonesia",harmonics_att_np203_scs.txt,0.0,10.5,7.1,,1,,10.5,nur ein Nachbar -- nicht entscheidbar
"Sapo Point, Brunei Bay, Indonesia","Manila, Philippines",1242,1.54,40,"Tanjong Sapo, Brunei",harmonics_att_np203_scs.txt,0.0,10.4,7.1,,1,,10.4,nur ein Nachbar -- nicht entscheidbar
"Bligh Sound, Southland, New Zealand","Auckland, New Zealand",1080,0.72,274,"Hawea / Bligh Sound, New Zealand",harmonics_utide_tidetables.txt,8.31,15.7,10.6,,1,,15.7,nur ein Nachbar -- nicht entscheidbar
"Suvadiva Atoll, Maldive Islands, Maldives","Chennai, Tamil Nadu, India",1575,1.0,310,"North Huvadhu, Maldives",harmonics_att_np203_secondary.txt,12.42,19.1,12.6,,1,,19.1,nur ein Nachbar -- nicht entscheidbar
"Nishi, Iwo Jima, Kazan Retto, Tokyo, Japan","Yokohama (Shinko), Kanagawa, Japan",1195,0.6,99,"Iwojima, Tokyo, Japan",harmonics-2004-06-14_mod.txt,0.0,9.9,7.1,,1,,9.9,nur ein Nachbar -- nicht entscheidbar
"Vung Xuan Dai, Vietnam","Manila, Philippines",1269,1.01,-46,"Baie de Xuan Day, Vietnam",harmonics_att_np203_scs.txt,1.85,14.8,10.5,,1,,14.8,nur ein Nachbar -- nicht entscheidbar
"Vung Ro, Vietnam","Manila, Philippines",1262,1.07,-52,"Vung Ro, Vietnam",harmonics_att_np203_scs.txt,1.81,15.0,10.5,,1,,15.0,nur ein Nachbar -- nicht entscheidbar
"Kwala Niur, Indonesia","Vung Tau, Vietnam",1311,1.12,-650,"Kuala Niur, Indonesia",harmonics_att_np203_scs.txt,0.0,9.9,7.1,,1,,9.9,nur ein Nachbar -- nicht entscheidbar
"Kukum, Guadalcanal Island, Solomon Islands","Dreger Harbour, Papua New Guinea",1373,0.76,12,"Honiara, Guadalcanal, Solomon Islands",harmonics_ticon4_worldwide.txt,6.61,14.3,10.6,,1,,14.3,nur ein Nachbar -- nicht entscheidbar
"Bunbury Harbor, Western Australia, Australia","Jakarta, Java, Indonesia",3158,0.88,654,"Bunbury, Western Australia, Australia",harmonics_ticon4_worldwide.txt,1.19,14.2,10.5,,1,,14.2,nur ein Nachbar -- nicht entscheidbar
"Lingkobu, Indonesia","Shantou (Han River), China",2872,1.24,-61,"Lingkobu, Indonesia",harmonics_att_np203_scs.txt,1.86,13.6,10.5,,1,,13.6,nur ein Nachbar -- nicht entscheidbar
"Sipitang, Brunei Bay, Malaysia","Manila, Philippines",1211,1.48,23,"Sipitang, Brunei",harmonics_att_np203_scs.txt,0.0,9.0,7.1,,1,,9.0,nur ein Nachbar -- nicht entscheidbar
"Champion Bay, Western Australia, Australia","Jakarta, Java, Indonesia",2648,0.93,616,"Geraldton, Western Australia, Australia",harmonics_ticon4_worldwide.txt,1.99,13.3,10.5,,1,,13.3,nur ein Nachbar -- nicht entscheidbar
"Barawa (Brava), Somalia","Dar Es Salaam, Tanzania",1027,0.72,-11,"Barawa (Brava), Somalia",harmonics_att_np203_secondary.txt,0.0,9.3,7.1,,1,,9.3,nur ein Nachbar -- nicht entscheidbar
"Okimura, Ogasawara Gunto, Tokyo, Japan","Yokohama (Shinko), Kanagawa, Japan",1009,0.73,69,"Hahajima, Tokyo, Japan",harmonics-2004-06-14_mod.txt,0.95,8.6,7.1,,1,,8.6,nur ein Nachbar -- nicht entscheidbar
"Pamangkat, Sambas-besar River, Borneo, Indonesia","Cebu, Philippines",1935,0.59,344,"Pemangkat, Indonesia",harmonics_att_np203_scs.txt,0.0,8.5,7.1,,1,,8.5,nur ein Nachbar -- nicht entscheidbar
"Paterson Inlet, Stewart Island, Southland, New Zealand","Auckland, New Zealand",1245,0.77,-340,"Golden Bay, New Zealand",harmonics_utide_tidetables.txt,0.52,8.6,7.1,,1,,8.6,nur ein Nachbar -- nicht entscheidbar
"Taraku Jima, Hokkaido, Japan","Ostrov Paramushir, Kuril Islands, Russia",1013,0.77,25,"Taraku-jima (Polonskogo), Hokkaido, Japan",harmonics-2004-06-14_mod.txt,0.27,7.6,7.1,,1,,7.6,nur ein Nachbar -- nicht entscheidbar
"Tarawa Atoll, Kiribati","Kwajalein, Marshall Islands",1001,0.42,20,"Betio, Tarawa, Kiribati",harmonics_ticon4_worldwide.txt,0.18,7.6,7.1,,1,,7.6,nur ein Nachbar -- nicht entscheidbar
"Nugget Point, Otago, New Zealand","Auckland, New Zealand",1143,0.72,-282,"Nugget Point, New Zealand",harmonics_utide_tidetables.txt,0.44,8.0,7.1,,1,,8.0,nur ein Nachbar -- nicht entscheidbar
"Waipapa Point, Southland, New Zealand","Auckland, New Zealand",1195,0.86,-314,"Waipapa Point, New Zealand",harmonics_utide_tidetables.txt,0.95,7.5,7.1,,1,,7.5,nur ein Nachbar -- nicht entscheidbar
"Long Island, Western Australia, Australia","Davao, Philippines",3409,0.95,271,"Serrurier Island, Western Australia, Australia",harmonics-2004-06-14_mod.txt,3.7,11.6,10.2,,1,,11.6,nur ein Nachbar -- nicht entscheidbar
"Baudin Island, Western Australia, Australia","Port Hedland, Western Australia, Australia",1015,1.07,-20,"Baudin Island, Western Australia, Australia",harmonics-2004-06-14_mod.txt,0.0,8.0,7.1,,1,,8.0,nur ein Nachbar -- nicht entscheidbar
"Vohemar, Madagascar","Dar Es Salaam, Tanzania",1379,0.43,-80,"Vohemar, Madagascar",harmonics_att_np203_secondary.txt,0.0,8.1,7.1,,1,,8.1,nur ein Nachbar -- nicht entscheidbar
"Kuala Papar, Kimanis Bay, Malaysia","Manila, Philippines",1128,1.23,-6,"Kuala Papar, Malaysia",harmonics_att_np203_scs.txt,0.0,6.8,7.1,,1,,6.8,nur ein Nachbar -- nicht entscheidbar
"Port Purvis, Florida Island, Solomon Islands","Dreger Harbour, Papua New Guinea",1393,0.95,52,"Bungana Island, Solomon Islands",harmonics-2004-06-14_mod.txt,5.2,10.4,10.6,,1,,10.4,nur ein Nachbar -- nicht entscheidbar
"Tulagi Island, Solomon Islands","Dreger Harbour, Papua New Guinea",1381,0.95,2,"Sandfly Passage, Solomon Islands",harmonics-2004-06-14_mod.txt,11.71,12.0,12.6,,1,,12.0,nur ein Nachbar -- nicht entscheidbar
"Mangerivy Bay (Port Leven), Madagascar","Dar Es Salaam, Tanzania",1331,0.55,-55,"Port Leven, Madagascar",harmonics_att_np203_secondary.txt,0.0,6.2,7.1,,1,,6.2,nur ein Nachbar -- nicht entscheidbar
"Yuzhno Kurilsk, Russia","Ostrov Paramushir, Kuril Islands, Russia",1007,0.8,15,"Yuzhno-Kurilsk (Kunashin), Kuril Islands, Russia",harmonics-2004-06-14_mod.txt,1.49,8.3,10.5,,1,,8.3,nur ein Nachbar -- nicht entscheidbar
"Kalianget, Madura Island, Java, Indonesia","Tai O, Hong Kong, China",3258,0.93,30,"Kalianget, Indonesia",harmonics_att_np203_scs.txt,1.83,8.6,10.5,,1,,8.6,nur ein Nachbar -- nicht entscheidbar
"Colac Bay, Southland, New Zealand","Auckland, New Zealand",1202,0.79,-426,"Colac Bay / Oraka, New Zealand",harmonics_utide_tidetables.txt,1.62,8.5,10.5,,1,,8.5,nur ein Nachbar -- nicht entscheidbar
"Mios Woendi Lagoon, Schouten Islands, Indonesia","Yokohama (Shinko), Kanagawa, Japan",4097,1.1,108,"Bosnik, Indonesia",harmonics_att_np203_scs.txt,22.39,9.9,12.6,,1,,9.9,nur ein Nachbar -- nicht entscheidbar
"Tembilahan, Indragiri River, Indonesia","Vung Tau, Vietnam",1259,1.47,-522,"Tembilahan, Indonesia",harmonics_att_np203_scs.txt,9.44,6.5,10.6,,1,,6.5,nur ein Nachbar -- nicht entscheidbar
