no,name,gedruckt,gedruckt_km,vorschlag,vorschlag_km,seite
75,Kolychino Polar Station,Pusan,5059,Paramushiru Island,2529,391
81,"Alera Bay, Penkegnei Bay",Pusan,5040,Paramushiru Island,2440,391
83,"Plover Bay, Provideniya Bay",Pusan,5008,Paramushiru Island,2398,391
85,"Emma Bay, Provideniya Bay",Pusan,5017,Paramushiru Island,2407,391
87,"Cape Razdelny, Kresta Bay",Pusan,4810,Paramushiru Island,2285,391
89,"Engaugin Bay, Kresta Bay",Pusan,4785,Paramushiru Island,2263,391
91,Russkaya Koshka Spit,Pusan,4642,Paramushiru Island,2084,391
93,Salomatova Spit,Pusan,4621,Paramushiru Island,2069,391
95,Melkaya Bay,Pusan,4607,Paramushiru Island,2064,391
97,Anadyr River entrance,Pusan,4599,Paramushiru Island,2055,391
99,"Strelka Spit, Anadyr Gulf",Pusan,4623,Paramushiru Island,2062,391
101,Ugolnaya Bay,Pusan,4627,Paramushiru Island,2017,391
135,Cape Astronomicheski },Musi River,8723,Paramushiru Island,1459,392
137,Matugin Point },Musi River,8494,Paramushiru Island,1310,392
139,Gizhiga River entrance },Musi River,8517,Paramushiru Island,1342,392
141,Nayakhanskaya Bay },Musi River,8451,Paramushiru Island,1319,392
143,Udacha Bay },Musi River,8109,Paramushiru Island,1005,392
151,Ayan Bay,Brisbane Bar,9427,Otomari,1137,392
153,Udskaya Bay,Brisbane Bar,9284,Otomari,1039,392
155,"Levyazhya Bay, Feklistov Island",Brisbane Bar,9280,Otomari,1011,392
157,"Abrek Bay, Little Shantar Island",Brisbane Bar,9213,Otomari,937,392
159,Baldukov Island },Jolo,5570,Otomari,748,392
161,Cape Tamlevo },Jolo,5584,Otomari,751,392
163,Baikal Bay },Jolo,5617,Otomari,769,392
165,Kuegda Bay },Jolo,5705,Otomari,855,392
223,Yatsu Misaki,Pusan,1823,Otomari,173,392
225,Ushiro Wan,Pusan,1878,Otomari,259,392
227,Toro Numa,Pusan,1905,Otomari,287,392
229,Lesogorsk,Pusan,1932,Otomari,317,392
231,Mys Polevogo,Pusan,1961,Otomari,352,392
233,Anbetsu,Pusan,1980,Otomari,376,392
235,Pilevo Bay,Pusan,1984,Otomari,381,393
237,Alexandrovski,Pusan,2060,Otomari,477,393
239,Viyakhtu Bay,Pusan,2112,Otomari,555,393
241,Cape Tik,Pusan,2117,Otomari,573,393
243,"Cape Pogobi, Strait of Tartary",Pusan,2161,Otomari,627,393
245,Amur River entrance },Jolo,5520,Otomari,702,393
247,"Nikolayevsk, Amur River }",Jolo,5533,Otomari,737,393
249,Uyuzyut Island },Jolo,5514,Otomari,697,393
251,Cape Dzhaore },Jolo,5502,Otomari,680,393
253,Cape Lazareva,Pusan,2157,Otomari,630,393
255,Cape Muraveva,Pusan,2151,Otomari,620,393
257,Cape Chikacheva,Pusan,2103,Otomari,584,393
259,Cape Sushcheva,Pusan,2093,Otomari,576,393
261,Taba Bay,Pusan,2076,Otomari,571,393
263,Zaliv Chikhacheva,Pusan,2059,Otomari,554,393
265,Starka Bay,Pusan,1926,Otomari,422,393
267,Datta Bay,Pusan,1842,Otomari,343,393
269,Vanina Bay,Pusan,1820,Otomari,331,393
271,Sovetskaya Harbor,Pusan,1810,Otomari,320,393
273,Vetryechnui Point,Pusan,1708,Otomari,284,393
429,Soya Misaki,Kamaisi,694,Otomari,138,394
577,"Shimotsu Ura, Osaki Wan",Yokohama,438,Sakate,84,395
579,Wakanoura Wan,Yokohama,431,Sakate,85,395
581,Tachibana Ura,Yokohama,490,Sakate,72,395
583,Komatsushima Ko,Yokohama,488,Sakate,55,395
609,"Fukura Ura, Awaji",Yokohama,471,Sakate,42,396
763,Senzaki Ko,Hong Kong,2163,Pusan,234,397
765,Hagi Ko,Hong Kong,2182,Pusan,251,397
767,Esaki Ko,Hong Kong,2212,Sakate,245,397
769,Hamada Ko (Tono Ura entrance) <12>,Hong Kong,2261,Sakate,212,397
771,Sagi Ura,Hong Kong,2340,Sakate,186,397
773,Kaka Ura,Hong Kong,2376,Sakate,171,397
775,"Sakai Ko, Miho Wan",Hong Kong,2388,Sakate,157,397
777,Yonago Nakami,Hong Kong,2387,Sakate,142,397
779,"Hinotso Ura, Dozen, Oki Retto",Hong Kong,2408,Sakate,214,397
781,"Saigo Ko, Dogo, Oki Retto",Hong Kong,2436,Sakate,214,397
783,Shibayama Ko,Hong Kong,2505,Sakate,138,397
785,"Ine Ko, Wakasa Wan",Hong Kong,2553,Sakate,161,397
787,"Maizuru Ko, Wakasa Wan <13>",Hong Kong,2544,Sakate,143,397
789,"Tsuruga Ko, Wakasa Wan <14>",Hong Kong,2615,Sakate,208,397
791,Mikuni Ko,Hong Kong,2651,Sakate,259,397
793,Wajima Ko,Hong Kong,2775,Yokohama,327,397
795,"Nanao, Nanao Wan",Hong Kong,2760,Yokohama,299,397
797,"Fushiki Ko, Toyama Wan",Hong Kong,2754,Yokohama,276,397
799,Naoetsu Ko,Hong Kong,2867,Yokohama,229,397
801,Niigata Ko,Hong Kong,2971,Yokohama,282,397
803,"Ogi Ko, Sado Shima",Hong Kong,2904,Yokohama,289,397
805,"Ryo Zu Ko, Sado Shima",Hong Kong,2930,Yokohama,312,397
807,Kamo Ko,Hong Kong,3066,Kamaisi,195,397
809,Tsuchizaki,Hong Kong,3144,Kamaisi,166,397
811,Funakawa Wan,Hong Kong,3138,Kamaisi,186,397
813,Iwasaki,Hong Kong,3181,Kamaisi,224,397
815,Fuka Ura,Hong Kong,3186,Kamaisi,227,397
817,Kodomari Wan,Hong Kong,3242,Kamaisi,247,397
1035,"Choguri-man, Koje-do",Ch’ang Chiang Approach,758,Pusan,44,399
1037,"Koje-man, Koje-do",Ch’ang Chiang Approach,748,Pusan,33,399
1039,Ch'ungmu-hang,Ch’ang Chiang Approach,736,Pusan,42,399
1041,Yokchi-do,Ch’ang Chiang Approach,741,Pusan,67,399
1043,"Wis-som, Saryang-do",Ch’ang Chiang Approach,723,Pusan,56,399
1045,Kosong-man,Ch’ang Chiang Approach,726,Pusan,44,399
1047,"Mijo-man, Namhae-do",Ch’ang Chiang Approach,721,Pusan,78,399
1049,Samch'onp'o,Ch’ang Chiang Approach,706,Pusan,67,399
1051,Ch'ojon-ni,Ch’ang Chiang Approach,696,Pusan,67,399
1053,"P'yougsan-ni, Namhae-do",Ch’ang Chiang Approach,705,Pusan,92,399
1055,Yosu,Ch’ang Chiang Approach,701,Pusan,100,399
1057,Kwangyang-man,Ch’ang Chiang Approach,692,Pusan,98,399
1059,Noryang-ni,Ch’ang Chiang Approach,692,Pusan,83,399
1061,"Chobal-to, Yoja-man",Ch’ang Chiang Approach,697,Pusan,122,399
1067,"Sayang-do, Naro-yolto",Ch’ang Chiang Approach,704,Pusan,140,399
1449,Kao-hsiung <26>,Hong Kong,659,PengHu (Ma-Kung Kang),127,402
1451,An-p'ing Kang,Hong Kong,650,PengHu (Ma-Kung Kang),86,402
1453,Ting-t'ou-o-shan,Hong Kong,643,PengHu (Ma-Kung Kang),72,402
1575,Lochuc San {,Paramushiru Island,5243,Beihai,120,404
1577,"Cu Xu, Kao Tao {",Paramushiru Island,5279,Do Son,105,404
1579,Tsieng Mun {,Paramushiru Island,5275,Do Son,98,404
1581,"Cai Bau, Cai Bau Island {",Paramushiru Island,5285,Do Son,87,404
1583,Campha Port {,Paramushiru Island,5301,Do Son,70,404
1585,Norway Islands {,Paramushiru Island,5351,Do Son,40,404
1587,"Hon Gai, Halong Bay {",Paramushiru Island,5328,Do Son,39,404
1589,"Cat Ba, Isle de la Cat Ba {",Paramushiru Island,5349,Do Son,28,404
1593,Cua Namtrieu {,Paramushiru Island,5359,Do Son,8,404
1595,"Haiphong, Cua Cam {",Paramushiru Island,5362,Do Son,21,404
1597,Bach Long Vi Island {,Paramushiru Island,5354,Do Son,117,404
1599,Balat River entrance {,Paramushiru Island,5419,Do Son,53,404
1601,Hon Ne {,Paramushiru Island,5487,Do Son,121,404
1603,Hon Me {,Paramushiru Island,5538,Do Son,174,404
1605,Hon Nieu {,Paramushiru Island,5599,Do Son,238,404
1607,Hoi River entrance {,Paramushiru Island,5602,Do Son,242,404
1609,Sot River entrance {,Paramushiru Island,5617,Do Son,266,404
1611,Vung Chua Bay {,Paramushiru Island,5624,Do Son,311,404
1613,Nhat Le River entrance {,Paramushiru Island,5654,Do Son,358,404
1639,Mui Dinh <27> },Manila,1343,Mui Vung Tau,241,404
1641,Pointe Lagan <27> },Manila,1383,Mui Vung Tau,200,404
1643,Poulo Cecir de Mer <27> },Manila,1381,Mui Vung Tau,205,404
1645,Phan Thiet <27> },Manila,1453,Mui Vung Tau,129,404
1679,Cone Island <27> },Manila,1977,Mui Vung Tau,461,405
1691,Ko Lak {,Chuuk,5720,Mergui,150,405
1693,Chumphon {,Chuuk,5783,Mergui,231,405
1695,Ko Prap {,Chuuk,5767,Mergui,363,405
1701,Trengganu },Barito River,1603,Singapore,438,405
1723,"Sabang Bay, Poelau We",Davao,3352,Belawan Channel,442,405
1725,Uleelheue,Davao,3358,Belawan Channel,427,405
1727,Sigli,Davao,3284,Belawan Channel,351,405
1729,Lhokseumawe,Davao,3156,Belawan Channel,232,405
1731,Idi,Davao,3088,Belawan Channel,166,405
1733,Langsa Bay,Davao,3066,Belawan Channel,113,405
1741,Asahan River entrance,Mergui,1056,Belawan Channel,155,405
1743,"Berembang, Sungi Panai",Mergui,1104,Belawan Channel,204,405
1745,"Labuhanbilik, Sungai Panai",Mergui,1116,Belawan Channel,215,405
1749,Bengkalis,Ch’ang Chiang Approach,4654,Singapore,188,405
1751,Siak River entrance,Ch’ang Chiang Approach,4550,Singapore,155,405
1753,Selat-pandjang,Ch’ang Chiang Approach,4674,Singapore,131,405
1755,"Balai Point, Gelam Strait",Davao,2553,Singapore,67,406
1757,"Pulo Kenipaan, Gelam Strait",Davao,2566,Singapore,79,406
1759,"Bandung, Pulo Mendol",Davao,2581,Singapore,117,406
1761,"Pulo Muda, Kampar River",Davao,2631,Singapore,158,406
1763,"Bojan, Bulan Strait",Kamaisi,5736,Singapore,52,406
1765,"Oeban Point, Bintan Island",Kamaisi,5711,Singapore,65,406
1767,"Tandjungpinang, Bintan Island",Kamaisi,5710,Singapore,94,406
1769,"Dendang, Kidjang Strait",Kamaisi,5703,Singapore,114,406
1771,Sungaiguntung,Hong Kong,2682,Singapore,131,406
1773,"Pulo Beralas, Berhala Strait",Mui Vung Tau,1251,Musi River,217,406
1775,"Kwala Ladjau, Indragiri River",Mui Vung Tau,1256,Singapore,209,406
1777,"Tembilahan, Indragiri River",Mui Vung Tau,1259,Singapore,207,406
1779,Kwala Niur,Mui Vung Tau,1311,Musi River,185,406
1823,"Bangkai Anchorage, Sebuku Island",Davao,2656,Djakarta,150,406
1825,"Tulukbetung, Lampung Bay",Davao,2655,Djakarta,190,406
1827,"Kotaagung, Semangka Bay",Kutei River Ent.,1526,Djakarta,256,406
1829,"Enggano Bay, Enggano Island",Kutei River Ent.,1761,Musi River,459,406
1831,Benkulu,Kutei River Ent.,1729,Musi River,344,406
1833,"Sawangtungku, North Pagai Island",Kutei River Ent.,1935,Musi River,528,406
1835,"Siberut Bay, Siberut Island",Kutei River Ent.,2035,Belawan Channel,600,406
1837,Padang,Kutei River Ent.,1907,Singapore,468,406
1839,"Telo Island, Batoe Islands",Kutei River Ent.,2138,Belawan Channel,431,406
1841,Ajerbangis,Kutei River Ent.,2019,Belawan Channel,405,406
1843,Natal,Kutei River Ent.,2051,Belawan Channel,362,406
1845,"Telukdalem, Nias Island",Kutei River Ent.,2193,Belawan Channel,371,406
1847,"Simanari Bay, Nias Island",Kutei River Ent.,2271,Belawan Channel,314,406
1849,"Sibolga, Sibolga Bay",Kutei River Ent.,2101,Belawan Channel,226,406
1851,Barus,Kutei River Ent.,2147,Belawan Channel,200,406
1853,Singkil,Kutei River Ent.,2217,Belawan Channel,196,406
1855,"Sinabang Bay, Pulo Simalur",Kutei River Ent.,2374,Belawan Channel,294,406
1857,Tapaktuan,Kutei River Ent.,2300,Belawan Channel,179,406
1859,Meulaboh,Kutei River Ent.,2434,Belawan Channel,287,406
1861,Tjalang Bay,Kutei River Ent.,2505,Belawan Channel,358,407
1863,Pulau Raja,Kutei River Ent.,2533,Belawan Channel,387,407
1865,Pulau Rusa,Kutei River Ent.,2564,Belawan Channel,422,407
1881,"Surabaja, Surabaja Strait",Hong Kong,3279,Surabaja Strait,1,407
1883,"Surabaja Strait, east entrance",Hong Kong,3292,Surabaja Strait,21,407
1885,"Pasuruan, Madura Strait",Hong Kong,3325,Surabaja Strait,52,407
1887,"Gading, Madura Island",Hong Kong,3277,Surabaja Strait,21,407
1889,"Kalianget, Madura Island",Hong Kong,3258,Surabaja Strait,134,407
1891,"Sapudi Island, Sapudi Strait }",Manila,2520,Surabaja Strait,171,407
1893,"Pulau Karangmas, Madura Strait }",Manila,2579,Surabaja Strait,196,407
1895,"Tabuan Island, Bali Strait }",Manila,2615,Surabaja Strait,213,407
1897,"Banjuwangi, Bali Strait",Belawan Channel,2192,Surabaja Strait,214,407
1899,Tjilatjap,Belawan Channel,1716,Djakarta,298,407
1901,Genteng Bay,Belawan Channel,1509,Djakarta,151,407
1903,"Labuhan, Sunda Strait",Belawan Channel,1378,Djakarta,118,407
1905,"Tandjung Tjikoneng, Sunda Strait",Belawan Channel,1355,Djakarta,107,407
1907,Benoa,Belawan Channel,2301,Surabaja Strait,324,407
1909,Buleleng,Hong Kong,3378,Surabaja Strait,278,407
1911,Ampenan },Manila,2630,Surabaja Strait,398,407
1913,"Labuan, Tring Bay }",Manila,2647,Surabaja Strait,403,407
1915,Bima Bay,Shatt Al Arab,8567,Surabaja Strait,674,407
1917,Sape Bay,Shatt Al Arab,8603,Surabaja Strait,711,407
1919,Sendikari Bay,Belawan Channel,2764,Surabaja Strait,809,407
1921,Nangamesi Bay,Belawan Channel,2815,Surabaja Strait,870,407
1923,Tuluk Perapat,Belawan Channel,2728,Surabaja Strait,802,407
1925,Ende Bay,Belawan Channel,2879,Barito River,960,407
1927,Kalabahi,Belawan Channel,3160,Darwin,837,407
1929,Kupang Bay,Belawan Channel,3161,Darwin,834,407
1931,Atapupu,Belawan Channel,3230,Darwin,759,407
1933,"Ritabel Bay, Larat Island",Belawan Channel,3860,Darwin,599,407
1935,"Dobo, Wamar Island, Aru Islands",Belawan Channel,4084,Darwin,833,407
1937,"Naira, Banda Islands",Shatt Al Arab,9382,Darwin,889,408
1939,"Ambon Bay, Ambon Island",Shatt Al Arab,9172,Darwin,1020,408
1941,"Namlea, Kajeli Bay, Buru Island",Shatt Al Arab,9045,Darwin,1103,408
1943,"Taniwel, Seram Island",Shantou,3176,Darwin,1101,408
1945,"Sanana, Sula Sanana, Sula Islands",Shantou,2994,Kutei River Ent.,955,408
1947,"Galela Bay, Halmahera Island",Belawan Channel,3245,Davao,635,408
1955,"Kolaka, Gulf of Boni",Shatt Al Arab,8571,Kutei River Ent.,590,408
1957,"Tampunawu, Muna Island",Shatt Al Arab,8705,Kutei River Ent.,732,408
1959,"Baubau, Buton Island",Shatt Al Arab,8749,Kutei River Ent.,777,408
1961,Lasolo Bay,Shatt Al Arab,8618,Kutei River Ent.,632,408
1963,Lingkobu,Shantou,2872,Kutei River Ent.,473,408
1965,"Teluk Lamala, Peling Strait",Shantou,2782,Kutei River Ent.,629,408
2033,Djelai River entrance },Jolo,1521,Barito River,423,409
2043,"Pamangkat, Sambas-besar River",Cebu,1935,Singapore,578,409
2045,Tandjung Datu,Darwin,2846,Singapore,655,409
2047,"Kuching, Sarawak River",Darwin,2749,Singapore,729,409
2049,Pulau Lakei,Darwin,2747,Barito River,737,409
2087,"Tandugan Channel, Tawitawi Island",Davao,623,Jolo,121,409
2089,South Ubian Usland,Davao,605,Jolo,111,409
2091,"Maimbung, Jolo Island",Davao,526,Jolo,17,409
2113,Capual Island,Davao,481,Jolo,46,410
2115,Simisa Island,Davao,466,Jolo,64,410
2195,Caraga Bay,Legaspi Port,722,Davao,107,410
2197,"Mati, Pujada Bay",Legaspi Port,740,Davao,66,410
2409,Abuyog },Jolo,683,Cebu,132,412
2425,Biri Island,Davao,634,Legaspi Port,87,412
2427,Talisay Island,Davao,633,Legaspi Port,91,412
2897,Rotumah Island,Davao,6091,Suva,644,417
2899,"Fongafale, Funafuti Atoll",Davao,6186,Suva,1071,417
2975,Croixilles Harbor,Auckland,480,Wellington,93,417
2981,Elmslie Bay,Auckland,462,Wellington,87,417
2983,Pelorus Sound entrance,Auckland,458,Wellington,78,417
2985,Oueen Charlotte Sound entrance,Auckland,477,Wellington,46,417
2987,"Picton, Oueen Charlotte Sound",Auckland,498,Wellington,65,417
3005,Porirua Harbor,Auckland,470,Wellington,25,418
3065,"Port Goro, Toemo Island",Yokohama,7043,Suva,1278,418
3067,Noumea,Yokohama,7012,Suva,1331,418
3069,Port Nepui,Yokohama,6857,Brisbane Bar,1368,418
3071,Paagoumene,Yokohama,6736,Brisbane Bar,1354,418
3073,Shepenehe Anchorage,Yokohama,6892,Suva,1219,418
3075,"Vila Harbor, Efate Island",Yokohama,6642,Suva,1070,418
3077,"Havannah Harbor, Efate Island",Yokohama,6624,Suva,1078,418
3079,"Port Sandwich, Malekula Island",Yokohama,6487,Suva,1145,418
3081,Tangoa Island,Yokohama,6364,Suva,1250,418
3083,"Espiritu Santo Island, Pekoa Chan",Yokohama,6367,Suva,1233,418
3085,Aesi,Yokohama,6361,Suva,1228,418
3087,"Port Patteson, Banks Islands",Yokohama,6221,Suva,1254,418
3089,Manevai Bay,Yokohama,5970,Suva,1432,418
3097,"Auki Harbor, Malaita Island",Cebu,4592,Dreger Harbor,1435,418
3115,"Seeadler Harbor, Manus Island {",Djakarta,4504,Dreger Harbor,519,419
3133,Merauke,Singapore,4204,Dreger Harbor,849,419
3137,Etna Bay,Singapore,3483,Darwin,1038,419
3139,"Sekar Bay, Berau Gulf",Yokohama,4309,Darwin,1100,419
3141,"Wasian River entrance, Berau Gulf",Bombay,7036,Malakal Harbor,1067,419
3143,"Modan, Berau Gulf",Bombay,7079,Malakal Harbor,1082,419
3145,"Saonek, Dampier Strait",Yokohama,4097,Malakal Harbor,958,419
3147,Manokwari,Yokohama,4080,Malakal Harbor,913,419
3149,"Mios Woendi Lagoon, Schouten Islands",Yokohama,4097,Malakal Harbor,980,419
3151,Kajo Bay,Yokohama,4226,Dreger Harbor,912,419
3279,Parsons Bay,Hong Kong,8051,Port Phillip,582,420
3281,Hobart,Hong Kong,8013,Port Phillip,547,420
3339,"Albany, Princess Royal Harbor }",Djakarta,3408,Port Hedland,1638,421
3341,Bunbury Harbor {,Djakarta,3158,Port Hedland,1474,421
3343,"Fremantle, Swan River entrance }",Djakarta,3028,Port Hedland,1334,421
3345,Champion Bay },Djakarta,2648,Port Hedland,1024,421
3347,"Carnarvon, Shark Bay",Davao,3782,Port Hedland,715,421
3349,"Red Cliff Bay, Shark Bay",Davao,3878,Port Hedland,789,421
3351,"Learmonth, Exmouth Gulf",Davao,3489,Port Hedland,509,421
3353,Long Island,Davao,3409,Port Hedland,429,421
3355,Beadon Point,Davao,3394,Port Hedland,389,421
3385,"Geranium Hbr., Napier Broome Bay",Port Adelaide,2614,Darwin,490,421
3391,Chatham Islands,Apia,3378,Wellington,762,421
3393,Auckland Island,Apia,4576,Wellington,1257,421
3395,"Perseverance Harbor, Campbell Island",Apia,4629,Wellington,1325,421
3397,Macquarie Island,Apia,5189,Wellington,1876,421
3517,Calicut,Karachi,1770,Madras,534,423
3519,Tellicherry,Karachi,1706,Madras,544,423
3521,Cannanore,Karachi,1690,Madras,553,423
3523,Mangalore,Karachi,1565,Madras,593,423
3525,Malpe,Karachi,1509,Madras,609,423
3577,Hajamro River mouth,Colombo,2330,Karachi,86,423
3579,Jhari Creek,Colombo,2386,Karachi,36,423
3581,Port Muhammad Bin Qasim,Colombo,2389,Karachi,38,423
3583,Hasan Point,Colombo,2396,Karachi,26,423
3585,Bundal Island,Colombo,2394,Karachi,20,423
3587,Ghizri Creek,Colombo,2402,Karachi,14,423
3591,Sonmiani Harbor,Colombo,2490,Karachi,77,423
3593,Ormara,Colombo,2591,Karachi,235,423
3595,Pasni,Colombo,2672,Karachi,353,423
3597,Gwatar Bay,Colombo,2807,Karachi,548,423
3599,Chah Bahar,Colombo,2887,Karachi,643,424
3601,Ras Tang,Colombo,2946,Karachi,715,424
3603,Koksar,Colombo,3041,Karachi,823,424
3605,Khalij-e Jask,Colombo,3132,Mina Salman,720,424
3607,"Jask Bay, Gulf of Oman",Colombo,3134,Mina Salman,718,424
3609,Ras al Kuh,Colombo,3178,Mina Salman,673,424
3611,Gonari Creek,Colombo,3230,Mina Salman,648,424
3613,Bandar-e Sirik,Colombo,3246,Mina Salman,647,424
3615,"Hengam, Persian Gulf",Colombo,3351,Mina Salman,530,424
3617,"Bandar Abbas, Persian Gulf",Colombo,3354,Mina Salman,574,424
3619,"Jazirat Farur, Persian Gulf",Hong Kong,5982,Mina Salman,391,424
3621,"Bushahr, Persian Gulf",Hong Kong,6291,Shatt Al Arab,208,424
3623,"Jazirat Kharg, Persian Gulf",Hong Kong,6335,Shatt Al Arab,148,424
3663,Ras Al Mishab },Yamato Wan,8714,Shatt Al Arab,214,424
3665,Safaniya },Yamato Wan,8714,Shatt Al Arab,224,424
3715,Jazirat Yas {,Surabaja Strait,7392,Mina Salman,297,425
3717,Jazirat Das {,Surabaja Strait,7401,Mina Salman,259,425
3785,Kamaran Passage,Suez,1927,Aden,375,425
3813,Harmil Island,Suez,1685,Aden,659,426
3815,Massaua,Suez,1741,Aden,672,426
3817,Assab,Suez,2155,Aden,244,426
3827,Obbia,Pohnpei Harbor,12093,Aden,915,426
3911,Fenerive,Colombo,4301,Beira,1559,427
3913,Tamatave,Colombo,4350,Beira,1546,427
3931,"Point des Galets, Reunion Island",Yokohama,10853,Beira,2134,427
3933,"Port Louis, Mauritius Island",Yokohama,10617,Beira,2365,427
3935,Cargados Carajos Shoal,Apia,13434,Dar Es Salaam,2463,427
3937,Rodriguez Island,Apia,12921,Dar Es Salaam,2972,427
3945,"Port Refuge, Cocos Islands",Dar Es Salaam,6334,Djakarta,1279,427
3947,Christmas Island,Dar Es Salaam,7302,Djakarta,494,427
3965,Wilkes Station,Cebu,8582,Port Phillip,3788,428
3967,"Pointe Geologie, Adelie Coast }",Jolo,8231,Port Phillip,3169,428
3969,Cape Margerie (Port Martin) },Jolo,8269,Port Phillip,3177,428
3971,"Cade Denison, George V Coast }",Jolo,8307,Port Phillip,3191,428
3973,"Cape Armitage, Ross Island {",Do Son,11598,Wellington,4079,428
3975,"Scott Base, Ross Sea {",Do Son,11602,Wellington,4084,428
3977,Marguerite Bay (East Base) },Manila,14025,Wellington,6812,428
3979,"Lent Islands, Graham Land }",Yamato Wan,16931,Wellington,6916,428
3981,"Ferin Head, Graham Land }",Yamato Wan,17027,Wellington,7029,428
3983,Argentine Islands (Stella Creek) },Yamato Wan,17106,Wellington,7124,428
3985,Port Circoncision },Yamato Wan,17111,Wellington,7131,428
3987,"Port Charcot, Booth Island }",Yamato Wan,17124,Wellington,7146,428
3989,"Lemaire Channel, De Gerlache Strait }",Yamato Wan,17193,Durban,7201,428
3991,Neko Harbor },Yamato Wan,17207,Durban,7186,428
3993,"Nansen Island, De Gerlache Strait }",Yamato Wan,17237,Durban,7174,428
3995,"Melchior Harbor, Dallman Bay }",Yamato Wan,17201,Durban,7228,428
3997,Puerto Soberania,Yokohama,16726,Durban,7126,428
3999,"Shackleton Base, Vahsel Bay",Yokohama,15284,Durban,6265,428
