# NP203 Ausgabe 2002, Part II -- Positionen und ML fuer den Bereich, den die
# Ausgabe 2015 nicht mehr fuehrt. Aus tide_tables/att/np203_2002_vollband.pdf,
# PDF-Seiten 117-145. Part III gibt keine Koordinaten; die stehen nur hier.
# Zugleich die Quelle fuer Z0, wo Part III "w" (Table VI) vermerkt.
#
# Spalten: att  lat_grad  lat_min  N/S  lon_grad  lon_min  E/W  z0(m, "-" = keins)
# --- Buchseite 281 (PDF 117) BANGLADESCH ---
4495	21	44	N	89	33	E	1.87
4496	21	48	N	89	28	E	1.70
4497	22	08	N	89	35	E	1.83
4498a	22	27	N	89	35	E	1.95
4501	21	51	N	89	50	E	1.79
4502	21	51	N	90	15	E	1.71
# --- Buchseite 282 (PDF 118) BANGLADESCH; BURMA ---
4503	22	04	N	90	22	E	2.07
4506	22	29	N	90	57	E	2.26
4507	22	30	N	91	25	E	3.24
4507a	22	48	N	90	39	E	1.81
4510	22	11	N	91	49	E	2.32
4511	22	13	N	91	48	E	2.67
4512	22	20	N	91	50	E	2.48
4514	21	52	N	91	50	E	2.04
4515	21	26	N	91	59	E	2.00
4517	20	37	N	92	19	E	1.83
4520	20	08	N	92	54	E	1.57
4525	19	26	N	93	33	E	1.92
4526	18	54	N	93	37	E	1.92
4529	18	48	N	93	59	E	1.76
4532	18	21	N	94	21	E	1.60
4534	17	35	N	94	34	E	1.55
4536	16	57	N	94	26	E	1.49
4537	16	32	N	94	15	E	1.28
4539	15	52	N	94	16	E	1.43
4540	16	00	N	94	23	E	1.37
4541	16	47	N	94	44	E	1.72
4542	15	48	N	94	48	E	1.70
4543	15	46	N	95	16	E	1.90
4544	15	47	N	95	29	E	1.33
4545	16	07	N	95	44	E	1.60
4545a	16	12	N	95	55	E	1.70
4546	16	17	N	96	11	E	2.30
4547	16	29	N	96	18	E	3.66
4548	16	46	N	96	10	E	3.12
4552	16	05	N	97	34	E	3.07
4555	16	29	N	97	37	E	1.87
4556	15	52	N	97	35	E	3.47
4558	15	32	N	97	41	E	3.20
4559	15	12	N	97	44	E	3.51
4560	15	11	N	97	48	E	2.90
# --- Buchseite 283 (PDF 119) BURMA; ANDAMANEN ---
4562	14	44	N	97	57	E	2.80
4562a	14	34	N	97	53	E	2.80
4563	14	24	N	97	47	E	2.90
4568	13	51	N	98	15	E	3.10
4571	13	06	N	98	18	E	3.13
4573	12	37	N	98	25	E	2.99
4574	12	26	N	98	36	E	2.79
4576	12	22	N	98	02	E	2.16
4579	12	00	N	98	09	E	2.30
4580	11	51	N	98	18	E	2.53
4581	11	47	N	98	13	E	1.92
4582	11	43	N	98	19	E	2.50
4584	11	25	N	98	30	E	2.53
4585	11	12	N	98	15	E	2.19
4587	10	46	N	98	18	E	2.04
4589	10	07	N	98	17	E	1.65
4590	9	51	N	98	08	E	1.77
4592	9	59	N	98	29	E	2.19
4595	14	11	N	93	22	E	1.40
4597	13	26	N	92	51	E	1.16
4598	12	59	N	92	48	E	1.29
4600	12	19	N	92	43	E	1.31
4602	11	32	N	92	33	E	1.01
4604	13	38	N	93	02	E	1.34
4605	13	19	N	93	03	E	1.20
4606	13	01	N	92	58	E	1.28
4607	12	23	N	92	56	E	1.30
4608	12	13	N	92	55	E	1.10
4609	12	01	N	92	58	E	1.22
4611	11	41	N	92	46	E	1.21
4612	11	19	N	92	42	E	1.26
4613	11	09	N	92	44	E	1.30
# --- Buchseite 284 (PDF 120) NIKOBAREN; COCOS; CHRISTMAS I.; THAILAND; MALAYSIA W ---
4617	9	11	N	92	50	E	1.00
4620	8	06	N	93	29	E	1.19
4620a	8	03	N	93	29	E	1.30
4621	8	02	N	93	33	E	1.10
4625	6	47	N	93	51	E	0.90
4628	12	07	S	96	54	E	0.65
4629	10	24	S	105	43	E	0.89
4630	9	57	N	98	36	E	2.34
4632	9	25	N	97	52	E	1.50
4634	9	02	N	98	15	E	1.40
4636	8	35	N	97	38	E	1.40
4637	8	36	N	98	15	E	1.40
4639	7	50	N	98	25	E	2.29
4640	8	01	N	98	50	E	2.10
4643	7	18	N	99	29	E	1.85
4646	7	02	N	99	29	E	1.52
4648	6	52	N	99	36	E	1.84
4649	6	44	N	99	42	E	1.88
4649a	6	35	N	99	50	E	2.07
4650	6	32	N	99	11	E	1.70
4654	6	18	N	99	51	E	1.75
4655	6	13	N	99	43	E	1.72
4657	6	26	N	99	46	E	1.87
4658a	6	07	N	100	18	E	1.60
4659	5	45	N	100	17	E	1.56
4660	5	40	N	100	21	E	1.60
4663	5	25	N	100	21	E	1.57
4664	5	15	N	100	17	E	1.37
# --- Buchseite 285 (PDF 121) MALAYSIA MALAKKASTRASSE; SINGAPUR ---
4670	4	50	N	100	37	E	1.20
4674	4	14	N	100	37	E	1.59
4678	4	00	N	100	45	E	1.67
4679	4	01	N	101	01	E	2.65
4683	3	21	N	101	15	E	2.70
4684	3	11	N	101	13	E	3.13
4686	3	02	N	101	21	E	3.21
4688	2	54	N	101	15	E	2.71
4689	2	53	N	101	00	E	2.44
4690	2	53	N	100	34	E	2.44
4693	2	41	N	101	30	E	1.83
4695	2	31	N	101	47	E	1.50
4696	2	25	N	101	51	E	1.53
4698	2	13	N	102	10	E	1.48
4699	2	11	N	102	15	E	1.22
4701	2	03	N	102	20	E	1.27
4702	2	03	N	102	36	E	1.19
4703	1	56	N	102	38	E	1.45
4704	1	46	N	102	53	E	1.50
4705	1	44	N	102	59	E	1.76
4707	1	28	N	103	15	E	1.80
4707a	1	20	N	103	27	E	1.80
4713a	1	28	N	103	47	E	1.87
4713b	1	26	N	103	54	E	2.10
4714	1	14	N	103	39	E	1.69
4716	1	14	N	103	47	E	1.55
4717	1	10	N	103	45	E	1.64
4718	1	16	N	103	51	E	1.66
4718b	1	18	N	103	43	E	1.65
4718c	1	18	N	103	46	E	1.80
4719	1	21	N	104	02	E	1.67
# --- Buchseite 286 (PDF 122) SINGAPUR-STRASSE; LINGGA; SUMATERA ---
4725	1	28	N	103	50	E	1.87
4734	1	27	N	104	04	E	1.87
4736	1	20	N	104	12	E	1.67
4737	1	22	N	104	15	E	1.32
4738	1	20	N	104	24	E	1.55
4740	1	04	N	104	13	E	1.50
4741	0	55	N	104	26	E	1.20
4742	0	51	N	104	37	E	1.25
4743	0	54	N	104	40	E	1.25
4746	1	10	N	104	00	E	1.70
4746a	1	10	N	103	54	E	1.70
4746b	1	08	N	103	56	E	1.52
4747	1	01	N	103	55	E	1.10
4749	1	03	N	103	47	E	1.76
4751	0	16	S	104	36	E	1.50
4753	0	30	S	104	34	E	1.60
4755	0	30	S	104	02	E	2.00
4756	0	52	S	104	24	E	2.00
4758	1	00	S	103	49	E	2.00
4760	0	23	S	103	35	E	2.50
4761	0	20	S	103	09	E	3.00
4763	0	18	N	103	36	E	1.60
# --- Buchseite 287 (PDF 123) SUMATERA NORDOSTKUESTE ---
4764	0	32	N	103	18	E	2.10
4765	0	59	N	103	26	E	1.70
4766	0	55	N	103	20	E	1.60
4766a	1	11	N	103	21	E	1.80
4767	0	51	N	103	09	E	2.10
4769	0	17	N	102	53	E	2.10
4770	1	01	N	102	43	E	1.90
4773	1	28	N	102	06	E	1.70
4774	1	32	N	102	27	E	1.46
4778	1	21	N	102	10	E	1.80
4779	1	15	N	102	10	E	1.80
4780	1	41	N	101	44	E	1.70
4781	1	41	N	101	28	E	1.71
4782	2	07	N	101	40	E	1.70
4783	2	00	N	101	19	E	2.10
4784	2	18	N	101	03	E	2.32
4785	2	10	N	100	48	E	2.70
4789	2	37	N	100	07	E	2.20
4790	2	31	N	100	10	E	2.20
4792	3	01	N	99	52	E	2.10
4794	3	15	N	99	35	E	1.30
4795	3	22	N	99	28	E	1.60
4797	3	50	N	98	43	E	1.50
4799	4	08	N	98	15	E	1.50
4801	4	33	N	98	02	E	1.50
4802	4	58	N	97	47	E	1.00
4804	5	12	N	97	09	E	1.00
4805	5	23	N	95	57	E	1.00
4806	5	54	N	95	20	E	0.80
4808	5	34	N	95	17	E	1.00
# --- Buchseite 288 (PDF 124) SUMATERA SUEDWEST- UND OSTKUESTE; BANGKA ---
4809	5	17	N	95	12	E	0.35
4810	4	52	N	95	24	E	0.20
4811	4	35	N	95	32	E	0.30
4812	4	08	N	96	08	E	0.30
4814	3	15	N	97	10	E	0.30
4816	2	30	N	96	23	E	0.40
4818	2	17	N	97	48	E	0.70
4819	2	01	N	98	21	E	0.70
4820	1	45	N	98	46	E	0.70
4822	1	25	N	97	13	E	0.70
4823	1	18	N	97	36	E	0.70
4824	0	34	N	97	49	E	0.70
4825	0	33	N	99	06	E	0.70
4826	0	12	N	99	23	E	0.70
4827	0	04	S	98	16	E	0.70
4829	1	00	S	100	22	E	0.70
4831	1	35	S	99	13	E	0.70
4832	2	47	S	100	14	E	0.70
4834	3	47	S	102	15	E	0.70
4836	5	28	S	102	22	E	0.70
4839	5	30	S	104	37	E	0.80
4841	5	27	S	105	16	E	0.80
4842	5	52	S	105	31	E	0.70
4845	4	25	S	105	51	E	0.90
4848	2	14	S	104	56	E	1.90
4849	2	22	S	104	54	E	1.90
4850	2	56	S	104	53	E	1.60
4851	2	59	S	104	46	E	1.40
4854	1	12	S	105	15	E	1.50
4855	1	42	S	105	42	E	1.50
4856	1	45	S	105	24	E	1.70
4857	2	05	S	105	07	E	1.90
4858	2	23	S	105	46	E	1.80
4859	2	53	S	106	08	E	1.50
4860	3	08	S	106	31	E	1.20
4862	2	05	S	106	10	E	1.50
# --- Buchseite 289 (PDF 125) BANGKA; BELITUNG; MALAYSIA OSTKUESTE ---
4864	2	39	S	107	15	E	1.30
4865	2	52	S	107	01	E	1.30
4866	3	19	S	107	13	E	1.00
4867	3	12	S	107	33	E	1.00
4868	2	59	S	107	30	E	1.30
4869	2	45	S	107	38	E	1.50
4870	2	32	S	107	37	E	1.30
4871	2	34	S	107	55	E	0.80
4872	2	40	S	108	09	E	0.80
4873	2	50	S	108	18	E	0.80
4874	2	58	S	108	10	E	0.80
4875	3	04	S	108	16	E	0.80
4876	3	14	S	108	05	E	0.80
4879	1	30	N	104	17	E	1.57
4881	1	51	N	104	09	E	1.48
4886	2	26	N	103	59	E	1.55
4887	2	26	N	103	51	E	1.50
4889	2	48	N	104	08	E	1.58
4892	2	49	N	103	28	E	1.52
4894	3	15	N	103	40	E	1.74
4895	3	32	N	103	28	E	1.52
4896	3	49	N	103	20	E	1.58
4896a	3	59	N	103	25	E	1.87
4897	4	13	N	103	26	E	1.00
4897a	4	15	N	103	28	E	1.59
4898	4	36	N	103	28	E	1.69
4898a	4	39	N	103	27	E	1.40
4899	4	47	N	103	26	E	1.26
4901	5	16	N	103	11	E	1.46
4902	5	21	N	103	08	E	1.03
4904	5	40	N	102	46	E	1.21
4907	5	50	N	102	37	E	1.32
4910	6	12	N	102	10	E	1.09
# --- Buchseite 290 (PDF 126) ZENTRALES SUEDCHINESISCHES MEER; PHILIPPINEN ---
4917	11	27	N	114	19	E	1.10
4918	15	08	N	117	45	E	0.90
4920	8	00	N	117	04	E	0.61
4922	9	03	N	117	44	E	0.60
4923	10	04	N	118	46	E	0.58
4924	10	53	N	119	25	E	0.61
4926	9	44	N	118	42	E	0.61
4927	9	06	N	118	07	E	0.60
4929	11	28	N	119	46	E	0.60
4930	11	48	N	119	57	E	0.52
4931	12	00	N	120	12	E	0.70
4934	12	40	N	120	24	E	0.50
4935	12	21	N	121	06	E	0.55
4937	13	25	N	120	28	E	0.50
4938	13	26	N	121	11	E	0.67
4939	12	31	N	121	26	E	0.80
4940	13	32	N	121	52	E	0.70
4941	12	55	N	121	44	E	0.80
4942	12	16	N	121	59	E	0.79
4943	12	35	N	122	16	E	0.80
4945	11	17	N	122	02	E	0.80
4946	10	26	N	121	55	E	0.70
4947	10	40	N	122	35	E	0.76
4948	11	00	N	122	49	E	1.10
4949	11	28	N	123	09	E	1.00
4950	11	36	N	122	43	E	0.79
# --- Buchseite 291 (PDF 127) PHILIPPINEN (Negros, Cebu, Bohol, Masbate) ---
4952	10	57	N	123	19	E	1.00
4953	10	40	N	122	57	E	0.90
4954	10	06	N	122	52	E	0.80
4955	9	42	N	122	25	E	0.70
4956	9	03	N	123	07	E	0.70
4957	9	36	N	123	08	E	0.76
4958	10	29	N	123	25	E	0.90
4959	11	10	N	123	43	E	0.90
4960	10	30	N	123	43	E	0.90
4961	9	56	N	123	24	E	0.80
4962	9	38	N	123	29	E	0.70
4963	10	18	N	123	54	E	0.70
4964	11	04	N	124	00	E	0.80
4966	9	37	N	124	18	E	0.60
4967	9	50	N	124	31	E	0.55
4968	9	15	N	123	35	E	0.60
4969	12	00	N	124	00	E	0.70
4970	12	14	N	123	17	E	0.80
4971	12	32	N	123	23	E	0.80
4972	13	08	N	122	59	E	0.90
4973	12	25	N	123	46	E	0.58
4974	12	37	N	123	56	E	0.60
4975	12	50	N	123	48	E	0.80
4976	12	58	N	124	00	E	0.60
4978	13	30	N	123	02	E	0.80
4979	13	54	N	122	27	E	0.90
4980	13	32	N	122	36	E	0.82
4981	13	17	N	122	31	E	0.80
# --- Buchseite 292 (PDF 128) PHILIPPINEN (Luzon) ---
4983	13	54	N	121	36	E	0.70
4984	13	46	N	120	55	E	0.55
4985	13	49	N	120	12	E	0.50
4986	14	23	N	120	36	E	0.49
4987	14	35	N	120	58	E	0.48
4988	14	49	N	120	17	E	0.43
4991	15	46	N	119	54	E	0.34
4993	16	24	N	119	54	E	0.27
4994	16	04	N	120	06	E	0.34
4996	16	37	N	120	18	E	0.37
4999	17	47	N	120	25	E	0.30
5001	18	29	N	120	34	E	0.30
5002	18	37	N	121	06	E	0.24
5004	18	21	N	121	38	E	0.52
5005	18	31	N	122	08	E	0.58
5009	19	34	N	121	56	E	0.55
5012	18	52	N	121	17	E	0.30
5013	18	54	N	121	52	E	0.50
5014	18	24	N	122	18	E	0.61
5016	17	16	N	122	26	E	0.64
5018	16	24	N	122	13	E	0.64
5019	16	14	N	122	08	E	0.70
5020	15	45	N	121	35	E	0.70
5021	15	12	N	121	26	E	0.67
5022	14	56	N	121	50	E	0.73
5023	14	54	N	121	58	E	0.73
5025	14	40	N	121	37	E	0.79
5026	14	00	N	121	55	E	0.80
5027	14	18	N	122	41	E	0.80
5028	13	46	N	123	16	E	0.90
5029	13	56	N	123	39	E	0.76
5030	13	57	N	124	20	E	0.70
5031	13	22	N	123	44	E	0.73
5032	13	09	N	123	45	E	0.74
5034	12	39	N	124	22	E	0.34
# --- Buchseite 293 (PDF 129) PHILIPPINEN (Samar, Leyte, Mindanao Nord) ---
5035	11	27	N	124	57	E	0.61
5036	11	47	N	124	52	E	0.76
5037	12	04	N	124	35	E	0.55
5039	12	34	N	125	01	E	0.76
5040	12	02	N	125	34	E	0.70
5041	11	02	N	125	43	E	0.37
5042	11	21	N	124	59	E	0.40
5043	11	15	N	125	00	E	0.27
5045	10	24	N	125	12	E	0.30
5046	10	09	N	125	07	E	0.58
5048	10	08	N	124	50	E	0.70
5049	10	41	N	124	48	E	0.90
5050	11	03	N	124	23	E	0.90
5052	10	06	N	125	29	E	0.50
5053	9	52	N	126	06	E	0.60
5054	9	47	N	125	30	E	0.52
# --- Buchseite 294 (PDF 130) PHILIPPINEN (Mindanao); SULU-ARCHIPEL ---
5055	9	27	N	125	56	E	0.79
5056	9	05	N	126	12	E	0.70
5057	8	22	N	126	20	E	0.80
5059	7	18	N	126	35	E	0.79
5060	6	57	N	126	13	E	0.76
5061	6	38	N	126	04	E	0.80
5062	7	05	N	125	38	E	0.76
5063	5	25	N	125	26	E	0.73
5064	6	32	N	124	03	E	0.90
5065	7	21	N	124	13	E	0.90
5066	7	35	N	123	10	E	0.76
5067	7	45	N	122	44	E	0.90
5068	6	54	N	122	04	E	0.43
5069	7	19	N	122	04	E	0.60
5070	7	46	N	122	07	E	0.55
5071	8	40	N	123	25	E	0.58
5072	8	37	N	123	43	E	0.60
5073	8	09	N	123	51	E	0.58
5074	8	14	N	124	14	E	0.60
5075	8	30	N	124	40	E	0.55
5076	9	15	N	124	43	E	0.55
5077	8	59	N	125	20	E	0.60
5079	6	41	N	122	08	E	0.70
5080	6	33	N	121	52	E	0.40
5081	6	44	N	121	28	E	0.40
5082	6	09	N	121	50	E	0.67
5083	6	04	N	121	00	E	0.34
5084	5	56	N	121	02	E	0.52
5085	5	51	N	119	44	E	0.52
5086	5	39	N	120	17	E	0.30
5087	5	42	N	120	53	E	0.37
# --- Buchseite 295 (PDF 131) SULU-ARCHIPEL; SABAH ---
5089	5	12	N	120	30	E	0.46
5090	5	08	N	120	14	E	0.85
5091	5	13	N	120	19	E	0.61
5092	5	21	N	120	13	E	0.27
5093	5	02	N	119	46	E	0.55
5095	4	47	N	119	26	E	0.49
5097	4	15	N	117	40	E	1.91
5099	4	14	N	117	53	E	1.51
5101	4	21	N	118	34	E	1.19
5103	4	29	N	118	37	E	0.98
5105	4	41	N	118	15	E	0.99
5107	5	02	N	118	20	E	0.98
5108	4	57	N	118	35	E	1.01
5115	5	50	N	118	07	E	1.11
5117	6	14	N	117	43	E	1.47
5118	6	30	N	117	55	E	1.23
5121	6	54	N	117	29	E	1.19
5122	7	07	N	117	05	E	1.15
5125	6	53	N	116	51	E	1.22
5127	6	43	N	116	21	E	1.07
5130	6	12	N	115	36	E	1.07
5132	5	59	N	116	04	E	1.13
5133	5	45	N	115	54	E	1.07
5134	5	42	N	115	40	E	1.10
5136	5	13	N	115	08	E	1.41
5137	5	17	N	115	15	E	1.49
5138	5	13	N	115	36	E	1.56
5139	5	05	N	115	33	E	1.38
# --- Buchseite 296 (PDF 132) SARAWAK; BRUNEI ---
5139a	4	57	N	115	25	E	1.50
5140	4	53	N	115	21	E	1.37
5141	4	51	N	115	01	E	1.67
5141a	4	45	N	115	00	E	1.49
5141b	4	54	N	114	59	E	1.57
5142	5	00	N	115	08	E	1.39
5143	5	02	N	115	04	E	1.33
5144	4	41	N	114	28	E	1.21
5145	4	37	N	114	19	E	1.21
5145a	4	35	N	114	11	E	1.20
5146	4	35	N	113	59	E	0.90
5147	4	23	N	113	59	E	1.17
5148	3	58	N	113	42	E	1.18
5149	3	31	N	113	18	E	1.16
5149a	3	16	N	113	04	E	1.42
5150	3	11	N	113	02	E	1.36
5151	3	05	N	112	48	E	1.28
5152	3	01	N	112	37	E	1.38
5153	2	54	N	112	05	E	1.61
5153a	2	47	N	112	12	E	1.47
5153b	2	52	N	111	53	E	1.59
5154	2	50	N	111	42	E	1.60
5154a	2	43	N	111	50	E	1.69
5154b	2	26	N	111	50	E	2.93
5155	2	43	N	111	28	E	2.09
5155a	2	31	N	111	26	E	2.40
5155c	2	23	N	111	35	E	2.68
5156	2	27	N	111	14	E	2.65
5157	2	09	N	111	15	E	3.11
5157a	2	09	N	111	22	E	3.36
5158	2	08	N	111	31	E	2.93
5158a	2	17	N	111	40	E	2.82
5159	2	17	N	111	49	E	2.41
5159a	2	06	N	112	09	E	0.93
5160	1	48	N	111	07	E	3.33
5162	1	37	N	111	17	E	4.07
5164	1	31	N	111	00	E	3.50
5164a	1	14	N	111	27	E	2.22
# --- Buchseite 297 (PDF 133) SARAWAK; TUDJUH; KALIMANTAN NW ---
5170	1	33	N	110	23	E	3.42
5171a	1	27	N	110	17	E	1.75
5172	1	45	N	110	30	E	3.10
5173	1	43	N	110	19	E	2.90
5174	1	47	N	110	10	E	2.58
5174a	1	42	N	109	55	E	2.43
5174b	1	40	N	109	51	E	2.66
5175	1	48	N	109	47	E	2.66
5176	2	00	N	109	40	E	2.53
5177	3	14	N	106	15	E	1.00
5177a	3	04	N	105	40	E	1.00
5178	4	45	N	108	00	E	0.70
5179	3	48	N	108	02	E	1.00
5180	3	03	N	108	51	E	1.40
5181	2	30	N	109	00	E	1.40
5182	2	18	N	108	54	E	0.80
5185	0	59	N	107	34	E	0.60
5187	0	35	N	107	06	E	0.70
5189	2	05	N	109	39	E	1.90
# --- Buchseite 298 (PDF 134) KALIMANTAN WEST/SUED; JAVASEE ---
5190	1	46	N	109	16	E	1.30
5191	1	11	N	108	59	E	0.60
5193	0	30	N	108	50	E	0.80
5194	0	05	N	109	08	E	0.90
5195	0	01	S	109	20	E	0.80
5196	0	05	S	109	10	E	0.80
5200	1	14	S	109	57	E	1.19
5201	1	46	S	109	54	E	1.10
5204	2	59	S	110	44	E	0.50
5205	2	54	S	111	26	E	1.00
5207	3	10	S	111	48	E	0.70
5208	3	25	S	112	34	E	1.30
5209	3	00	S	113	03	E	1.40
5210	3	17	S	113	21	E	1.30
5211	3	19	S	114	05	E	1.50
5212	3	05	S	114	10	E	1.50
5214	3	34	S	114	29	E	1.60
5215	3	20	S	114	36	E	1.30
5216	3	45	S	114	36	E	1.30
5219	3	25	S	116	01	E	1.40
5221	3	01	S	116	13	E	1.40
5222	2	34	S	116	29	E	1.40
5224	2	15	S	116	40	E	2.00
5225	1	52	S	116	29	E	1.40
5226	1	54	S	116	13	E	1.40
5228	1	16	S	116	48	E	1.40
# --- Buchseite 299 (PDF 135) KALIMANTAN OST; CELEBESSEE; SULAWESI N ---
5230	0	59	S	117	19	E	1.30
5232	0	36	S	117	42	E	1.40
5233	0	42	S	117	30	E	1.40
5234	0	37	S	117	17	E	1.30
5235	0	30	S	117	08	E	1.30
5236	0	13	S	117	26	E	1.30
5237	0	04	N	117	33	E	1.30
5237a	0	08	N	117	32	E	1.27
5238	0	23	N	117	34	E	1.20
5239	0	45	N	118	00	E	1.30
5240	0	59	N	117	59	E	1.20
5244	2	03	N	117	54	E	1.60
5245	2	11	N	117	55	E	1.80
5246	2	11	N	117	41	E	1.70
5247	2	10	N	117	29	E	1.30
5249	2	49	N	117	22	E	0.60
5250	2	55	N	117	42	E	1.80
5251	3	17	N	117	35	E	1.70
5252	3	28	N	117	50	E	1.50
5254	4	43	N	127	05	E	1.00
5255	3	56	N	126	42	E	1.00
5257	3	34	N	125	27	E	1.20
5258	3	31	N	125	37	E	1.30
5260	1	30	N	124	50	E	1.20
5262	0	47	N	122	50	E	1.20
5264	1	02	N	120	49	E	1.20
5267	0	40	S	119	45	E	1.20
5268	1	56	S	119	18	E	0.90
# --- Buchseite 300 (PDF 136) SULAWESI ---
5270	3	33	S	118	59	E	0.80
5271	4	00	S	119	37	E	0.80
5272	4	13	S	119	36	E	0.80
5272a	4	52	S	119	23	E	0.90
5273	5	09	S	119	24	E	0.90
5274	5	06	S	117	04	E	0.70
5275	5	12	S	117	42	E	0.60
5276	5	25	S	118	23	E	0.60
5277	6	05	S	118	55	E	0.80
5279	5	32	S	119	51	E	1.20
5280	6	07	S	120	28	E	1.00
5282	7	04	S	121	06	E	1.30
5283	7	17	S	121	06	E	1.30
5286	5	17	S	120	23	E	1.20
5289	4	03	S	121	36	E	1.20
5292	5	10	S	121	48	E	1.40
5293	4	53	S	122	16	E	1.40
5294	5	13	S	122	18	E	1.40
5295	5	28	S	122	37	E	1.20
5296	5	42	S	122	38	E	1.40
5297	5	31	S	122	51	E	1.40
5302	3	44	S	122	20	E	1.20
5303	3	28	S	122	55	E	1.20
5304	3	03	S	122	33	E	1.50
5305	2	32	S	121	58	E	1.20
5306	2	04	S	121	33	E	1.20
5307	1	41	S	121	56	E	1.10
5308	1	09	S	122	40	E	1.00
5309	0	54	S	123	09	E	1.00
5312	0	24	S	122	00	E	0.80
5314	0	56	S	122	00	E	0.80
5315	1	22	S	120	46	E	0.80
# --- Buchseite 301 (PDF 137) SULAWESI; MOLUKKEN; JAWA NORDKUESTE ---
5316	0	03	N	120	06	E	0.80
5318	0	30	N	123	03	E	0.80
5320	1	22	N	125	05	E	1.20
5321	1	26	N	125	12	E	1.20
5322	1	50	N	125	04	E	1.20
5324	1	34	S	123	28	E	1.00
5325	1	42	S	124	42	E	1.00
5326	1	54	S	125	24	E	1.00
5327	2	00	S	126	00	E	1.00
5328	1	49	S	125	24	E	1.00
5329	5	50	S	112	38	E	0.80
5331	6	43	S	111	20	E	0.70
5332	5	53	S	110	25	E	0.60
5333	6	57	S	110	25	E	0.60
5334	6	51	S	109	08	E	0.60
5335	6	42	S	108	34	E	0.60
5337	5	54	S	108	24	E	0.60
5339	6	06	S	106	52	E	0.60
5341	5	57	S	106	50	E	0.70
5341a	5	51	S	106	37	E	0.60
5342	5	35	S	106	35	E	0.40
5344	5	56	S	105	59	E	0.40
5345	6	04	S	105	53	E	0.40
5346	6	22	S	105	49	E	0.70
5349	6	45	S	105	13	E	0.70
# --- Buchseite 302 (PDF 138) JAWA; MADURA; BALI ---
5351	7	24	S	106	24	E	1.00
5352	7	40	S	107	41	E	1.10
5353	7	44	S	109	00	E	1.10
5355	8	18	S	111	43	E	1.20
5358	8	12	S	114	24	E	1.60
5359	8	02	S	114	28	E	1.30
5360	7	41	S	114	26	E	0.90
5362	7	28	S	113	07	E	1.35
5363	7	38	S	112	55	E	1.60
5364	7	20	S	112	52	E	1.50
5365	7	12	S	112	44	E	1.59
5366	6	52	S	112	34	E	1.05
5367	6	56	S	112	44	E	1.10
5368	6	54	S	112	49	E	1.05
5369	7	03	S	112	41	E	1.20
5370	7	12	S	112	55	E	1.50
5372	7	03	S	113	55	E	1.40
5373	6	53	S	113	44	E	0.60
5374	7	05	S	114	16	E	1.00
5375	7	10	S	114	47	E	1.00
5376	7	00	S	115	27	E	1.10
5379	8	06	S	115	05	E	1.00
5380	8	32	S	115	31	E	1.10
5381	8	41	S	115	16	E	1.30
5382	8	45	S	115	13	E	1.30
# --- Buchseite 303 (PDF 139) LOMBOK BIS TIMOR ---
5384	8	34	S	116	04	E	1.10
5385	8	43	S	116	03	E	1.10
5386	8	45	S	115	53	E	1.10
5389	7	32	S	117	27	E	1.10
5390	7	04	S	118	11	E	1.10
5395	8	27	S	118	43	E	0.90
5396	8	34	S	119	02	E	1.20
5397	8	42	S	118	49	E	1.60
5399	8	36	S	119	31	E	1.80
5400	9	46	S	119	37	E	1.60
5401	9	38	S	120	15	E	1.60
5402	8	40	S	119	48	E	1.90
5403	8	47	S	119	50	E	1.90
5404	8	47	S	121	24	E	1.80
5406	8	39	S	122	13	E	1.30
5408	8	29	S	119	53	E	1.90
5409	8	22	S	123	11	E	1.40
5411	8	16	S	124	13	E	1.30
5412	8	14	S	124	32	E	1.30
5413	9	01	S	124	53	E	1.30
5414	10	10	S	123	34	E	1.10
# --- Buchseite 304 (PDF 140) TIMOR BIS MOLUKKEN ---
5417	8	40	S	127	00	E	1.70
5418	8	33	S	125	34	E	1.35
5419	8	03	S	125	44	E	1.40
5421	8	06	S	127	09	E	1.30
5424	7	09	S	128	40	E	1.30
5425	8	00	S	129	35	E	1.30
5427	7	09	S	131	43	E	1.30
5428	6	35	S	134	46	E	1.20
5429	5	45	S	134	14	E	1.30
5430	5	38	S	132	58	E	1.30
5431	5	38	S	132	43	E	1.20
5432	5	31	S	132	17	E	1.30
5433	4	48	S	131	42	E	1.30
5435	4	32	S	129	53	E	1.30
5436	3	53	S	130	54	E	1.30
5437	3	07	S	130	32	E	1.00
5438	2	48	S	128	24	E	0.90
5439	3	41	S	128	11	E	1.10
5441	3	16	S	127	06	E	1.10
5442	3	00	S	126	13	E	1.20
5443	3	43	S	126	26	E	1.10
5444	1	42	S	127	38	E	0.60
5445	1	20	S	127	38	E	0.60
5446	0	41	S	127	26	E	0.60
5447	0	26	S	127	39	E	0.70
# --- Buchseite 305 (PDF 141) HALMAHERA BIS IRIAN JAYA ---
5449	0	47	N	127	23	E	0.90
5450	2	00	N	127	48	E	1.10
5452	1	48	N	127	49	E	1.10
5453	1	11	N	127	55	E	1.20
5454	0	54	N	128	15	E	0.90
5455	0	35	N	128	34	E	0.90
5456	0	20	N	128	46	E	0.80
5457	0	15	N	128	45	E	0.80
5459	0	46	S	128	13	E	0.70
5460	2	32	S	140	44	E	0.70
5460a	2	25	S	140	32	E	0.80
5461	2	21	S	140	14	E	0.90
5463	1	51	S	138	44	E	1.00
5467	0	55	S	136	02	E	1.10
5468	0	38	S	135	30	E	1.10
5469	0	51	S	135	35	E	1.30
5470	1	11	S	136	04	E	1.10
5471	1	11	S	136	12	E	1.10
5472	0	56	S	134	50	E	1.10
5474	1	53	S	136	15	E	1.40
5476	2	57	S	135	45	E	1.20
5476a	3	23	S	135	31	E	1.20
5477	3	12	S	134	53	E	1.20
5477a	2	44	S	134	30	E	1.30
5478	2	22	S	134	32	E	1.30
5479	1	36	S	134	06	E	1.30
# --- Buchseite 306 (PDF 142) IRIAN JAYA (Vogelkop, McCluer-Golf) ---
5480	0	52	S	134	05	E	1.10
5483	0	46	S	131	32	E	1.20
5484	0	50	S	131	13	E	1.00
5485	1	11	S	131	07	E	1.00
5488	0	30	N	131	06	E	1.20
5490	0	27	S	130	46	E	1.20
5491	0	21	S	130	20	E	1.20
5492	0	19	S	130	08	E	1.20
5494	0	45	S	130	45	E	1.20
5497	0	54	S	131	01	E	1.00
5498	1	00	S	131	06	E	1.00
5499	1	24	S	130	55	E	1.00
5500	1	17	S	130	46	E	1.00
5501	1	25	S	130	29	E	1.00
5503	1	50	S	129	50	E	0.80
5507	1	46	S	131	08	E	1.70
5508	1	32	S	131	17	E	1.70
5509	1	30	S	131	41	E	1.70
5510	1	36	S	131	48	E	1.70
5511	1	42	S	132	00	E	1.70
5512	2	02	S	132	02	E	1.70
5514	2	13	S	133	33	E	3.10
5514a	2	12	S	133	40	E	3.20
5515	2	23	S	133	54	E	3.60
5516	2	30	S	133	24	E	2.55
5517	2	42	S	132	25	E	1.50
5519	2	56	S	132	18	E	1.40
5522	3	40	S	133	45	E	1.50
5523	4	04	S	134	36	E	1.50
5524	3	56	S	134	40	E	1.50
5525	4	27	S	135	15	E	1.20
5527	4	34	S	136	00	E	1.20
5528	4	44	S	136	25	E	1.20
5528a	4	46	S	136	33	E	1.20
# --- Buchseite 307 (PDF 143) IRIAN JAYA SUED; THAILAND ---
5529	4	54	S	136	48	E	1.50
5530	5	01	S	137	12	E	1.75
5532	5	32	S	138	08	E	3.00
5534	6	20	S	138	26	E	3.00
5535	7	07	S	138	45	E	4.30
5537	7	38	S	139	04	E	5.00
5538	8	02	S	138	54	E	5.20
5542	8	29	S	140	23	E	3.30
6851	6	28	N	101	49	E	0.56
6854	6	56	N	101	17	E	0.56
6857	7	13	N	100	35	E	0.96
6862	8	32	N	100	00	E	0.90
6869	9	16	N	99	26	E	1.43
6871	9	57	N	99	10	E	0.91
6873	10	27	N	99	15	E	1.67
6876	11	48	N	99	49	E	1.70
6880	13	21	N	99	59	E	2.10
6881	13	33	N	100	15	E	2.10
6882	13	27	N	100	36	E	2.47
6882a	13	42	N	100	34	E	1.63
6883	13	45	N	100	30	E	1.81
6884	13	30	N	101	00	E	1.67
6886	13	09	N	100	49	E	2.48
6888	12	42	N	100	50	E	1.50
6889	12	39	N	100	53	E	2.19
6891	12	35	N	101	26	E	1.50
6894	12	28	N	102	04	E	1.68
6895	11	48	N	102	29	E	1.10
6896	12	07	N	102	34	E	1.99
# --- Buchseite 308 (PDF 144) KAMBODSCHA; VIETNAM (Mekong) ---
6900	11	25	N	103	00	E	0.99
6902	10	38	N	103	29	E	1.07
6903	10	30	N	103	36	E	0.80
6906	10	22	N	104	28	E	0.76
6911	9	18	N	103	28	E	0.50
6916	8	40	N	106	38	E	2.28
6938	10	20	N	107	04	E	2.41
6939	10	25	N	106	59	E	2.60
6948	10	30	N	107	30	E	2.30
6950	10	42	N	107	59	E	2.19
6951	10	55	N	108	06	E	2.10
6953	10	30	N	108	57	E	1.60
6955	11	10	N	108	42	E	2.06
6957	11	22	N	109	01	E	1.00
6959	11	53	N	109	12	E	1.24
6960	12	12	N	109	12	E	1.30
# --- Buchseite 309 (PDF 145) VIETNAM; CHINA ---
6962	12	40	N	109	23	E	1.30
6963	12	52	N	109	24	E	1.30
6965	13	22	N	109	16	E	1.20
6966	13	45	N	109	13	E	1.25
6968	14	35	N	109	03	E	1.20
6971	15	24	N	108	45	E	1.20
6972	15	57	N	108	30	E	1.10
6974	16	05	N	108	12	E	0.90
6975	16	20	N	107	59	E	0.80
6976	16	35	N	107	37	E	0.50
6980	17	42	N	106	28	E	0.94
6981	17	56	N	106	29	E	0.80
6983	18	46	N	105	45	E	1.45
6984	18	48	N	105	46	E	1.82
6988	19	26	N	105	53	E	1.90
6991	19	55	N	105	59	E	2.00
6994	20	21	N	106	38	E	1.90
6996	20	40	N	106	49	E	1.86
6997	20	43	N	106	47	E	1.89
6998	20	52	N	106	40	E	1.90
7003	20	08	N	107	43	E	1.95
7004	20	43	N	107	03	E	2.01
7005	20	46	N	107	08	E	2.10
7006	20	57	N	107	04	E	1.86
7008	21	02	N	107	22	E	2.15
7009	21	08	N	107	29	E	2.20
7012	20	58	N	107	44	E	1.90
7013	21	08	N	107	37	E	2.04
7015	21	15	N	107	57	E	2.35
7050	16	33	N	111	37	E	1.00
