# NP203 Ausgabe 2002, Part III (Harmonic Constants) -- Suedchinesisches Meer
# und Indonesien, also der Bereich, den die Ausgabe 2015 nicht mehr enthaelt.
# Von den Scanseiten in tide_tables/att/np203_2002_vollband.pdf abgelesen
# (PDF-Seite = Buchseite - 164). Zahlen visuell gelesen, die OCR ist hier
# unbrauchbar (nur 101 von 849 Zeilen parsebar).
#
# Spalten (Tab-getrennt):
#   att  name  zone  z0  gM2 HM2  gS2 HS2  gK1 HK1  gO1 HO1  f4 F4  f6 F6
# z0 in Metern ueber Kartennull; "w" = Table VI (Wert aus Part II holen).
# Leere Flachwasserspalten stehen als "-".
# Zeilen mit "v" (grosse jahreszeitliche Schwankung) stehen mit dem Mittel
# aus der Monatstabelle derselben Buchseite drin; das ist jeweils vermerkt.
#
# STAND: vollstaendig. Buchseiten 322-338, 791 Stationen,
# att 4495-5542 sowie 6851-7050 (Thailand/Vietnam/China haben im Band einen
# eigenen Nummernblock). Positionen dazu in np203_2002_part2_scs_pos.tsv.
#
# PRUEFSTAND: einmal gelesen, Format maschinell geprueft (Phasen 000-359,
# Amplituden < 4 m, keine Dubletten). Die OCR taugt als Gegenprobe nicht (sie
# trifft im Schnitt nur 4 von 9 Zahlen je Zeile). Stattdessen gegen die
# unabhaengigen Sammlungen geprueft: 421 Stationen liegen naeher als 3 km an
# einer Station aus classic/ticon/utide/noaa; nach Umrechnung auf den
# GMT-Meridian betraegt die mittlere Abweichung 0.03 m in der M2-Amplitude
# und 4.6 Grad in der Phase. Bei classic, classic_original und TICON (71
# Paare) weicht keine einzige Phase um mehr als 60 Grad ab.
#
# att	name	zone	z0	gM2	HM2	gS2	HS2	gK1	HK1	gO1	HO1	f4	F4	f6	F6
# ===== Buchseite 322 -- INDIA EAST COAST; BANGLADESH; BURMA =====
4495	Jefford Point	-0600	1.87	285	0.80	333	0.35	004	0.11	324	0.06	319	0.015	035	0.032
4501	Tiger Point	-0600	1.79	302	0.82	344	0.37	354	0.15	338	0.06	267	0.048	-	-
4502	Dhulasar	-0600	1.71	317	0.73	358	0.35	009	0.13	355	0.04	227	0.095	-	-
4503	Rabnabad Channel (Patua)	-0600	2.07	336	0.75	027	0.29	025	0.16	010	0.05	250	0.135	106	0.051
4510	Norman's Point	-0600	2.32	359	1.36	030	0.54	351	0.18	354	0.06	240	0.045	-	-
4511	Khal No. 18	-0600	2.67	015	1.63	055	0.53	012	0.18	002	0.09	249	0.026	059	0.007
4514	Kutubdia Island	-0600	2.04	337	1.16	006	0.48	349	0.18	347	0.07	241	0.017	026	0.014
4515	Cox's Bazar	-0600	2.00	303	1.06	340	0.46	351	0.17	008	0.06	216	0.059	-	-
4517	St. Martin's Island	-0600	1.83	256	0.90	290	0.42	331	0.15	323	0.08	180	0.068	-	-
4520	Sittwe	-0630	1.57	281	0.78	317	0.34	348	0.14	334	0.06	-	-	-	-
4525	Kyaukpyu	-0630	1.92	275	0.94	318	0.43	343	0.17	319	0.07	-	-	-	-
4526	Searle Point	-0630	1.92	273	0.85	310	0.40	340	0.16	315	0.06	-	-	-	-
4529	Sagu Kyun	-0630	1.76	268	0.79	305	0.37	340	0.16	310	0.06	-	-	-	-
4532	Andrew Bay	-0630	1.60	263	0.75	299	0.35	340	0.15	306	0.05	-	-	-	-
4534	Gwa Bay	-0630	1.55	266	0.69	304	0.32	330	0.14	338	0.05	180	0.193	-	-
4536	Chaungtha Kyun	-0630	1.49	265	0.68	304	0.32	335	0.13	326	0.05	-	-	-	-
4537	Goyangyi Kyun	-0630	1.28	263	0.67	302	0.29	342	0.09	280	0.02	186	0.154	-	-
4539	Bassein River Entrance	-0630	1.43	281	0.67	321	0.30	343	0.13	321	0.05	150	0.016	-	-
4540	Chaunggwa	-0630	1.37	301	0.63	337	0.24	349	0.13	342	0.05	-	-	-	-
4541	Bassein	-0630	w	051	0.67	099	0.22	050	0.11	034	0.05	233	0.162	-	-
4542	Pyinsalu	-0630	1.70	305	0.81	356	0.33	346	0.13	354	0.05	-	-	-	-
4543	Ama	-0630	1.90	327	0.81	023	0.40	349	0.17	346	0.06	-	-	-	-
4544	Pymbong Beacon	-0630	1.33	335	0.60	032	0.33	348	0.14	339	0.08	-	-	-	-
4545	Tinmahlwe	-0630	1.60	051	0.62	071	0.38	002	0.17	032	0.07	213	0.213	060	0.102
4545a	Thandeik	-0630	1.70	067	0.81	105	0.36	000	0.06	056	0.08	204	0.047	036	0.075
4546	China Bakir (Old Light)	-0630	2.30	085	1.50	130	0.67	028	0.17	355	0.10	251	0.026	-	-
# ===== Buchseite 323 -- BURMA =====
4547	Elephant Point	-0630	w	099	1.80	142	0.73	020	0.23	000	0.10	247	0.032	029	0.012
4548	Rangoon	-0630	3.12	126	1.80	171	0.66	036	0.21	017	0.09	269	0.053	058	0.014
4552	Kyaikkami (Amherst)	-0630	3.07	060	1.93	102	0.82	003	0.22	336	0.10	268	0.023	-	-
4555	Moulmein	-0630	w	102	1.25	143	0.45	036	0.14	036	0.07	304	0.194	-	-
4556	Double Island	-0630	3.47	043	1.66	080	0.95	027	0.10	002	0.14	289	0.008	-	-
4558	Bentinck Sound	-0630	3.20	020	1.50	055	0.80	000	0.10	345	0.10	-	-	-	-
4559	Wa Kyun (Stag Island)	-0630	3.51	352	1.37	026	0.75	344	0.18	338	0.12	247	0.020	-	-
4560	Sidaw Point	-0630	2.90	358	1.26	037	0.68	353	0.21	346	0.13	292	0.055	-	-
4562	Heinze Chaung	-0630	2.80	323	1.26	010	0.70	335	0.11	338	0.09	236	0.017	-	-
4562a	NE of North Ledge	-0630	2.80	317	1.45	356	0.60	330	0.20	308	0.09	255	0.015	011	0.004
4563	Heinze Bok (Long Island)	-0630	2.90	317	1.28	356	0.67	347	0.07	313	0.08	-	-	-	-
4568	Sinbyubyin	-0630	3.10	319	1.72	007	0.82	338	0.20	136	0.01	275	0.037	-	-
4571	Mali Kyun (Fisher Bay)	-0630	3.13	293	1.49	347	0.79	330	0.12	278	0.05	-	-	-	-
4573	Padaw-aw	-0630	2.99	298	1.60	347	0.80	330	0.10	295	0.10	-	-	-	-
4574	Mergui	-0630	2.79	301	1.67	347	0.89	333	0.16	307	0.06	227	0.015	030	0.004
4576	Port Maria	-0630	2.16	290	1.21	333	0.64	327	0.15	284	0.07	-	-	-	-
4579	Thar Myar Ami	-0630	2.30	287	1.24	333	0.51	329	0.19	318	0.04	-	-	-	-
4580	Jack Island	-0630	2.53	297	1.56	344	0.51	335	0.13	306	0.07	-	-	-	-
4581	Myauk Gaung Island	-0630	1.92	284	1.19	326	0.60	322	0.13	297	0.05	-	-	-	-
4582	Thatchaung	-0630	2.50	295	1.61	342	0.52	333	0.14	304	0.07	-	-	-	-
# Aus der Monatstabelle S.323 gemittelt (im Haupttabellenteil steht dort "v"):
4496	Pussur River Entrance	-0600	1.70	299	0.79	336	0.34	358	0.13	339	0.05	256	0.046	087	0.043
4497	Sundar Kota Reach	-0600	1.83	340	1.18	022	0.34	018	0.14	357	0.06	248	0.069	084	0.019
4498a	Mongla	-0600	1.95	028	0.94	074	0.34	039	0.14	022	0.06	239	0.123	096	0.037
4506	Hatia Bar	-0600	w	069	1.29	111	0.48	046	0.12	012	0.07	278	0.097	-	-
4507	Sandwip Island	-0600	w	038	1.86	082	0.70	036	0.16	010	0.08	289	0.041	067	0.011
4507a	Ilsa Ghat	-0600	w	133	0.74	172	0.29	079	0.12	057	0.07	280	0.279	165	0.080
4512	Chittagong	-0600	w	034	1.32	072	0.43	030	0.17	005	0.08	257	0.050	068	0.022
# ===== Buchseite 324 -- BURMA TO MALAYSIA WEST COAST =====
4584	Pawei Kyun	-0630	2.53	299	1.60	343	0.77	333	0.11	342	0.09	186	0.012	-	-
4585	Ka Mar Island	-0630	2.19	288	1.17	336	0.61	318	0.15	293	0.04	-	-	-	-
4587	Kyunn Tann Shey (Bulet-aw)	-0630	2.04	288	1.23	332	0.63	324	0.14	305	0.05	-	-	-	-
4589	Zar Det Aw	-0630	1.65	284	1.05	319	0.56	326	0.15	284	0.05	-	-	-	-
4590	South Bay	-0630	1.77	281	0.94	326	0.48	356	0.09	273	0.07	-	-	-	-
4592	Pulau Besin	-0630	2.19	284	1.14	328	0.58	323	0.14	287	0.05	-	-	-	-
4595	Mingalakyun	-0630	1.40	276	0.60	311	0.30	331	0.10	310	0.10	-	-	-	-
4597	Temple Sound	-0530	1.16	233	0.59	259	0.27	310	0.12	296	0.04	-	-	-	-
4598	Hoare Bay	-0530	1.29	231	0.55	268	0.26	318	0.12	301	0.04	-	-	-	-
4600	Port Anson	-0530	1.31	229	0.50	267	0.23	302	0.07	271	0.06	-	-	-	-
4602	Boat Island	-0530	1.01	234	0.50	274	0.21	310	0.06	302	0.03	-	-	-	-
4604	Cleugh Passage	-0530	1.34	241	0.60	270	0.30	313	0.10	296	0.10	-	-	-	-
4605	Port Cornwallis	-0530	1.20	269	0.73	288	0.37	317	0.13	297	0.06	-	-	-	-
4606	Stewart Sound	-0530	1.28	257	0.70	285	0.30	315	0.10	296	0.10	-	-	-	-
4607	Long Island	-0530	1.30	252	0.69	293	0.33	311	0.12	309	0.04	-	-	-	-
4608	Strait Island	-0530	1.10	249	0.73	308	0.30	327	0.10	293	0.07	-	-	-	-
4609	Jalebar	-0530	1.22	253	0.65	295	0.32	316	0.11	308	0.05	-	-	-	-
4611	Port Blair	-0530	1.21	250	0.61	290	0.29	315	0.12	284	0.05	-	-	-	-
4612	Cinque Islands	-0530	1.26	251	0.61	294	0.31	309	0.05	314	0.03	185	0.067	-	-
4613	The Sisters	-0530	1.30	248	0.59	286	0.28	318	0.11	288	0.06	-	-	-	-
4617	Car Nicobar	-0530	1.00	244	0.52	286	0.27	324	0.07	266	0.03	-	-	-	-
4620	Dring Harbour	-0530	1.19	249	0.50	291	0.20	322	0.08	326	0.04	-	-	-	-
4620a	Expedition Harbour	-0530	1.30	246	0.48	291	0.22	291	0.12	236	0.04	-	-	-	-
4621	Nancowry Harbour	-0530	1.10	246	0.52	290	0.24	306	0.10	257	0.05	-	-	-	-
4625	South (Galatea) Bay	-0530	0.90	239	0.50	283	0.20	294	0.10	255	0.10	-	-	-	-
4628	Port Refuge	-0630	0.65	140	0.31	184	0.11	253	0.15	236	0.09	-	-	-	-
4629	Christmas Island	-0700	0.89	210	0.34	281	0.15	265	0.18	249	0.12	-	-	-	-
4630	Pak Nam Ranong	-0700	2.34	291	1.06	325	0.56	311	0.11	292	0.06	-	-	-	-
4632	Ko Surin	-0700	1.50	295	0.82	336	0.41	333	0.15	304	0.06	-	-	-	-
4634	Chang Ko Phra Thong	-0700	1.40	293	0.90	337	0.40	330	0.10	281	0.10	-	-	-	-
4636	Ko Miang	-0700	1.40	290	0.70	336	0.40	330	0.10	276	0.10	-	-	-	-
4637	Klong Thung Maphrao	-0700	1.40	291	0.72	334	0.35	330	0.12	276	0.06	-	-	-	-
4639	Ko Taphao Noi (Phuket)	-0700	2.29	303	0.79	346	0.40	330	0.13	289	0.05	115	0.021	256	0.005
4640	Ao Nang (Krabi)	-0700	2.10	294	0.83	326	0.55	310	0.10	293	0.05	-	-	-	-
4643	Pak Nam Trang	-0700	1.85	320	0.87	004	0.51	329	0.10	309	0.06	-	-	-	-
4646	Goh Pe-Tra (Pulau Kapai)	-0700	1.52	310	0.81	353	0.44	333	0.15	278	0.04	-	-	-	-
4648	Goh Don (North Cone Island)	-0700	1.84	312	0.83	358	0.45	338	0.16	290	0.06	-	-	-	-
4649	Pulau Lela	-0700	1.88	315	0.85	000	0.49	329	0.19	273	0.05	115	0.022	-	-
4649a	Ko Koi Noi	-0700	2.07	325	0.82	358	0.51	328	0.15	276	0.06	-	-	-	-
4650	Ko Butang	-0800	1.70	341	0.70	027	0.40	351	0.20	296	0.10	-	-	-	-
4654	Pelabuhan Kuah	-0800	1.75	001	0.73	046	0.41	356	0.18	295	0.05	-	-	-	-
4655	Pulau Beras Basah	-0800	1.72	357	0.69	037	0.37	000	0.18	285	0.05	-	-	-	-
4657	Teluk Ewa	-0800	1.87	350	0.81	035	0.45	353	0.17	295	0.05	043	0.022	144	0.006
4658a	Sungai Kedah	-0800	1.60	009	0.70	054	0.40	358	0.20	292	0.10	-	-	-	-
4659	Pulau Bidan	-0800	1.56	009	0.64	058	0.41	354	0.21	320	0.05	-	-	-	-
4660	Tanjung Dawai	-0800	1.60	015	0.68	061	0.39	008	0.20	311	0.04	-	-	-	-
4663	Pinang (Bandar Raya Georgetown)	-0800	1.57	025	0.62	068	0.37	357	0.20	293	0.05	245	0.069	166	0.061
4664	Pulau Rimau	-0800	1.37	038	0.53	079	0.29	001	0.22	272	0.04	-	-	-	-
4670	Port Weld	-0800	1.20	064	0.60	107	0.30	349	0.20	264	0.10	-	-	-	-
4674	Lumut Pier	-0800	1.59	114	0.74	156	0.35	008	0.22	274	0.03	207	0.019	075	0.029
4678	Bagan Datoh	-0800	1.67	125	0.79	173	0.39	014	0.21	294	0.03	267	0.063	-	-
4679	Teluk Intan	-0800	2.65	151	0.93	200	0.64	029	0.24	140	0.09	273	0.065	-	-
4683	Sungai Selangor	-0800	2.70	156	1.33	211	0.62	043	0.16	099	0.10	262	0.032	-	-
4684	Pulau Angsa	-0800	3.13	147	1.30	202	0.66	033	0.21	335	0.01	187	0.024	090	0.014
# ===== Buchseite 325 -- MALAYSIA WEST AND SOUTH COASTS; SINGAPORE TO LINGGA =====
4686	Pelabuhan Klang	-0800	3.21	156	1.37	205	0.69	026	0.19	161	0.04	227	0.029	092	0.021
4688	Pintu Gedong	-0800	2.71	165	1.22	215	0.60	035	0.13	200	0.05	301	0.020	-	-
4689	One Fathom Bank	-0800	2.44	154	1.25	204	0.62	027	0.17	161	0.05	-	-	-	-
4690	Pulau Jemur	-0800	2.44	142	1.28	187	0.62	352	0.25	184	0.04	233	0.015	-	-
4693	Tanjung Gabang	-0800	1.83	176	1.01	226	0.51	048	0.08	150	0.13	304	0.029	-	-
4695	Port Dickson	-0800	1.50	192	0.83	241	0.42	094	0.05	149	0.17	315	0.056	176	0.032
4696	Cape Rachado	-0800	1.53	197	0.74	247	0.36	108	0.09	159	0.21	-	-	-	-
4698	Tanjung Keling	-0800	1.48	229	0.61	276	0.30	148	0.09	145	0.21	307	0.075	198	0.053
4699	Melaka	-0800	1.22	239	0.60	286	0.28	144	0.06	144	0.21	303	0.081	-	-
4701	Pulau Undan	-0800	1.27	249	0.66	301	0.32	170	0.12	141	0.20	284	0.093	-	-
4702	Muar	-0800	1.19	264	0.63	314	0.30	164	0.14	148	0.23	276	0.128	-	-
4703	Parit Jawa	-0800	1.45	273	0.65	325	0.32	146	0.10	117	0.16	-	-	-	-
4704	Kuala Batu Pahat	-0800	1.50	291	0.80	342	0.36	165	0.19	136	0.26	276	0.067	103	0.026
4705	Tanjung Laboh	-0800	1.76	305	0.78	344	0.41	157	0.28	129	0.20	274	0.079	-	-
4707	Pulau Pisang	-0800	1.80	314	0.93	006	0.42	166	0.24	127	0.26	271	0.072	155	0.026
4707a	Kukup	-0800	1.80	324	0.92	018	0.43	162	0.26	119	0.25	264	0.062	155	0.043
4713a	Johor Bahru (East Side of Causeway)	-0800	1.87	326	0.86	023	0.34	103	0.30	051	0.30	082	0.079	292	0.034
4713b	Johor Port	-0800	2.10	326	0.87	014	0.34	103	0.29	054	0.29	074	0.059	311	0.026
4714	Sultan Shoal	-0800	1.69	333	0.87	027	0.39	159	0.26	106	0.24	299	0.057	167	0.032
4716	Pulau Bukom	-0800	1.55	333	0.83	029	0.36	139	0.26	084	0.24	331	0.043	200	0.017
4717	Raffles Lighthouse	-0800	1.64	333	0.83	028	0.37	147	0.27	091	0.25	318	0.046	-	-
4718	Tanjong Pagar	-0800	1.66	325	0.80	020	0.33	116	0.30	061	0.29	006	0.018	227	0.024
4718b	Jurong Wharf	-0800	1.65	332	0.85	027	0.38	143	0.27	090	0.24	317	0.047	183	0.016
4718c	Pasir Panjang	-0800	1.80	331	0.84	026	0.37	143	0.26	088	0.24	298	0.045	186	0.018
4719	Angler Bank	-0800	1.67	321	0.75	018	0.29	105	0.28	051	0.29	-	-	-	-
4725	Sembawang Shipyard	-0800	1.87	325	0.85	023	0.33	103	0.31	050	0.30	077	0.067	303	0.022
4734	Sungai Belungkor	-0800	1.87	325	0.77	025	0.32	099	0.32	043	0.30	-	-	-	-
4736	Tanjung Ayam	-0800	1.67	315	0.65	014	0.24	091	0.28	039	0.30	-	-	-	-
4737	Ramunia Jetty	-0800	1.32	313	0.64	012	0.23	078	0.29	041	0.29	-	-	-	-
4738	Horsburgh Lighthouse	-0800	1.55	307	0.57	007	0.19	077	0.27	029	0.28	-	-	-	-
4740	Tanjunguban	-0700	1.50	288	0.64	007	0.21	099	0.29	034	0.34	-	-	-	-
4741	Tanjungpinang	-0700	1.20	316	0.36	026	0.17	135	0.34	063	0.27	-	-	-	-
4742	Pelabuhan Kijang	-0700	1.25	301	0.34	356	0.12	101	0.35	045	0.34	-	-	-	-
4743	Selat Kijang Entrance (North)	-0700	1.25	279	0.40	349	0.11	087	0.31	024	0.33	-	-	-	-
4746	Batuampar	-0700	1.70	299	0.76	356	0.30	100	0.29	046	0.29	-	-	-	-
4746a	Pulau Sambu	-0700	1.70	301	0.80	355	0.29	101	0.26	052	0.25	-	-	-	-
4746b	Sekupang	-0700	1.52	300	0.76	356	0.26	110	0.24	057	0.28	-	-	-	-
4747	Bojan	-0700	1.10	311	0.36	010	0.12	135	0.30	056	0.30	-	-	-	-
4749	Pulau Kepalajerih	-0700	1.76	310	0.81	005	0.37	144	0.31	085	0.27	-	-	-	-
4751	Tanjung Butun	-0700	1.50	029	0.20	137	0.12	153	0.61	067	0.48	-	-	-	-
4753	Dabo	-0700	1.60	051	0.19	119	0.06	147	0.62	078	0.47	-	-	-	-
4755	Pulau Beralas	-0700	2.00	057	0.63	114	0.21	154	0.65	088	0.58	-	-	-	-
4756	Pulau Berhala	-0700	2.00	061	0.46	127	0.14	153	0.71	069	0.59	-	-	-	-
# ===== Buchseite 326 -- SUMATERA (Zone -0700 laeuft von S.325 durch) =====
4758	Kuala Niur	-0700	2.00	082	0.78	120	0.19	171	0.67	096	0.48	-	-	-	-
4760	Kuala Lajau	-0700	2.50	063	0.82	132	0.31	165	0.68	094	0.58	-	-	-	-
4761	Tembilahan	-0700	3.00	143	1.18	174	0.32	184	0.70	142	0.48	-	-	-	-
4763	Guntung	-0700	1.60	011	0.61	048	0.25	164	0.53	103	0.27	-	-	-	-
4764	Bandong	-0700	2.10	321	1.00	025	0.56	166	0.19	096	0.42	-	-	-	-
4765	Tanjungbalai	-0700	1.70	300	0.78	353	0.43	145	0.27	099	0.20	-	-	-	-
4766	Kenipaan	-0700	1.60	308	0.95	020	0.34	169	0.25	115	0.24	-	-	-	-
4766a	Iyu Kecil (Brothers Light)	-0700	1.80	298	0.94	351	0.43	150	0.27	107	0.26	284	0.070	163	0.025
4767	Tanjung Medang Dalam	-0700	2.10	304	0.90	017	0.30	178	0.30	124	0.20	-	-	-	-
4769	Pulau Muda	-0700	2.10	012	1.27	102	0.57	205	0.40	136	0.34	-	-	-	-
4770	Tebing Tingi	-0700	1.90	287	1.00	334	0.35	178	0.28	139	0.32	-	-	-	-
4773	Bengkalis	-0700	1.70	213	0.76	286	0.36	123	0.06	128	0.26	-	-	-	-
4774	Tanjung Parit	-0700	1.46	249	0.72	297	0.33	149	0.16	126	0.25	282	0.060	-	-
4778	Sungai Pakning	-0700	1.80	239	0.77	290	0.39	166	0.15	122	0.29	246	0.109	-	-
4779	Kuala Siak	-0700	1.80	248	0.68	315	0.40	177	0.09	126	0.25	-	-	-	-
4780	Tanjung Lebang	-0700	1.70	188	0.90	257	0.50	074	0.10	102	0.20	-	-	-	-
4781	Dumai	-0700	1.71	182	0.84	229	0.52	113	0.12	133	0.21	228	0.085	-	-
4782	Tanjung Medang	-0700	1.70	171	0.75	218	0.37	108	0.05	134	0.19	303	0.054	-	-
4783	Tanjung Ketam	-0700	2.10	161	1.20	228	0.60	053	0.10	107	0.20	-	-	-	-
4784	Tanjung Sinaboi	-0700	2.32	143	1.18	193	0.58	026	0.12	137	0.10	265	0.040	187	0.017
4785	Bagan Si Api Api	-0700	2.70	134	1.70	184	0.90	028	0.18	198	0.04	291	0.045	-	-
4789	Berombang	-0700	2.20	124	1.20	178	0.51	023	0.17	-	0.00	-	-	-	-
4790	Labuan Bilik	-0700	2.20	135	1.24	184	0.61	016	0.17	-	0.00	-	-	-	-
4792	Bagan	-0700	2.10	099	1.08	144	0.50	341	0.22	-	0.00	-	-	-	-
4794	Tanjungtiram	-0700	1.30	086	0.71	138	0.33	006	0.19	-	0.00	-	-	-	-
4795	Kualatanjung	-0700	1.60	079	0.80	127	0.35	001	0.17	207	0.03	-	-	-	-
4797	Belawan Channel	-0700	1.50	031	0.61	070	0.32	347	0.20	279	0.05	-	-	-	-
4799	Sembilan Channel	-0700	1.50	013	0.63	055	0.36	347	0.20	282	0.05	-	-	-	-
4801	Langsa Bay	-0700	1.50	338	0.56	022	0.33	342	0.14	296	0.06	-	-	-	-
4802	Idi	-0700	1.00	317	0.47	006	0.25	307	0.14	295	0.06	-	-	-	-
4804	Lhokseumawe	-0700	1.00	293	0.59	340	0.28	328	0.10	298	0.04	-	-	-	-
4805	Sigli	-0700	1.00	285	0.34	333	0.24	319	0.09	292	0.04	-	-	-	-
4806	Sabang	-0700	0.80	275	0.44	322	0.26	315	0.08	282	0.05	-	-	-	-
4808	Uleelheue	-0700	1.00	298	0.42	342	0.17	316	0.11	293	0.08	-	-	-	-
4809	Pulau Rusa	-0700	0.35	250	0.20	313	0.08	358	0.07	249	0.05	-	-	-	-
4810	Pulau Raya	-0700	0.20	215	0.04	208	0.05	319	0.08	183	0.02	-	-	-	-
4811	Chalang	-0700	0.30	223	0.14	265	0.10	282	0.08	324	0.05	-	-	-	-
4812	Meulaboh	-0700	0.30	203	0.09	239	0.09	322	0.06	254	0.04	-	-	-	-
4814	Tapaktuan	-0700	0.30	193	0.18	253	0.08	304	0.10	294	0.07	-	-	-	-
4816	Teluk Sinabang	-0700	0.40	173	0.13	245	0.08	289	0.09	261	0.05	-	-	-	-
4818	Singkilbaru	-0700	0.70	188	0.22	227	0.12	291	0.10	254	0.05	-	-	-	-
4819	Barus	-0700	0.70	173	0.25	213	0.16	288	0.12	245	0.06	-	-	-	-
4820	Sibolga	-0700	0.70	172	0.13	223	0.13	269	0.10	298	0.04	-	-	-	-
4822	Simanari	-0700	0.70	171	0.20	203	0.13	248	0.08	257	0.06	-	-	-	-
4823	Gunungsitoli	-0700	0.70	159	0.08	200	0.18	290	0.05	-	0.00	-	-	-	-
4824	Teluk Dalam	-0700	0.70	168	0.22	228	0.09	265	0.10	260	0.06	-	-	-	-
4825	Natal	-0700	0.70	178	0.28	220	0.13	281	0.11	253	0.07	-	-	-	-
4826	Air Bangis	-0700	0.70	165	0.27	227	0.15	274	0.15	244	0.05	-	-	-	-
4827	Pulau Telo	-0700	0.70	170	0.24	217	0.15	283	0.11	250	0.06	-	-	-	-
4829	Teluk Bayur (Emma Haven)	-0700	0.70	180	0.35	228	0.15	281	0.13	266	0.07	086	0.149	179	0.026
4831	Teluk Siberut	-0700	0.70	177	0.30	232	0.12	276	0.12	245	0.09	-	-	-	-
4832	Pulau Tonggo	-0700	0.70	178	0.31	221	0.14	260	0.13	247	0.08	-	-	-	-
4834	Bengkulu	-0700	0.70	198	0.32	242	0.14	283	0.11	259	0.10	-	-	-	-
4836	Teluk Enggano	-0700	0.70	180	0.30	252	0.11	262	0.15	256	0.09	-	-	-	-
4839	Kotaagung	-0700	0.80	208	0.32	246	0.15	285	0.15	275	0.10	-	-	-	-
4841	Telukbetung (Bandarlampung)	-0700	0.80	214	0.32	261	0.14	269	0.16	257	0.08	-	-	-	-
4842	Labuan Bangkai	-0700	0.70	210	0.29	292	0.16	271	0.12	229	0.04	-	-	-	-
4845	Sungai Tulangbawang	-0700	0.90	070	0.16	061	0.20	144	0.33	106	0.24	-	-	-	-
4848	Sungai Palembang (Outer Bar)	-0700	1.90	191	0.27	233	0.13	156	0.88	086	0.60	-	-	-	-
4849	Sungsang	-0700	1.90	211	0.31	235	0.13	163	0.89	099	0.58	-	-	-	-
4850	Peradjin	-0700	1.60	292	0.25	322	0.14	210	0.74	145	0.45	-	-	-	-
4851	Palembang	-0700	1.40	305	0.25	332	0.11	218	0.68	152	0.43	-	-	-	-
4854	Pulau Cebia	-0700	1.50	153	0.09	208	0.07	146	0.71	076	0.50	-	-	-	-
# ===== Buchseite 327 -- PULAU BANGKA; BELITUNG; PENINSULAR MALAYSIA EAST COAST =====
4855	Baai Klabat	-0700	1.50	213	0.11	261	0.07	152	0.74	109	0.53	-	-	-	-
4856	Teluk Bulu	-0700	1.70	175	0.19	224	0.11	155	0.81	080	0.63	-	-	-	-
4857	Tanjung Kelian	-0700	1.90	179	0.25	216	0.12	159	0.95	085	0.55	-	-	-	-
4858	Pulau-Pulau Nangka	-0700	1.80	183	0.40	195	0.08	158	0.95	086	0.54	-	-	-	-
4859	Pulau Besar	-0700	1.50	158	0.23	049	0.11	153	0.73	099	0.42	-	-	-	-
4860	Dapur	-0700	1.20	104	0.17	078	0.11	148	0.61	095	0.32	-	-	-	-
4862	Pangkalbalam	-0700	1.50	173	0.06	328	0.02	142	0.72	074	0.54	-	-	-	-
4864	Beting Akbar	-0700	1.30	129	0.05	079	0.06	159	0.53	107	0.48	-	-	-	-
4865	Celaka	-0700	1.30	082	0.07	047	0.05	142	0.67	079	0.38	-	-	-	-
4866	Simedang	-0700	1.00	055	0.08	037	0.07	144	0.53	090	0.28	-	-	-	-
4867	Seliu	-0700	1.00	029	0.09	021	0.06	142	0.51	092	0.34	-	-	-	-
4868	Ru	-0700	1.30	061	0.05	-	0.00	146	0.57	090	0.32	-	-	-	-
4869	Tanjungpandan	-0700	1.50	067	0.08	025	0.07	139	0.72	079	0.42	-	-	-	-
4870	Langkuas	-0700	1.30	225	0.02	011	0.03	139	0.64	076	0.38	-	-	-	-
4871	Tanjung Batubedil	-0700	0.80	-	0.00	328	0.03	140	0.57	092	0.37	-	-	-	-
4872	Teluk Pering	-0700	0.80	311	0.02	294	0.03	121	0.51	073	0.37	-	-	-	-
4873	Sungai Manggar	-0700	0.80	349	0.02	321	0.06	137	0.41	095	0.27	-	-	-	-
4874	Gantung	-0700	0.80	352	0.07	354	0.04	153	0.39	102	0.23	-	-	-	-
4875	Pulau Selandu (near)	-0700	0.80	351	0.08	-	0.00	136	0.40	087	0.24	-	-	-	-
4876	Tanjung Batunitam	-0700	0.80	346	0.09	076	0.01	137	0.38	068	0.23	-	-	-	-
4879	Tanjung Penawar	-0800	1.57	293	0.57	350	0.19	065	0.29	024	0.30	-	-	-	-
4881	Sedili Kechil	-0800	1.48	287	0.56	346	0.17	056	0.39	014	0.26	-	-	-	-
4886	Pulau Babi Besar	-0800	1.55	276	0.54	333	0.21	031	0.48	349	0.30	-	-	-	-
4887	Mersing	-0800	1.50	283	0.62	336	0.15	029	0.39	347	0.30	-	-	-	-
4889	Teluk Tekek	-0800	1.58	272	0.57	323	0.18	025	0.46	343	0.35	-	-	-	-
4892	Kuala Rompin	-0800	1.52	280	0.53	327	0.15	026	0.45	335	0.30	-	-	-	-
4894	Pulau Varella	-0800	1.74	268	0.63	323	0.20	020	0.48	340	0.34	-	-	-	-
4895	Pahang	-0800	1.52	264	0.60	323	0.19	020	0.51	334	0.37	-	-	-	-
4896	Kuantan	-0800	1.58	270	0.56	322	0.17	018	0.51	334	0.35	-	-	-	-
4896a	Tanjung Gelang	-0800	1.87	260	0.51	309	0.17	015	0.53	331	0.36	-	-	-	-
4897	Sungai Kemaman	-0800	1.00	266	0.47	322	0.16	015	0.56	330	0.36	-	-	-	-
4897a	Tanjung Berhala	-0800	1.59	252	0.45	300	0.15	012	0.53	327	0.35	-	-	-	-
4898	Kertih Terminal	-0800	1.69	255	0.37	295	0.13	009	0.51	322	0.34	-	-	-	-
4898a	Paka	-0800	1.40	254	0.32	306	0.12	010	0.44	323	0.30	-	-	-	-
4899	Kuala Dungun	-0800	1.26	250	0.38	301	0.13	358	0.57	320	0.37	-	-	-	-
4901	Chendering	-0800	1.46	238	0.29	283	0.12	005	0.49	318	0.31	-	-	-	-
4902	Terengganu	-0800	1.03	243	0.27	289	0.11	002	0.50	315	0.29	-	-	-	-
4904	Setiu	-0800	1.21	236	0.24	291	0.11	359	0.39	308	0.25	-	-	-	-
4907	Sungai Besut	-0800	1.32	240	0.23	290	0.11	000	0.41	309	0.23	-	-	-	-
4910	Tumpat	-0800	1.09	264	0.18	295	0.08	352	0.29	316	0.17	-	-	-	-
# ===== Buchseite 328 -- CENTRAL CHINA SEA REEFS; PHILIPPINE ISLANDS =====
4917	North Danger Reef	-0800	1.10	298	0.20	347	0.10	305	0.20	257	0.30	-	-	-	-
4918	Scarborough Shoal	-0800	0.90	305	0.20	340	0.10	330	0.30	280	0.30	-	-	-	-
4920	Balabac	-0800	0.61	314	0.26	351	0.13	323	0.32	273	0.30	-	-	-	-
4922	Eran Bay	-0800	0.60	310	0.20	350	0.10	320	0.30	270	0.30	-	-	-	-
4923	Ulugan Bay	-0800	0.58	304	0.20	345	0.08	317	0.33	267	0.28	-	-	-	-
4924	Pankol	-0800	0.61	309	0.23	342	0.07	324	0.33	279	0.29	-	-	-	-
4926	Puerto Princesa	-0800	0.61	301	0.29	343	0.16	321	0.34	275	0.30	-	-	-	-
4927	Island Bay	-0800	0.60	305	0.30	345	0.20	322	0.30	274	0.30	-	-	-	-
4929	Linapakan Island	-0800	0.60	303	0.20	340	0.10	318	0.30	268	0.30	-	-	-	-
4930	Halsey Harbour	-0800	0.52	303	0.24	004	0.10	318	0.30	268	0.30	-	-	-	-
4931	Coron	-0800	0.70	303	0.20	343	0.10	317	0.30	268	0.30	-	-	-	-
4934	Apo Island	-0800	0.50	298	0.20	338	0.10	316	0.30	268	0.30	-	-	-	-
4935	Mangarin	-0800	0.55	301	0.25	340	0.11	320	0.31	271	0.26	-	-	-	-
4937	Paluan	-0800	0.50	294	0.20	336	0.10	314	0.30	267	0.30	-	-	-	-
4938	Calapan	-0800	0.67	312	0.34	005	0.16	319	0.32	271	0.28	-	-	-	-
4939	Mansalai	-0800	0.80	312	0.40	000	0.20	322	0.30	276	0.30	-	-	-	-
4940	Port Balanakan	-0800	0.70	314	0.40	006	0.20	324	0.30	279	0.30	-	-	-	-
4941	Maestre de Campo Island	-0800	0.80	313	0.40	003	0.20	322	0.30	276	0.30	-	-	-	-
4942	Port Looc	-0800	0.79	315	0.38	003	0.18	322	0.32	276	0.30	-	-	-	-
4943	Romblon Island	-0800	0.80	316	0.50	007	0.20	324	0.30	278	0.30	-	-	-	-
4945	Tibiao	-0800	0.80	304	0.40	354	0.20	321	0.30	277	0.30	-	-	-	-
4946	Aniniy	-0800	0.70	305	0.40	355	0.20	322	0.30	278	0.30	-	-	-	-
4947	Iloilo	-0800	0.76	320	0.41	013	0.19	324	0.35	283	0.31	-	-	-	-
4948	Banate	-0800	1.10	328	0.50	021	0.20	327	0.30	280	0.30	-	-	-	-
4949	Estancia	-0800	1.00	326	0.60	019	0.30	331	0.30	281	0.30	-	-	-	-
4950	Capiz Landing	-0800	0.79	321	0.48	013	0.23	331	0.32	277	0.32	-	-	-	-
4952	Cadiz	-0800	1.00	330	0.60	024	0.30	329	0.30	281	0.30	-	-	-	-
4953	Bakalod	-0800	0.90	325	0.50	018	0.20	326	0.30	282	0.30	-	-	-	-
4954	Himamaylan	-0800	0.80	313	0.40	006	0.20	324	0.30	282	0.30	-	-	-	-
4955	Campomanes Bay	-0800	0.70	307	0.40	357	0.20	322	0.30	278	0.30	-	-	-	-
4956	Bonbonon	-0800	0.70	305	0.40	355	0.20	324	0.30	279	0.30	-	-	-	-
4957	Bais	-0800	0.76	320	0.48	015	0.27	329	0.35	279	0.30	-	-	-	-
4958	San Carlos	-0800	0.90	324	0.50	019	0.30	332	0.40	282	0.30	-	-	-	-
4959	Bantayan Island	-0800	0.90	327	0.50	022	0.30	330	0.30	281	0.30	-	-	-	-
4960	Balamban Bay	-0800	0.90	324	0.50	018	0.30	332	0.40	282	0.30	-	-	-	-
4961	Moalbual	-0800	0.80	322	0.50	017	0.30	331	0.40	281	0.30	-	-	-	-
4962	Bolhoon	-0800	0.70	310	0.40	002	0.20	325	0.30	281	0.30	-	-	-	-
4963	Cebu	-0800	0.70	316	0.42	010	0.23	326	0.31	281	0.28	-	-	-	-
4964	Bogo Bay	-0800	0.80	326	0.50	021	0.20	329	0.30	282	0.30	-	-	-	-
4966	Garcia Hernandez	-0800	0.60	308	0.30	358	0.20	330	0.30	285	0.30	-	-	-	-
4967	Cogton	-0800	0.55	309	0.28	356	0.16	330	0.27	285	0.26	-	-	-	-
4968	Port Kanoan	-0800	0.60	307	0.40	026	0.20	331	0.30	285	0.30	-	-	-	-
4969	Cataingan	-0800	0.70	321	0.40	026	0.20	331	0.30	285	0.30	-	-	-	-
4970	Nin Bay	-0800	0.80	318	0.50	011	0.20	329	0.30	279	0.30	-	-	-	-
4971	Port Barrera	-0800	0.80	321	0.40	020	0.20	328	0.30	282	0.30	-	-	-	-
4972	San Pascual	-0800	0.90	318	0.50	015	0.20	325	0.30	279	0.30	-	-	-	-
4973	Batuan Bay	-0800	0.58	324	0.30	024	0.18	328	0.26	280	0.25	-	-	-	-
4974	Butag Bay	-0800	0.60	321	0.30	021	0.20	328	0.30	280	0.20	-	-	-	-
4975	Bagatao Island	-0800	0.80	321	0.40	020	0.20	331	0.30	284	0.30	-	-	-	-
4976	Sorsogon	-0800	0.60	333	0.40	032	0.20	331	0.30	284	0.30	-	-	-	-
4978	Pasacao	-0800	0.80	320	0.50	015	0.20	324	0.40	279	0.30	-	-	-	-
4979	Guinayangan	-0800	0.90	327	0.50	022	0.20	323	0.40	278	0.30	-	-	-	-
4980	Port Pusgo	-0800	0.82	320	0.47	015	0.24	323	0.36	278	0.30	-	-	-	-
4981	Aguasa Bay	-0800	0.80	317	0.50	010	0.20	325	0.30	280	0.30	-	-	-	-
4983	Lucena	-0800	0.70	319	0.36	013	0.18	324	0.32	280	0.29	-	-	-	-
4984	Anilao	-0800	0.55	301	0.24	346	0.10	313	0.29	269	0.26	-	-	-	-
4985	Port Tilig	-0800	0.50	290	0.20	333	0.10	310	0.30	266	0.30	-	-	-	-
4986	Corregidor Island	-0800	0.49	312	0.17	354	0.05	321	0.32	279	0.26	-	-	-	-
4987	Manila	-0800	0.48	295	0.19	333	0.06	320	0.30	268	0.28	-	-	-	-
4988	Olongapo	-0800	0.43	284	0.17	324	0.06	316	0.27	267	0.25	-	-	-	-
4991	Santa Cruz	-0800	0.34	263	0.12	324	0.02	313	0.26	259	0.22	-	-	-	-
4993	Bolinao	-0800	0.27	270	0.10	306	0.04	313	0.26	267	0.21	-	-	-	-
4994	Sual	-0800	0.34	268	0.09	311	0.03	325	0.27	265	0.22	-	-	-	-
# ===== Buchseite 329 -- PHILIPPINE ISLANDS =====
4996	San Fernando	-0800	0.37	264	0.08	283	0.02	312	0.24	267	0.20	-	-	-	-
4999	Port Salomague	-0800	0.30	228	0.08	241	0.03	317	0.19	264	0.19	-	-	-	-
5001	Nagabungan	-0800	0.30	192	0.07	215	0.06	313	0.16	269	0.17	-	-	-	-
5002	Claveria Bay	-0800	0.24	196	0.19	217	0.07	291	0.12	248	0.13	-	-	-	-
5004	Aparri	-0800	0.52	171	0.40	203	0.20	255	0.10	225	0.10	-	-	-	-
5005	Port S. Vicente	-0800	0.58	152	0.39	190	0.20	210	0.11	191	0.10	-	-	-	-
5009	Babuyan Island	-0800	0.55	160	0.40	190	0.20	232	0.10	197	0.10	-	-	-	-
5012	Musa Bay	-0800	0.30	177	0.24	205	0.10	276	0.11	234	0.13	-	-	-	-
5013	Port San Pio Quinto	-0800	0.50	169	0.40	199	0.20	236	0.10	201	0.10	-	-	-	-
5014	Patunungan Bay	-0800	0.61	154	0.44	189	0.18	211	0.11	199	0.10	-	-	-	-
5016	Port Bikobian	-0800	0.64	166	0.47	199	0.22	200	0.13	190	0.10	-	-	-	-
5018	Diapitan Bay	-0800	0.64	165	0.48	196	0.23	209	0.12	186	0.12	-	-	-	-
5019	Busok Busok	-0800	0.70	159	0.54	191	0.21	199	0.14	183	0.11	-	-	-	-
5020	Baler Bay	-0800	0.70	160	0.50	194	0.20	203	0.20	178	0.10	-	-	-	-
5021	Umiray River Entrance	-0800	0.67	159	0.54	194	0.21	205	0.16	178	0.10	-	-	-	-
5022	Hook Bay	-0800	0.73	159	0.55	195	0.21	205	0.16	180	0.11	-	-	-	-
5023	Burdeos Bay	-0800	0.73	161	0.53	190	0.25	204	0.16	184	0.12	-	-	-	-
5025	Port Lampon	-0800	0.79	166	0.59	198	0.25	210	0.16	184	0.13	-	-	-	-
5026	Antimonan	-0800	0.80	166	0.60	196	0.30	215	0.20	191	0.10	-	-	-	-
5027	Port Jose Panganiban	-0800	0.80	166	0.60	196	0.20	208	0.20	186	0.10	-	-	-	-
5028	Kabgan Island	-0800	0.90	167	0.70	197	0.30	210	0.20	190	0.10	-	-	-	-
5029	Sisiran Bay	-0800	0.76	166	0.57	195	0.25	201	0.15	186	0.11	-	-	-	-
5030	Port Anajao	-0800	0.70	165	0.50	195	0.20	190	0.20	170	0.10	-	-	-	-
5031	Tabako	-0800	0.73	159	0.55	195	0.24	201	0.17	182	0.13	-	-	-	-
5032	Legaspi	-0800	0.74	158	0.52	194	0.22	200	0.16	182	0.11	129	0.011	074	0.009
5034	Biri Island	-0800	0.34	149	0.27	168	0.10	276	0.06	246	0.10	-	-	-	-
5035	Santa Rita Island	-0800	0.61	330	0.36	040	0.23	327	0.24	283	0.24	-	-	-	-
5036	Catbalogan	-0800	0.76	323	0.46	026	0.27	330	0.28	278	0.27	-	-	-	-
5037	Calbayog	-0800	0.55	326	0.34	033	0.22	333	0.24	289	0.22	-	-	-	-
5039	Laoang Island	-0800	0.76	166	0.50	196	0.20	200	0.20	165	0.20	-	-	-	-
5040	Hilaban Island	-0800	0.70	165	0.50	195	0.20	205	0.20	165	0.20	-	-	-	-
5041	Guiuan	-0800	0.37	167	0.26	197	0.06	286	0.12	245	0.14	-	-	-	-
5042	Santa Elena River	-0800	0.40	294	0.15	020	0.10	311	0.22	257	0.20	-	-	-	-
5043	Tacloban	-0800	0.27	203	0.16	259	0.04	296	0.15	263	0.18	-	-	-	-
5045	Hinunangan Bay	-0800	0.30	225	0.13	299	0.05	295	0.19	258	0.20	-	-	-	-
5046	Liloan	-0800	0.58	300	0.30	350	0.20	320	0.30	275	0.30	-	-	-	-
5048	Maasin	-0800	0.70	309	0.30	000	0.20	328	0.30	283	0.30	-	-	-	-
5049	Baybay	-0800	0.90	317	0.40	010	0.20	326	0.30	280	0.30	-	-	-	-
5050	Palompon	-0800	0.90	324	0.50	018	0.20	328	0.30	281	0.30	-	-	-	-
5052	Puerto Princesa (Leyte)	-0800	0.50	278	0.20	338	0.10	300	0.20	260	0.30	-	-	-	-
5053	Port Pilar	-0800	0.60	168	0.50	203	0.20	205	0.20	170	0.20	-	-	-	-
5054	Surigao	-0800	0.52	312	0.21	005	0.12	318	0.26	273	0.27	-	-	-	-
5055	Dahikan Bay	-0800	0.79	166	0.56	205	0.23	204	0.17	185	0.14	-	-	-	-
5056	Tandag	-0800	0.70	162	0.60	200	0.20	200	0.20	182	0.20	-	-	-	-
5057	Hinatuan	-0800	0.80	161	0.60	198	0.20	188	0.20	171	0.10	-	-	-	-
5059	Caraga	-0800	0.79	159	0.60	194	0.20	185	0.20	169	0.10	-	-	-	-
# ===== Buchseite 330 -- PHILIPPINE ISLANDS; SULU ARCHIPELAGO; SABAH; SARAWAK =====
5060	Mati	-0800	0.76	158	0.55	192	0.24	207	0.16	182	0.13	-	-	-	-
5061	Sigaboi	-0800	0.80	159	0.50	201	0.30	245	0.20	205	0.10	-	-	-	-
5062	Davao	-0800	0.76	157	0.59	198	0.30	235	0.15	210	0.11	110	0.006	027	0.005
5063	Balut Island	-0800	0.73	160	0.57	202	0.30	250	0.18	218	0.12	-	-	-	-
5064	Port Lebak	-0800	0.90	161	0.60	203	0.40	253	0.20	225	0.10	-	-	-	-
5065	Pollok Harbour	-0800	0.90	164	0.60	203	0.40	255	0.10	230	0.10	-	-	-	-
5066	Margosatubig	-0800	0.76	163	0.62	207	0.37	258	0.14	238	0.12	-	-	-	-
5067	Tikauan Point	-0800	0.90	167	0.70	211	0.40	285	0.20	255	0.20	-	-	-	-
5068	Zamboanga	-0800	0.43	175	0.30	218	0.20	303	0.20	268	0.20	-	-	-	-
5069	Sibuco Bay	-0800	0.60	295	0.30	335	0.20	315	0.30	272	0.30	-	-	-	-
5070	Port S. Maria	-0800	0.55	298	0.29	342	0.15	324	0.32	280	0.30	-	-	-	-
5071	Dapitan	-0800	0.58	299	0.30	349	0.20	324	0.30	279	0.30	-	-	-	-
5072	Plaridel	-0800	0.60	305	0.30	358	0.20	325	0.30	280	0.30	-	-	-	-
5073	Ozamiz	-0800	0.58	316	0.40	009	0.20	326	0.40	281	0.30	-	-	-	-
5074	Iligan	-0800	0.60	312	0.30	005	0.20	327	0.30	282	0.30	-	-	-	-
5075	Macabalan	-0800	0.55	311	0.30	003	0.20	328	0.30	283	0.30	-	-	-	-
5076	Mambahao	-0800	0.55	310	0.30	000	0.20	331	0.30	286	0.30	-	-	-	-
5077	Nasipit Harbour	-0800	0.60	311	0.30	004	0.20	325	0.30	280	0.30	-	-	-	-
5079	Balas	-0800	0.70	167	0.50	210	0.30	290	0.20	255	0.20	-	-	-	-
5080	Port Holland	-0800	0.40	187	0.25	230	0.15	308	0.19	270	0.19	-	-	-	-
5081	Dassalan Island	-0800	0.40	243	0.20	280	0.12	307	0.27	265	0.22	-	-	-	-
5082	Bulan Island	-0800	0.67	160	0.53	210	0.30	266	0.16	237	0.13	-	-	-	-
5083	Jolo	-0800	0.34	232	0.17	273	0.10	315	0.25	275	0.24	-	-	-	-
5084	Maimbung	-0800	0.52	168	0.40	219	0.23	294	0.18	254	0.17	-	-	-	-
5085	Pearl Bank	-0800	0.52	290	0.19	328	0.11	312	0.29	270	0.28	-	-	-	-
5086	Lahatlahat Island	-0800	0.30	228	0.13	266	0.09	303	0.23	266	0.22	-	-	-	-
5087	Tapul Island	-0800	0.37	176	0.20	228	0.13	310	0.25	266	0.23	-	-	-	-
5089	South Ubian Island	-0800	0.46	150	0.32	195	0.18	290	0.18	256	0.16	-	-	-	-
5090	Gallo Malo Channel	-0800	0.85	165	0.67	212	0.38	263	0.17	228	0.15	-	-	-	-
5091	Tandungan Channel	-0800	0.61	171	0.40	217	0.24	292	0.21	254	0.17	-	-	-	-
5092	Basbas Channel	-0800	0.27	210	0.14	249	0.10	300	0.24	266	0.21	-	-	-	-
5093	Port Bongao	-0800	0.55	147	0.43	195	0.27	263	0.18	240	0.16	-	-	-	-
5095	Tumindao Island	-0800	0.49	162	0.42	211	0.26	282	0.15	260	0.16	-	-	-	-
5097	Wallace Bay	-0800	1.91	175	1.00	225	0.66	266	0.19	234	0.15	134	0.103	-	-
5099	Tawau	-0800	1.51	161	0.76	217	0.43	260	0.19	207	0.22	136	0.086	-	-
5101	Pakalangan	-0800	1.19	163	0.61	204	0.35	264	0.15	228	0.13	-	-	-	-
5103	Semporna	-0800	0.98	158	0.53	202	0.26	279	0.13	245	0.09	-	-	-	-
5105	Kunak	-0800	0.99	152	0.51	211	0.33	304	0.12	259	0.17	-	-	-	-
5107	Lahad Datu	-0800	0.98	154	0.53	202	0.22	292	0.15	262	0.12	-	-	-	-
5108	Bakapit	-0800	1.01	159	0.50	207	0.43	290	0.14	264	0.15	-	-	-	-
5115	Sandakan	-0800	1.11	316	0.42	357	0.23	323	0.35	281	0.32	-	-	-	-
5117	Labuk Bay	-0800	1.47	317	0.45	002	0.24	328	0.35	278	0.35	-	-	-	-
5118	Pulau Lankayan	-0800	1.23	310	0.33	347	0.18	322	0.33	278	0.30	-	-	-	-
5121	Pulau Tigabu	-0800	1.19	312	0.33	353	0.18	320	0.36	280	0.31	-	-	-	-
5122	Pulau Banggi	-0800	1.15	314	0.29	351	0.13	319	0.34	274	0.31	-	-	-	-
5125	Kudat	-0800	1.22	317	0.29	359	0.15	313	0.44	264	0.25	-	-	-	-
5127	Pulau Mantanani Besar	-0800	1.07	320	0.22	347	0.11	316	0.35	265	0.32	-	-	-	-
5130	Pulau Mangalum	-0800	1.07	320	0.23	358	0.10	312	0.34	275	0.31	-	-	-	-
5132	Kota Kinabalu	-0800	1.13	319	0.24	353	0.10	315	0.37	267	0.31	-	-	-	-
5133	Kuala Papar	-0800	1.07	308	0.21	352	0.10	312	0.35	261	0.30	-	-	-	-
5134	Tiga	-0800	1.10	317	0.26	000	0.11	315	0.36	254	0.31	-	-	-	-
5136	Pulau Keraman	-0800	1.41	325	0.28	001	0.13	317	0.37	266	0.33	-	-	-	-
5137	Labuan (Victoria Harbour)	-0800	1.49	324	0.28	357	0.13	315	0.39	265	0.34	-	-	-	-
5138	Weston	-0800	1.56	345	0.34	033	0.15	331	0.40	275	0.35	-	-	-	-
5139	Sipitang	-0800	1.38	326	0.28	005	0.13	318	0.39	263	0.35	-	-	-	-
5139a	Kuala Lawas	-0800	1.50	331	0.30	021	0.14	319	0.39	270	0.34	-	-	-	-
5140	Punang	-0800	1.37	324	0.32	012	0.14	316	0.41	259	0.36	169	0.314	-	-
5141	Kuala Limbang	-0800	1.67	352	0.38	047	0.15	330	0.38	280	0.33	-	-	-	-
5141a	Bandar Limbang	-0800	1.49	010	0.34	056	0.15	342	0.36	284	0.30	-	-	-	-
# ===== Buchseite 331 -- BRUNEI; SARAWAK =====
5141b	Dato Gandi	-0800	1.57	351	0.41	037	0.18	325	0.42	274	0.33	-	-	-	-
5142	Tanjong Sapo	-0800	1.39	334	0.32	016	0.14	319	0.41	266	0.34	-	-	-	-
5143	Muara	-0800	1.33	330	0.31	013	0.14	319	0.43	263	0.35	-	-	-	-
5144	Lumut	-0800	1.21	332	0.21	010	0.09	318	0.36	268	0.31	-	-	-	-
5145	Seria	-0800	1.21	323	0.21	001	0.08	313	0.35	265	0.31	-	-	-	-
5145a	Kuala Belait	-0800	1.20	329	0.20	006	0.09	315	0.34	265	0.31	-	-	-	-
5146	Kuala Baram	-0800	0.90	335	0.17	010	0.08	319	0.35	269	0.30	-	-	-	-
5147	Miri	-0800	1.17	348	0.15	019	0.07	325	0.35	276	0.31	-	-	-	-
5148	Kuala Niah	-0800	1.18	347	0.17	022	0.09	319	0.37	266	0.34	-	-	-	-
5149	Kuala Similajau	-0800	1.16	036	0.13	036	0.07	323	0.39	270	0.35	-	-	-	-
5149a	Teluk Plan (Pelabuhan Bintulu)	-0800	1.42	051	0.17	054	0.06	319	0.42	269	0.35	322	0.496	100	1.034
5150	Kuala Bintulu	-0800	1.36	058	0.16	050	0.05	326	0.47	277	0.32	-	-	-	-
5151	Kuala Tatau	-0800	1.28	056	0.17	041	0.04	322	0.40	270	0.34	-	-	-	-
5152	Kuala Balingian	-0800	1.38	075	0.19	090	0.04	324	0.39	278	0.32	-	-	-	-
5153	Kuala Mukah	-0800	1.61	096	0.34	128	0.07	328	0.42	277	0.34	-	-	-	-
5153a	Kenyana	-0800	1.47	161	0.25	212	0.06	359	0.36	295	0.26	-	-	-	-
5153b	Kuala Oya	-0800	1.59	102	0.37	136	0.10	337	0.41	277	0.38	-	-	-	-
5154	Igan	-0800	1.60	108	0.49	147	0.12	335	0.42	274	0.32	-	-	-	-
5154a	Kut	-0800	1.69	147	0.50	181	0.10	349	0.42	283	0.33	-	-	-	-
5154b	Rantau Panjang	-0800	2.93	205	0.59	248	0.07	019	0.34	298	0.24	297	0.136	-	-
5155	Kuala Matu	-0800	2.09	118	0.63	172	0.16	334	0.46	280	0.32	-	-	-	-
5155a	Daro	-0800	2.40	145	1.00	211	0.22	345	0.44	291	0.35	-	-	-	-
5155c	Singat	-0800	2.68	161	1.25	267	0.16	356	0.51	296	0.23	-	-	-	-
5156	Kuala Paloh	-0800	2.65	114	1.09	176	0.30	337	0.45	288	0.35	-	-	-	-
5157	Rajang	-0800	3.11	121	1.42	175	0.44	345	0.47	286	0.38	-	-	-	-
5157a	Tanjung Mani	-0800	3.36	129	1.53	185	0.48	342	0.49	284	0.38	-	-	-	-
5158	Sarikei	-0800	2.93	142	1.48	200	0.45	349	0.54	293	0.38	-	-	-	-
5158a	Leba An	-0800	2.82	177	1.08	250	0.29	001	0.44	304	0.31	-	-	-	-
5159	Sibu	-0800	2.41	212	0.68	276	0.15	019	0.32	316	0.23	-	-	-	-
5159a	Kanowit	-0800	0.93	276	0.35	338	0.08	049	0.19	333	0.14	-	-	-	-
5160	Kabong	-0800	3.33	124	1.25	184	0.43	340	0.61	262	0.36	-	-	-	-
5162	Pusa	-0800	4.07	140	1.94	205	0.52	352	0.59	296	0.37	-	-	-	-
5164	Triso Darat	-0800	3.50	143	1.70	213	0.52	351	0.41	313	0.33	308	0.044	-	-
5164a	Simanggang	-0800	2.22	196	1.09	254	0.36	005	0.24	307	0.10	322	0.305	267	0.078
5170	Pending	-0800	3.42	127	1.61	181	0.50	343	0.51	289	0.36	-	-	-	-
5171a	Batu Kitang	-0800	1.75	196	0.87	259	0.23	017	0.20	297	0.18	-	-	-	-
5172	Pulau Lakei	-0800	3.10	113	1.35	164	0.42	336	0.48	287	0.37	-	-	-	-
5173	Santubong	-0800	2.90	116	1.30	172	0.39	338	0.44	292	0.35	-	-	-	-
5174	Pulau Satang Besar	-0800	2.58	112	1.21	172	0.37	342	0.45	291	0.34	-	-	-	-
5174a	Kuala Lundu	-0800	2.43	123	1.09	181	0.33	344	0.37	302	0.32	-	-	-	-
5174b	Pasar Lundu	-0800	2.66	144	1.05	200	0.33	359	0.41	303	0.29	-	-	-	-
5175	Sematan	-0800	2.66	115	1.14	166	0.31	342	0.47	287	0.31	-	-	-	-
5176	Tanjung Serabang	-0800	2.53	110	1.08	158	0.35	338	0.41	287	0.33	-	-	-	-
# ===== Buchseite 332 -- TUDJUH KEPULAUAN; KALIMANTAN =====
5177	Selat Peninting	-0700	1.00	238	0.19	283	0.06	358	0.39	314	0.29	-	-	-	-
5177a	Impul Passage	-0700	1.00	208	0.20	252	0.10	003	0.40	320	0.30	-	-	-	-
5178	Pulau Laut	-0700	0.70	056	0.09	056	0.04	333	0.36	269	0.18	-	-	-	-
5179	Sedanau	-0700	1.00	088	0.20	128	0.07	340	0.38	311	0.28	-	-	-	-
5180	Subi Kecil	-0700	1.40	080	0.50	124	0.14	335	0.35	289	0.24	-	-	-	-
5181	Pelabuhan Serasan	-0700	1.40	077	0.65	136	0.28	317	0.09	301	0.15	-	-	-	-
5182	Malu	-0700	0.80	080	0.45	103	0.15	326	0.08	317	0.10	-	-	-	-
5185	Teluk Tambelan	-0700	0.60	102	0.09	150	0.04	093	0.20	024	0.23	-	-	-	-
5187	Tebon	-0700	0.70	176	0.05	128	0.03	114	0.28	031	0.27	-	-	-	-
5189	Tanjung Datu	-0700	1.90	088	0.90	111	0.17	320	0.35	242	0.15	-	-	-	-
5190	Sungai Paloh	-0700	1.30	077	0.60	126	0.25	341	0.27	282	0.14	-	-	-	-
5191	Pemangkat	-0700	0.60	096	0.26	169	0.05	050	0.14	356	0.16	-	-	-	-
5193	Pulau Temaju	-0700	0.80	106	0.17	156	0.09	119	0.31	041	0.27	-	-	-	-
5194	Pontianak Outer Bar (Kleine Kapoeas)	-0700	0.90	127	0.16	150	0.09	124	0.39	056	0.32	-	-	-	-
5195	Pontianak	-0700	0.80	161	0.12	172	0.06	138	0.32	056	0.24	-	-	-	-
5196	Tanjung Saleh	-0700	0.80	126	0.09	143	0.10	146	0.24	065	0.16	-	-	-	-
5200	Sukadana	-0700	1.19	312	0.16	323	0.13	141	0.66	084	0.42	-	-	-	-
5201	Sungai Pawan (Tanjung Bawang)	-0700	1.10	309	0.18	332	0.13	142	0.50	087	0.38	-	-	-	-
5204	Tanjung Kuala Jelai	-0700	0.50	201	0.12	143	0.03	326	0.16	222	0.10	-	-	-	-
5205	Kuala Sapu	-0700	1.00	178	0.22	116	0.06	325	0.36	229	0.16	-	-	-	-
5207	Sungai Aru Tobal	-0700	0.70	185	0.21	113	0.06	328	0.33	249	0.21	-	-	-	-
5208	Kuala Pembuang	-0700	1.30	157	0.24	038	0.06	310	0.41	261	0.21	-	-	-	-
5209	Sampit Baai	-0700	1.40	149	0.49	053	0.11	336	0.60	264	0.31	-	-	-	-
5210	Pegatan	-0700	1.30	147	0.42	066	0.12	313	0.62	266	0.34	-	-	-	-
5211	Tanjung Damaran	-0800	1.50	161	0.42	089	0.06	340	0.67	282	0.37	-	-	-	-
5212	Pangkoh	-0800	1.50	205	0.39	172	0.06	015	0.47	296	0.36	-	-	-	-
5214	Sungai Barito (Outer Bar)	-0800	1.60	152	0.34	081	0.05	340	0.64	281	0.33	-	-	-	-
5215	Banjermasin	-0800	1.30	189	0.31	136	0.05	000	0.59	297	0.32	-	-	-	-
5216	Sungai Tabanio	-0800	1.30	161	0.23	026	0.05	342	0.55	284	0.26	-	-	-	-
5219	Kampungbaru	-0800	1.40	159	0.37	224	0.49	344	0.41	308	0.14	-	-	-	-
5221	Teluk Klumpeng	-0800	1.40	135	0.49	223	0.54	309	0.33	258	0.20	-	-	-	-
5222	Tanjung Pamukan	-0800	1.40	150	0.63	209	0.43	264	0.23	191	0.15	-	-	-	-
5224	Gosong Aru	-0800	2.00	146	0.56	206	0.56	295	0.23	248	0.20	-	-	-	-
5225	Sungai Pasir Outer Bar	-0800	1.40	154	0.64	215	0.51	289	0.28	257	0.18	171	0.044	-	-
5226	Tanahgrogot	-0800	1.40	195	0.67	253	0.50	317	0.34	277	0.17	-	-	-	-
5228	Balikpapan	-0800	1.40	148	0.59	217	0.59	280	0.13	246	0.13	-	-	-	-
5230	Muara Pegah (Outer Bar)	-0800	1.30	147	0.51	208	0.40	279	0.21	255	0.15	-	-	-	-
5232	Muara Bayor (Outer Bar)	-0800	1.40	150	0.46	201	0.33	271	0.19	240	0.14	-	-	-	-
5233	Muara Bayor	-0800	1.40	169	0.59	224	0.43	287	0.24	249	0.15	-	-	-	-
5234	Tanjung Dewa	-0800	1.30	195	0.49	262	0.32	322	0.17	279	0.14	-	-	-	-
5235	Samarinda	-0800	1.30	207	0.42	267	0.26	303	0.18	265	0.22	-	-	-	-
5236	Tanjung Marangkayu	-0800	1.30	152	0.58	218	0.22	271	0.22	245	0.15	-	-	-	-
5237	Berasbasah	-0800	1.30	152	0.64	201	0.42	283	0.19	255	0.14	-	-	-	-
5237a	Lhotuan Approaches	-0800	1.27	156	0.53	209	0.41	280	0.20	252	0.14	-	-	-	-
5238	Teluk Lombok	-0800	1.20	153	0.58	202	0.38	278	0.19	250	0.14	-	-	-	-
5239	Miang Besar	-0800	1.30	149	0.52	206	0.34	291	0.19	257	0.19	-	-	-	-
5240	Benoa Baru	-0800	1.20	160	0.69	218	0.56	276	0.22	246	0.15	-	-	-	-
5244	Tanjung Birai	-0800	1.60	164	0.86	225	0.47	268	0.18	236	0.15	-	-	-	-
5245	Muara Kassei	-0800	1.80	166	0.83	220	0.53	288	0.20	235	0.18	-	-	-	-
5246	Kampung Sokkan	-0800	1.70	192	0.92	250	0.54	282	0.20	249	0.16	291	0.071	-	-
5247	Tanjung Redeb	-0800	1.30	221	0.71	283	0.39	304	0.13	277	0.16	258	0.139	-	-
5249	Tanjung Selor	-0800	0.60	232	0.32	311	0.19	342	0.10	278	0.11	-	-	-	-
5250	Muara Biwan	-0800	1.80	169	0.79	216	0.51	273	0.19	244	0.14	-	-	-	-
5251	Lingkas	-0800	1.70	145	0.87	195	0.52	258	0.20	226	0.15	-	-	-	-
5252	Bunyu	-0800	1.50	195	0.67	220	0.32	281	0.17	251	0.05	-	-	-	-
5254	Karatoeng	-0800	1.00	167	0.53	195	0.26	220	0.17	195	0.13	-	-	-	-
5255	Lirung	-0800	1.00	148	0.44	194	0.31	220	0.16	188	0.10	-	-	-	-
5257	Tahoena	-0800	1.20	148	0.51	198	0.34	260	0.17	214	0.14	-	-	-	-
5258	Menalu	-0800	1.30	150	0.54	200	0.37	248	0.22	227	0.12	-	-	-	-
# ===== Buchseite 333 -- SULAWESI; THE MOLUCCA ISLANDS =====
5260	Menado	-0800	1.20	158	0.56	202	0.35	262	0.16	221	0.16	-	-	-	-
5262	Kwandang Bay	-0800	1.20	155	0.50	200	0.30	273	0.20	220	0.20	-	-	-	-
5264	Teluk Tolitoli	-0800	1.20	151	0.42	197	0.35	285	0.14	218	0.14	-	-	-	-
5267	Donggala	-0800	1.20	151	0.47	209	0.40	278	0.22	231	0.11	-	-	-	-
5268	Tobintah	-0800	0.90	148	0.30	200	0.30	300	0.20	240	0.10	-	-	-	-
5270	Majene	-0800	0.80	144	0.12	192	0.24	312	0.24	250	0.15	-	-	-	-
5271	Teluk Parepare	-0800	0.80	125	0.12	207	0.16	293	0.31	253	0.15	-	-	-	-
5272	Tanjung Lasonrae	-0800	0.80	128	0.13	220	0.22	297	0.25	267	0.20	-	-	-	-
5272a	Pulau Karangrang	-0800	0.90	108	0.13	216	0.17	295	0.32	265	0.20	-	-	-	-
5273	Ujungpandang (Makassar)	-0800	0.90	063	0.08	195	0.11	301	0.28	270	0.17	-	-	-	-
5274	Pulau Sabaru	-0800	0.70	154	0.08	236	0.09	295	0.30	280	0.18	-	-	-	-
5275	Pulau Kalukalukuang	-0800	0.60	116	0.08	208	0.10	306	0.25	241	0.17	-	-	-	-
5276	Pulau Dewakang Besar	-0800	0.60	041	0.11	190	0.13	292	0.21	262	0.14	-	-	-	-
5277	Karang Takarewataya	-0800	0.80	012	0.21	158	0.05	299	0.30	269	0.18	-	-	-	-
5279	Bantaeng	-0800	1.20	349	0.20	115	0.06	299	0.27	267	0.09	-	-	-	-
5280	Benteng	-0800	1.00	355	0.39	066	0.10	300	0.32	272	0.21	-	-	-	-
5282	Pasi Telu Tengah	-0800	1.30	033	0.37	075	0.14	303	0.30	273	0.21	-	-	-	-
5283	Bone Rate	-0800	1.30	001	0.45	057	0.11	294	0.31	282	0.19	-	-	-	-
5286	Kajang	-0800	1.20	354	0.31	092	0.16	305	0.19	258	0.13	-	-	-	-
5289	Kolaka	-0800	1.20	006	0.56	069	0.16	292	0.31	279	0.21	-	-	-	-
5292	Pulau Baleara	-0800	1.40	358	0.56	057	0.18	292	0.37	276	0.19	-	-	-	-
5293	Pulau Galla Besar	-0800	1.40	011	0.68	074	0.23	303	0.35	280	0.20	-	-	-	-
5294	Tampunawu	-0800	1.40	008	0.57	063	0.17	303	0.33	279	0.21	-	-	-	-
5295	Buton	-0800	1.20	007	0.53	071	0.16	311	0.31	281	0.20	-	-	-	-
5296	Bola	-0800	1.40	008	0.50	056	0.14	306	0.27	282	0.21	-	-	-	-
5297	Wadjo Baai	-0800	1.40	009	0.49	089	0.15	304	0.31	277	0.17	-	-	-	-
5302	Lasolo Bay	-0800	1.20	026	0.48	109	0.18	319	0.28	265	0.17	-	-	-	-
5303	Kokoila	-0800	1.20	020	0.54	084	0.17	304	0.28	292	0.19	-	-	-	-
5304	Salabangka	-0800	1.50	021	0.48	086	0.19	304	0.28	285	0.19	-	-	-	-
5305	Bungku	-0800	1.20	000	0.44	067	0.18	293	0.27	259	0.18	-	-	-	-
5306	Lingkobu	-0800	1.20	352	0.47	091	0.17	297	0.30	245	0.18	-	-	-	-
5307	Mumu	-0800	1.10	019	0.44	093	0.14	306	0.32	260	0.14	-	-	-	-
5308	Kintong	-0800	1.00	023	0.30	109	0.18	313	0.26	266	0.18	-	-	-	-
5309	Teluk Lamala	-0800	1.00	026	0.25	120	0.15	285	0.19	250	0.13	-	-	-	-
5312	Teluk Togian	-0800	0.80	111	0.23	173	0.21	257	0.17	231	0.14	-	-	-	-
5314	Tobelombangi	-0800	0.80	110	0.19	189	0.19	274	0.16	235	0.14	-	-	-	-
5315	Poso	-0800	0.80	113	0.23	164	0.23	263	0.16	222	0.12	-	-	-	-
5316	Menelili	-0800	0.80	117	0.21	175	0.18	272	0.22	221	0.15	-	-	-	-
5318	Gorontalo	-0800	0.80	101	0.15	167	0.21	281	0.25	216	0.10	-	-	-	-
5320	Kema	-0800	1.20	143	0.21	180	0.27	255	0.17	238	0.11	-	-	-	-
5321	Bitung	-0800	1.20	150	0.36	195	0.24	263	0.21	227	0.14	353	0.033	-	-
5322	Talisei	-0800	1.20	186	0.55	186	0.35	247	0.18	208	0.11	-	-	-	-
5324	Banggai	-0800	1.00	013	0.31	090	0.15	297	0.27	253	0.16	-	-	-	-
5325	Gela	-0800	1.00	109	0.13	203	0.19	264	0.17	225	0.09	-	-	-	-
5326	Teluk Vesuvius	-0800	1.00	011	0.50	088	0.20	304	0.28	284	0.19	-	-	-	-
5327	Sanana	-0800	1.00	035	0.28	130	0.12	291	0.31	263	0.21	-	-	-	-
5328	Dofa	-0800	1.00	091	0.18	182	0.18	264	0.24	226	0.16	-	-	-	-
# ===== Buchseite 334 -- JAWA; MADURA; BALI; LOMBOK TO FLORES =====
5329	Sangkapura Bay	-0700	0.80	050	0.04	001	0.05	318	0.43	285	0.25	-	-	-	-
5331	Rembang	-0700	0.70	339	0.05	307	0.02	337	0.41	242	0.15	-	-	-	-
5332	Karimun Jawa Road	-0700	0.60	229	0.02	333	0.05	351	0.23	249	0.04	-	-	-	-
5333	Semerang (Tanjung Emas)	-0700	0.60	258	0.10	157	0.08	353	0.22	232	0.08	-	-	-	-
5334	Tegal	-0700	0.60	291	0.09	195	0.10	030	0.21	214	0.05	-	-	-	-
5335	Cirebon	-0700	0.60	304	0.16	177	0.10	048	0.14	155	0.05	-	-	-	-
5337	Pulau Rakit	-0700	0.60	311	0.11	211	0.06	098	0.14	107	0.07	-	-	-	-
5339	Tanjung Priok	-0700	0.60	351	0.05	296	0.05	144	0.25	124	0.13	-	-	-	-
5341	Damar Besar	-0700	0.70	284	0.05	304	0.07	139	0.27	120	0.08	-	-	-	-
5341a	Pulau Pari	-0700	0.60	293	0.02	266	0.03	124	0.22	106	0.12	-	-	-	-
5342	Pulau Pulau Seribu	-0700	0.40	256	0.01	008	0.05	163	0.28	130	0.07	-	-	-	-
5344	Merak Besar	-0700	0.40	205	0.20	280	0.10	171	0.10	145	0.00	-	-	-	-
5345	Tanjung Cikoneng (Fourth Point)	-0700	0.40	202	0.24	278	0.12	225	0.07	208	0.03	-	-	-	-
5346	Labuhan	-0700	0.70	207	0.35	286	0.12	259	0.13	219	0.11	-	-	-	-
5349	Tanjung Layar (First Point)	-0700	0.70	206	0.40	285	0.10	267	0.10	213	0.10	-	-	-	-
5351	Genteng (Westbaai)	-0700	1.00	221	0.37	292	0.19	248	0.12	233	0.07	-	-	-	-
5352	Tjilauteurem	-0700	1.10	227	0.40	297	0.20	262	0.20	243	0.10	-	-	-	-
5353	Cilacap (Tjillatjap)	-0700	1.10	235	0.50	303	0.25	275	0.19	257	0.12	-	-	-	-
5355	Segoro Wedi Bay	-0700	1.20	244	0.50	312	0.20	276	0.20	243	0.20	-	-	-	-
5358	Benyuwangi	-0700	1.60	266	0.49	330	0.24	279	0.24	248	0.13	-	-	-	-
5359	Duiven Island	-0700	1.30	290	0.18	313	0.14	291	0.30	250	0.15	-	-	-	-
5360	Gosong Karangmas	-0700	0.90	301	0.25	316	0.11	297	0.37	255	0.21	-	-	-	-
5362	Karang Koko	-0700	1.35	296	0.43	326	0.25	290	0.46	261	0.22	-	-	-	-
5363	Pasuruan	-0700	1.60	318	0.60	327	0.30	296	0.45	261	0.26	-	-	-	-
5364	Karang Kleta	-0700	1.50	319	0.59	330	0.29	296	0.45	260	0.27	-	-	-	-
5365	Surabaya	-0700	1.59	318	0.35	334	0.21	312	0.47	265	0.26	-	-	-	-
5366	Ujung Pangka	-0700	1.05	111	0.03	357	0.06	318	0.51	264	0.24	-	-	-	-
5367	Karang Jamuang	-0700	1.10	016	0.05	356	0.08	318	0.54	259	0.26	-	-	-	-
5368	Tanjung Modung	-0700	1.05	082	0.02	000	0.06	318	0.52	247	0.24	-	-	-	-
5369	Sembilangan	-0700	1.20	334	0.18	349	0.16	311	0.46	262	0.25	-	-	-	-
5370	Gading	-0700	1.50	322	0.59	330	0.30	300	0.46	254	0.26	-	-	-	-
5372	Kalianget	-0700	1.40	285	0.39	298	0.19	284	0.42	250	0.24	-	-	-	-
5373	Ambunten	-0700	0.60	305	0.05	325	0.08	305	0.31	259	0.11	-	-	-	-
5374	Sapudi	-0700	1.00	312	0.26	317	0.13	297	0.37	259	0.23	-	-	-	-
5375	Pulau Goagoa	-0700	1.00	307	0.25	309	0.15	292	0.40	258	0.22	-	-	-	-
5376	Saubi	-0700	1.10	304	0.26	336	0.14	290	0.27	263	0.17	-	-	-	-
5379	Buleleng	-0800	1.00	336	0.29	358	0.15	316	0.31	264	0.21	-	-	-	-
5380	Teluk Padang	-0800	1.10	316	0.34	352	0.17	303	0.32	269	0.17	-	-	-	-
5381	Sanur	-0800	1.30	291	0.57	348	0.14	328	0.38	263	0.20	-	-	-	-
5382	Benoa	-0800	1.30	289	0.64	352	0.36	300	0.25	279	0.16	133	0.031	320	0.034
5384	Ampenan	-0800	1.10	310	0.16	325	0.19	331	0.32	231	0.15	-	-	-	-
5385	Teluk Labuhantereng	-0800	1.10	308	0.27	317	0.16	284	0.36	264	0.24	-	-	-	-
5386	Tanjung Pandanan	-0800	1.10	300	0.24	354	0.22	292	0.36	276	0.18	-	-	-	-
5389	Sailus Besar	-0800	1.10	006	0.30	067	0.11	295	0.33	274	0.26	-	-	-	-
5390	Sapuka Besar	-0800	1.10	359	0.34	344	0.10	301	0.35	282	0.20	-	-	-	-
5395	Bima	-0800	0.90	003	0.35	055	0.10	304	0.30	256	0.10	-	-	-	-
5396	Teluk Sape	-0800	1.20	348	0.49	038	0.18	288	0.20	269	0.20	-	-	-	-
5397	Teluk Waworada	-0800	1.60	288	0.81	358	0.45	295	0.24	267	0.17	-	-	-	-
5399	Teluk Slawi	-0800	1.80	314	0.69	013	0.30	323	0.21	282	0.17	-	-	-	-
5400	Teluk Sendikari	-0800	1.60	279	0.89	343	0.52	286	0.22	265	0.15	-	-	-	-
5401	Waingapu Road	-0800	1.60	298	0.83	350	0.41	287	0.26	275	0.16	-	-	-	-
5402	Linteh	-0800	1.90	306	0.86	359	0.44	300	0.20	283	0.14	-	-	-	-
5403	Teluk Perapat	-0800	1.90	301	0.89	004	0.48	292	0.23	275	0.19	-	-	-	-
5404	Ende	-0800	1.80	296	0.83	008	0.46	307	0.31	285	0.17	-	-	-	-
5406	Maumere	-0800	1.30	003	0.53	062	0.16	301	0.30	275	0.24	-	-	-	-
5408	Bajo	-0800	1.90	343	0.46	039	0.16	289	0.27	285	0.17	-	-	-	-
5409	Lamakera	-0800	1.40	330	0.58	012	0.30	300	0.28	253	0.16	-	-	-	-
5411	Kabir	-0800	1.30	357	0.53	065	0.21	298	0.25	264	0.24	-	-	-	-
5412	Kalabahi	-0800	1.30	343	0.71	035	0.29	297	0.27	281	0.17	-	-	-	-
# ===== Buchseite 335 -- TIMOR TO BURU ISLAND; MOLUKKEN; HALMAHERA; IRIAN =====
5413	Atapoepoe	-0800	1.30	319	0.56	015	0.31	298	0.21	262	0.15	-	-	-	-
5414	Kupang	-0800	1.10	303	0.46	012	0.26	311	0.16	317	0.10	-	-	-	-
5417	Saenamo	-0900	1.70	352	0.69	074	0.32	317	0.48	272	0.21	-	-	-	-
5418	Dili	-0900	1.35	017	0.57	070	0.20	317	0.28	298	0.17	-	-	-	-
5419	Liran	-0900	1.40	030	0.63	110	0.24	312	0.31	298	0.23	-	-	-	-
5421	Pantai Wonreli	-0900	1.30	003	0.54	096	0.18	319	0.22	097	0.08	-	-	-	-
5424	Teluk Solat	-0900	1.30	032	0.47	105	0.22	322	0.31	285	0.14	-	-	-	-
5425	Tepa Road	-0900	1.30	031	0.57	102	0.19	312	0.13	295	0.12	-	-	-	-
5427	Ritabel Bay	-0900	1.30	051	0.60	105	0.17	332	0.23	318	0.17	-	-	-	-
5428	Barakan	-0900	1.20	106	0.29	188	0.12	068	0.54	006	0.05	-	-	-	-
5429	Dobo	-0900	1.30	042	0.61	121	0.19	326	0.28	307	0.17	-	-	-	-
5430	Bandan Ellat	-0900	1.30	039	0.59	115	0.18	327	0.24	311	0.18	-	-	-	-
5431	Tual	-0900	1.20	036	0.44	111	0.22	327	0.18	323	0.12	-	-	-	-
5432	Tayandu	-0900	1.30	053	0.61	125	0.18	323	0.25	310	0.13	-	-	-	-
5433	Rumah Lusi	-0900	1.30	045	0.57	111	0.21	322	0.32	310	0.20	-	-	-	-
5435	Banda Harbour (Naira)	-0900	1.30	037	0.57	112	0.22	319	0.29	294	0.18	-	-	-	-
5436	Pulau Geser	-0900	1.30	037	0.54	108	0.18	332	0.28	293	0.19	-	-	-	-
5437	Bula Bay	-0900	1.00	054	0.44	148	0.15	309	0.21	295	0.15	-	-	-	-
5438	Taniwel	-0900	0.90	050	0.30	173	0.14	315	0.21	271	0.12	-	-	-	-
5439	Ambon	-0900	1.10	042	0.47	110	0.17	324	0.29	313	0.21	-	-	-	-
5441	Teluk Kayeli	-0900	1.10	029	0.34	127	0.12	315	0.20	278	0.11	-	-	-	-
5442	Teluk Bara	-0900	1.20	035	0.40	115	0.13	318	0.33	293	0.17	-	-	-	-
5443	Teluk Tifu	-0900	1.10	016	0.36	135	0.09	336	0.34	307	0.06	-	-	-	-
5444	Wai Lower	-0900	0.60	071	0.27	147	0.18	290	0.22	269	0.15	-	-	-	-
5445	Laiwui	-0900	0.60	119	0.22	189	0.13	284	0.17	264	0.13	-	-	-	-
5446	Labuha	-0900	0.60	068	0.09	189	0.10	281	0.21	222	0.08	-	-	-	-
5447	Sabatang	-0900	0.70	160	0.22	214	0.17	276	0.19	248	0.15	-	-	-	-
5449	Ternate	-0900	0.90	175	0.27	212	0.22	269	0.14	247	0.10	-	-	-	-
5450	Asmiro	-0900	1.10	190	0.40	239	0.18	243	0.16	214	0.12	-	-	-	-
5452	Teluk Galela	-0900	1.10	186	0.41	225	0.23	225	0.11	193	0.10	-	-	-	-
5453	Kau	-0900	1.20	217	0.56	229	0.26	255	0.29	188	0.18	-	-	-	-
5454	Buli	-0900	0.90	186	0.47	222	0.19	222	0.17	190	0.10	-	-	-	-
5455	Bicholi	-0900	0.90	177	0.42	215	0.20	226	0.15	190	0.16	-	-	-	-
5456	Tepeleu	-0900	0.80	171	0.36	215	0.16	242	0.15	216	0.13	-	-	-	-
5457	Patani	-0900	0.80	148	0.14	203	0.15	273	0.14	214	0.10	-	-	-	-
5459	Teluk Gane	-0900	0.70	114	0.16	177	0.14	285	0.20	277	0.10	-	-	-	-
5460	Teluk Kaja (Hollandia Baai)	-0900	0.70	192	0.25	233	0.04	205	0.21	174	0.13	-	-	-	-
5460a	Jayapura	-0900	0.80	190	0.30	219	0.06	200	0.24	175	0.14	-	-	-	-
5461	Demta Baai	-0900	0.90	193	0.32	233	0.08	207	0.25	182	0.15	-	-	-	-
5463	Sarmi	-0900	1.00	195	0.35	242	0.09	208	0.25	194	0.11	-	-	-	-
5467	Korim	-0900	1.10	189	0.42	229	0.12	208	0.19	186	0.15	-	-	-	-
5468	Mios Wundi	-0900	1.10	190	0.44	211	0.19	225	0.25	188	0.14	-	-	-	-
5469	Korido	-0900	1.30	195	0.55	242	0.23	202	0.24	187	0.15	-	-	-	-
5470	Sorido	-0900	1.10	195	0.48	228	0.16	208	0.20	187	0.15	-	-	-	-
5471	Bosnik	-0900	1.10	193	0.45	230	0.17	216	0.25	179	0.15	-	-	-	-
5472	Yenmanu	-0900	1.10	203	0.44	230	0.16	214	0.20	203	0.12	-	-	-	-
# ===== Buchseite 336 -- IRIAN JAYA =====
5474	Seroei	-0900	1.40	196	0.62	231	0.22	208	0.24	185	0.14	-	-	-	-
5476	Pulau Pulau Moor	-0900	1.20	207	0.54	239	0.24	213	0.21	184	0.14	-	-	-	-
5476a	Nabire	-0900	1.20	197	0.60	239	0.19	213	0.27	188	0.15	-	-	-	-
5477	Kwatisore	-0900	1.20	199	0.61	237	0.21	214	0.20	189	0.13	-	-	-	-
5477a	Wassior	-0900	1.30	195	0.61	241	0.24	215	0.22	189	0.16	-	-	-	-
5478	Yende	-0900	1.30	210	0.57	224	0.23	202	0.21	189	0.14	-	-	-	-
5479	Syeri	-0900	1.30	215	0.58	242	0.28	221	0.23	180	0.16	-	-	-	-
5480	Manokwari	-0900	1.10	190	0.51	233	0.16	218	0.25	192	0.15	-	-	-	-
5483	Dore Hoem Baai	-0900	1.20	166	0.42	226	0.19	208	0.21	173	0.17	-	-	-	-
5484	Tanjung Sorong	-0900	1.00	191	0.44	233	0.16	221	0.21	190	0.13	-	-	-	-
5485	Pulau Unaginim	-0900	1.00	178	0.28	208	0.15	245	0.16	219	0.11	-	-	-	-
5488	Ayu Islands	-0900	1.20	182	0.55	236	0.19	214	0.10	198	0.14	-	-	-	-
5490	Saonek	-0900	1.20	193	0.45	213	0.22	222	0.17	210	0.09	-	-	-	-
5491	Mutus Island	-0900	1.20	170	0.28	217	0.19	263	0.17	253	0.10	-	-	-	-
5492	Ju Island	-0900	1.20	184	0.50	238	0.20	215	0.10	198	0.20	-	-	-	-
5494	Dokkor	-0900	1.20	181	0.39	203	0.21	245	0.12	226	0.08	-	-	-	-
5497	Pulau Yef Doif	-0900	1.00	200	0.44	241	0.17	210	0.16	207	0.10	-	-	-	-
5498	Selat Lenna	-0900	1.00	191	0.42	234	0.18	208	0.23	196	0.12	-	-	-	-
5499	Pulau Peli	-0900	1.00	095	0.21	173	0.20	288	0.22	254	0.14	-	-	-	-
5500	Sailolof	-0900	1.00	106	0.25	185	0.18	296	0.24	271	0.15	-	-	-	-
5501	Schildpad Islands	-0900	1.00	111	0.28	188	0.18	296	0.21	274	0.13	-	-	-	-
5503	Waigama	-0900	0.80	098	0.18	181	0.19	300	0.17	270	0.10	-	-	-	-
5507	Yef Yus Reef	-0900	1.70	060	0.47	147	0.18	318	0.28	294	0.18	-	-	-	-
5508	Pulau Kobalin	-0900	1.70	067	0.51	155	0.19	318	0.28	291	0.18	-	-	-	-
5509	Karabra River	-0900	1.70	051	0.55	140	0.26	322	0.27	306	0.16	-	-	-	-
5510	Sungai Kaboes (Kaibus)	-0900	1.70	079	0.68	160	0.25	330	0.27	311	0.21	-	-	-	-
5511	Waronge River	-0900	1.70	070	0.69	160	0.27	334	0.28	296	0.22	-	-	-	-
5512	Sungai Kais	-0900	1.70	060	0.52	145	0.22	328	0.29	303	0.19	-	-	-	-
5514	Sungai Wasian	-0900	3.10	191	1.40	273	0.42	349	0.45	315	0.32	-	-	-	-
5514a	Muturi Terminal	-0900	3.20	194	1.61	277	0.50	350	0.51	320	0.32	-	-	-	-
5515	Modan	-0900	3.60	190	1.86	287	0.58	339	0.44	304	0.34	-	-	-	-
5516	Babo	-0900	2.55	194	1.25	278	0.39	347	0.52	313	0.27	-	-	-	-
5517	Sekar Bay	-0900	1.50	120	0.33	187	0.14	330	0.35	302	0.23	-	-	-	-
5519	Fak Fak	-0900	1.40	043	0.54	131	0.17	333	0.31	295	0.19	-	-	-	-
5522	Teluk Kaimana	-0900	1.50	045	0.66	117	0.25	324	0.31	295	0.23	-	-	-	-
5523	Lakahia	-0900	1.50	042	0.62	114	0.18	342	0.28	329	0.19	-	-	-	-
5524	Teluk Etna	-0900	1.50	078	0.77	171	0.23	004	0.26	343	0.21	-	-	-	-
5525	Aidoena	-0900	1.20	044	0.45	130	0.11	024	0.37	341	0.31	-	-	-	-
5527	Sungai Uta	-0900	1.20	058	0.42	208	0.15	044	0.52	353	0.42	-	-	-	-
5528	Kokonao, Sungai Mimika	-0900	1.20	059	0.34	144	0.15	051	0.66	011	0.50	-	-	-	-
5528a	Tipuka	-0900	1.20	063	0.28	149	0.12	054	0.90	012	0.65	-	-	-	-
5529	Aika	-0900	1.50	053	0.26	128	0.13	048	0.71	009	0.62	-	-	-	-
5530	Yapero	-0900	1.75	054	0.15	165	0.04	057	0.84	021	0.68	-	-	-	-
5532	Agats, Teluk Flamingo	-0900	3.00	312	0.30	008	0.14	069	1.17	030	0.80	-	-	-	-
5534	Sungai Cook	-0900	3.00	282	0.55	353	0.27	062	0.98	024	0.79	-	-	-	-
5535	Sungai Digul	-0900	4.30	294	1.22	022	0.31	069	1.30	022	1.14	-	-	-	-
5537	Galieb	-0900	5.00	321	1.61	037	0.74	083	1.23	044	1.06	-	-	-	-
5538	Sungai Dambu	-0900	5.20	338	1.84	062	0.80	095	1.12	054	1.14	-	-	-	-
5542	Merauke	-0900	3.30	019	1.13	123	0.46	145	0.80	077	0.50	-	-	-	-
# ===== Buchseite 337 -- THAILAND; KAMBODSCHA; VIETNAM (Nummernblock 6800er) =====
6851	Bang Nara (Narathiwat)	-0700	0.56	228	0.14	264	0.08	327	0.16	282	0.10	-	-	-	-
6854	Laem Ta Chi	-0700	0.56	283	0.21	320	0.02	318	0.12	266	0.07	-	-	-	-
6857	Songkhla Roads	-0700	0.96	292	0.23	035	0.03	270	0.05	198	0.04	-	-	-	-
6862	Pak Phun	-0700	0.90	259	0.10	072	0.06	199	0.24	146	0.18	-	-	-	-
6869	Ko Prap	-0700	1.43	318	0.22	054	0.13	164	0.44	126	0.35	-	-	-	-
6871	Lang Suan	-0700	0.91	305	0.15	050	0.06	171	0.37	122	0.24	-	-	-	-
6873	Ko Mattaphon	-0700	1.67	303	0.12	055	0.04	171	0.40	121	0.27	-	-	-	-
6876	Ko Raet (Ko Lak)	-0700	1.70	134	0.06	182	0.02	167	0.50	117	0.34	-	-	-	-
6880	Mae Klong Bar	-0700	2.10	140	0.46	212	0.21	168	0.66	118	0.43	-	-	-	-
6881	Samut Sakhon (Tachin)	-0700	2.10	140	0.52	212	0.28	168	0.67	118	0.44	-	-	-	-
6882	Bangkok Bar	-0700	2.47	138	0.55	209	0.28	161	0.67	118	0.45	-	-	-	-
6882a	Bangkok Harbour	-0700	1.63	175	0.45	292	0.44	182	0.57	130	0.33	-	-	-	-
6883	Bangkok	-0700	1.81	201	0.33	275	0.19	197	0.48	146	0.31	-	-	-	-
6884	Ban Bang Pakong	-0700	1.67	159	0.52	222	0.23	176	0.60	118	0.39	-	-	-	-
6886	Ko Si Chang	-0700	2.48	136	0.58	198	0.23	168	0.70	119	0.42	-	-	-	-
6888	Chong Khram	-0700	1.50	123	0.31	178	0.13	149	0.47	116	0.40	-	-	-	-
6889	Ao Sattahip	-0700	2.19	121	0.26	191	0.12	161	0.59	112	0.42	-	-	-	-
6891	Chong Samet	-0700	1.50	120	0.24	252	0.08	160	0.62	114	0.47	-	-	-	-
6894	Laem Sing	-0700	1.68	049	0.10	097	0.06	154	0.47	102	0.32	-	-	-	-
6895	Ko Mak	-0700	1.10	340	0.09	055	0.06	132	0.33	074	0.28	-	-	-	-
6896	Ao Muang Trat	-0700	1.99	014	0.12	073	0.09	150	0.42	103	0.31	-	-	-	-
6900	Kaoh Mul	-0700	0.99	022	0.11	093	0.06	146	0.37	117	0.28	-	-	-	-
6902	Kampong Saom (Sihanoukville)	-0700	1.07	347	0.11	044	0.06	126	0.25	085	0.18	-	-	-	-
6903	Ream	-0700	0.80	344	0.08	053	0.03	082	0.18	073	0.15	-	-	-	-
6906	Ha Tien	-0700	0.76	090	0.10	323	0.02	066	0.26	038	0.13	-	-	-	-
6911	Hon Tho Chau	-0700	0.50	333	0.00	314	0.00	049	0.20	020	0.10	-	-	-	-
6916	Poulo Condore	-0700	2.28	052	0.80	112	0.28	318	0.64	274	0.45	-	-	-	-
6938	Mui Vung Tau	-0700	2.41	036	0.79	081	0.31	312	0.60	263	0.45	-	-	-	-
6939	Can-Gio	-0700	2.60	043	0.80	091	0.32	307	0.70	265	0.44	-	-	-	-
6948	Cap Ba Ke	-0700	2.30	019	0.60	062	0.20	302	0.50	258	0.40	-	-	-	-
6950	Pointe de Ke Ga	-0700	2.19	354	0.36	038	0.16	287	0.45	252	0.38	-	-	-	-
6951	Fan Thiet	-0700	2.10	340	0.30	003	0.10	287	0.40	248	0.40	-	-	-	-
6953	Pulau Cecir de Mer	-0700	1.60	316	0.19	007	0.08	289	0.37	250	0.20	-	-	-	-
6955	Pointe de Lagan	-0700	2.06	316	0.21	002	0.10	288	0.40	249	0.33	-	-	-	-
6957	Cap Padaran	-0700	1.00	308	0.20	354	0.10	290	0.40	244	0.30	-	-	-	-
6959	Cam Ranh	-0700	1.24	300	0.19	345	0.08	292	0.34	254	0.29	-	-	-	-
6960	Nhatrang	-0700	1.30	292	0.17	321	0.07	292	0.33	245	0.30	-	-	-	-
6962	Port Dayot	-0700	1.30	292	0.20	325	0.10	294	0.30	247	0.30	-	-	-	-
# ===== Buchseite 338 -- VIETNAM; CHINA =====
6963	Vung Ro	-0700	1.30	292	0.20	328	0.10	296	0.30	249	0.30	-	-	-	-
6965	Baie de Xuan Day	-0700	1.20	292	0.20	333	0.10	298	0.30	252	0.30	-	-	-	-
6966	Qui Nhon	-0700	1.25	292	0.17	337	0.07	300	0.33	254	0.28	-	-	-	-
6968	Tam Kwam	-0700	1.20	295	0.20	338	0.10	300	0.30	257	0.30	-	-	-	-
6971	Kikuik	-0700	1.20	298	0.20	339	0.10	298	0.30	251	0.20	-	-	-	-
6972	Cu Lao Cham	-0700	1.10	300	0.20	340	0.10	294	0.20	247	0.20	-	-	-	-
6974	Da Nang (Tourane)	-0700	0.90	301	0.17	340	0.06	289	0.19	244	0.13	-	-	-	-
6975	Chon May (Chumai)	-0700	0.80	310	0.20	000	0.00	285	0.20	247	0.10	-	-	-	-
6976	Thuan An	-0700	0.50	322	0.18	028	0.04	255	0.03	005	0.02	-	-	-	-
6980	Quang Khe	-0700	0.94	012	0.18	061	0.05	095	0.21	039	0.27	-	-	-	-
6981	Vung Chua	-0700	0.80	010	0.20	015	0.10	130	0.20	037	0.40	-	-	-	-
6983	Cua Hoi	-0700	1.45	012	0.25	088	0.09	129	0.41	037	0.50	-	-	-	-
6984	Hon Nieu	-0700	1.82	002	0.30	084	0.10	087	0.50	043	0.59	-	-	-	-
6988	Hon Me	-0700	1.90	357	0.20	100	0.10	092	0.60	038	0.60	-	-	-	-
6991	Hon Ne	-0700	2.00	350	0.18	112	0.07	092	0.68	017	0.69	-	-	-	-
6994	Cua Ba Lat	-0700	1.90	020	0.10	111	0.10	091	0.70	022	0.70	-	-	-	-
6996	Cua Cam Approaches (Hon Dau)	-0700	1.86	047	0.05	106	0.04	091	0.73	029	0.74	-	-	-	-
6997	Do Son	-0700	1.89	102	0.04	136	0.03	089	0.72	026	0.70	-	-	-	-
6998	Haiphong	-0700	1.90	070	0.04	140	0.05	109	0.64	042	0.73	-	-	-	-
7003	Ile Bach Long Vi	-0700	1.95	100	0.10	112	0.03	080	0.65	012	0.71	-	-	-	-
7004	Apowan	-0700	2.01	102	0.04	136	0.03	090	0.72	017	0.70	-	-	-	-
7005	Passe des Hydres	-0700	2.10	146	0.05	144	0.02	078	0.69	022	0.74	-	-	-	-
7006	Hon Gay	-0700	1.86	115	0.07	117	0.04	088	0.85	034	0.90	-	-	-	-
7008	Cam Pha	-0700	2.15	164	0.14	224	0.05	074	0.76	023	0.68	-	-	-	-
7009	Ke Bao	-0700	2.20	145	0.20	190	0.10	083	0.70	018	0.80	-	-	-	-
7012	Sha Pak Wan	-0700	1.90	150	0.20	190	0.10	070	0.80	019	0.80	-	-	-	-
7013	Tsieng Mun	-0700	2.04	150	0.19	200	0.07	081	0.72	016	0.81	-	-	-	-
7015	Loc Chuc San	-0700	2.35	145	0.25	186	0.07	068	0.80	018	0.79	-	-	-	-
7050	Paracel Islands	-0800	1.00	301	0.17	353	0.08	305	0.27	261	0.23	-	-	-	-
