key,abstand_km,kurven_rel,verdacht,A_name,A_lat,A_lon,A_datei,A_naechster_nachbar_km,A_nachbarn_80km,B_name,B_lat,B_lon,B_datei,B_naechster_nachbar_km,B_nachbarn_80km
04a16a035d86b3d0b446aef4ce14f58f|8afc7f6cba38797da4868aca658923ad,6519.7,0.100,verschiedene Laender - vermutlich nur Namensgleichheit,"Vila do Conde, Pará, Brazil",-1.5383,-48.7533,harmonics/utide/harmonics_utide_tidetables.txt,29.8,5,"Vila do Conde, Portugal",41.34,-8.7483,harmonics/utide/harmonics_utide_tidetables.txt,4.2,18
124f42f19586e2cd16f66459a6fd71f6|9b867f00f5e024102c4b51b50e3dd41d,1980.6,0.088,verschiedene Laender - vermutlich nur Namensgleichheit,"La Libertad, Ecuador",-2.2179,-80.906,harmonics/ticon/harmonics_ticon4_worldwide.txt,12.9,4,"La Libertad, El Salvador",13.4851,-89.319,harmonics/utide/harmonics_utide_observations.txt,0.3,4
6ecb3fc957654f75ffd15051cc1b8fb0|d80466b0bb7b55b516e61c159b39ceb3,193.9,0.036,A verdaechtig,"Isla Guadalupe, Baja California, Mexico",28.8833,-116.3,harmonics/noaa/harmonics_noaa_censam.txt,139.6,0,"Isla Guadalupe, Baja California, Mexico",28.882,-118.2912,harmonics/utide/harmonics_utide_observations.txt,0.0,1
11f9176213f89432ecc8ad7a2d10fd4b|3e0b59ce14ed4fc10e60f4816a1772d1,159.4,0.000,verschiedene Laender - vermutlich nur Namensgleichheit,"Lance Cove, Newfoundland, Canada",47.0833,-52.0333,harmonics/classic/harmonics-2004-06-14_mod.txt,39.4,12,"Lance Cove, Newfoundland Canada",46.80064,-54.097654,harmonics/utide/harmonics_utide_tidetables.txt,14.4,14
3193506702b58d6f53636e9627c8da76|f84fb486359ee2a9c3a9d9d9f98fd8d8,111.2,0.037,verschiedene Laender - vermutlich nur Namensgleichheit,"Palmetto Bluff, St. Johns River, Florida (5)",29.7633,-81.5617,harmonics/classic/harmonics-2004-06-14_mod.txt,4.4,74,"Palmetto Bluff, St. Johns River, Florida (4)",30.7633,-81.5617,harmonics/classic/harmonics-2004-06-14_mod.txt,5.0,79
747d93aec8a82095375add8ff2580f4b|797cb61419899549cddd26670fcd9b5f,83.7,0.002,unklar - Handpruefung,"Purfur Cove, Nunavut, Canada",69.0833,-84.2167,harmonics/classic/harmonics-2004-06-14_mod.txt,55.7,1,"Purfur Cove, Nunavut, Canada",69.836361,-84.254,harmonics/utide/harmonics_utide_tidetables.txt,18.4,5
63ded4081045cd54a848c6a6d60aefa8|f22b7dc13e812431eba4deb5122e45d7,78.3,0.051,unklar - Handpruefung,"Shark Bay, Western Australia, Australia",-25.2667,113.4667,harmonics/utide/harmonics_utide_tidetables.txt,45.3,6,"Shark Bay (Inr Bn), Western Australia, Australia",-25.9667,113.3833,harmonics/utide/harmonics_utide_tidetables.txt,14.3,5
48147eac3e68464eedb95c1c3e6e2b09|b4bf25489aa6fb114828023fee1e28df,73.7,0.058,A verdaechtig,"L'Île-d'Anticosti, Québec, Canada",49.951667,-64.15,harmonics/classic/harmonics-2004-06-14_mod.txt,22.0,14,"L'Île-d'Anticosti, Québec, Canada",49.395,-63.59,harmonics/classic/harmonics-2004-06-14_mod.txt,0.0,9
b09aef25cfb2e5c1a3392c039c3a5073|ce9617954216d4361452efe71f79110c,72.3,0.081,unklar - Handpruefung,"Davis Strait, Nunavut (2), Canada",66.2667,-58.3833,harmonics/classic/harmonics-2004-06-14_mod.txt,115.6,0,"Davis Strait, Nunavut (3), Canada",66.2667,-56.7667,harmonics/classic/harmonics-2004-06-14_mod.txt,149.6,0
476107027383500ccf490bd386b0f0af|9361febb22ff461e93ce271e107dfe14,54.4,0.091,verschiedene Laender - vermutlich nur Namensgleichheit,"Jacksonville, Acosta Bridge, Florida (4)",30.325,-81.665,harmonics/classic/harmonics-2004-06-14_mod.txt,0.2,89,"Jacksonville, Acosta Bridge, Florida (5)",30.7967,-81.515,harmonics/classic/harmonics-2004-06-14_mod.txt,0.0,78
21cb16a6b3d21bceb2190416ec314538|f7bd379d3b6f73cba817930d63118a2e,52.1,0.015,A verdaechtig,"Sullivan Bay, British Columbia, Canada",50.8833,-126.0833,harmonics/classic/harmonics-2004-06-14_mod.txt,8.6,56,"Sullivan Bay, British Columbia, Canada",50.886,-126.826,harmonics/utide/harmonics_utide_tidetables.txt,0.0,78
750e7b87acf8c4ef3120d21a924d14de|a086afdf2993eebe6002aa50a620a7a8,50.0,0.008,unklar - Handpruefung,"Skerry Bay, British Columbia, Canada",49.05,-124.2333,harmonics/classic/harmonics-2004-06-14_mod.txt,23.2,161,"Skerry Bay, British Columbia, Canada",49.5,-124.237,harmonics/utide/harmonics_utide_tidetables.txt,7.3,119
d24ae19cc942c97d2c227d811f45dc64|fe958f7ae6f42a4f7884c606caa2b4b1,37.9,0.059,unklar - Handpruefung,"Night Island, Queensland, Australia",-13.1833,143.5667,harmonics/classic/harmonics-2004-06-14_mod.txt,21.7,12,"Night Island, Queensland, Australia",-13.183333,143.916667,harmonics/utide/harmonics_utide_tidetables.txt,16.3,10
70a92ad4528a219a6757d9d0681a43d5|bbf42fffc36aa0bc98039432f6230983,37.5,0.011,verschiedene Laender - vermutlich nur Namensgleichheit,"Anewa Bay, Bougainville, Solomon Islands",-6.1838,155.5436,harmonics/classic/harmonics-2004-06-14_mod.txt,0.0,2,"Anewa Bay, Papua New Guinea",-6.183,155.883,harmonics/utide/harmonics_utide_observations.txt,27.4,2
45e28382d9c60e6e21cad83df668bb6d|bbf42fffc36aa0bc98039432f6230983,37.5,0.000,verschiedene Laender - vermutlich nur Namensgleichheit,"Anewa Bay, Bougainville, Solomon Islands",-6.1838,155.5436,harmonics/ticon/harmonics_ticon4_worldwide.txt,0.0,2,"Anewa Bay, Papua New Guinea",-6.183,155.883,harmonics/utide/harmonics_utide_observations.txt,27.4,2
7621a49928d2b07f86a3025166756d31|8d789dc18d972f1f97c026d566b7fe43,34.2,0.001,verschiedene Laender - vermutlich nur Namensgleichheit,"William Head, Washington",48.0333,-123.5333,harmonics/classic/harmonics-2004-06-14_mod.txt,2.2,80,"William Head, British Columbia, Canada",48.341,-123.5369,harmonics/utide/harmonics_utide_tidetables.txt,0.0,148
267d2890b7213f1eb48dd3b422118a72|a8fbb6b87eb2aa7cb17e7be77a3cf289,34.0,0.050,unklar - Handpruefung,"White Island, Western Australia, Australia",-15.0667,124.6667,harmonics/classic/harmonics-2004-06-14_mod.txt,37.4,5,"White Island, Western Australia, Australia",-15.0667,124.35,harmonics/utide/harmonics_utide_tidetables.txt,34.6,4
37749ab57da601d1f2ab03d41330cdfc|6a1cf09dc08c10d61a0aef0a9fb218c6,33.8,0.000,unklar - Handpruefung,"Victoria, Prince Edward Island, Canada",46.2167,-63.05,harmonics/classic/harmonics-2004-06-14_mod.txt,5.7,64,"Victoria, Prince Edward Island, Canada",46.2126,-63.4895,harmonics/utide/harmonics_utide_tidetables.txt,15.9,60
3f1fe10484d9f3cdf6c7dea95675ef47|45051def1a2da97958916df89c9fccdc,29.4,0.020,unklar - Handpruefung,"Quaqtaq (terre), Québec, Canada",60.8667,-70.0667,harmonics/classic/harmonics-2004-06-14_mod.txt,0.0,2,"Quaqtaq, Québec, Canada",61.047083,-69.669944,harmonics/utide/harmonics_utide_tidetables.txt,0.0,2
