tafel,satz,datei,empfehlung,nachbar_alt_pct,nachbar_neu_pct,lat,lon,tafel_alt_cm,tafel_neu_cm,neu_dt_min,zahm,tiefste,hoechste,tafel_tief,tafel_hoch,reihe,echt_neu_cm,echt_alt_cm,entscheidung
White_House.json,"White House, England, United Kingdom",harmonics_utide_tidetables.txt,neu fitten,23.2,19.1,51.6667,-2.5500,142.5,13.2,11.2,ja,-0.78,11.57,0.0,11.64,,,,
Yelland_Marsh.json,"Yelland Marsh, England, United Kingdom",harmonics_utide_tidetables.txt,neu fitten,30.6,18.3,51.0667,-4.1667,103.8,4.5,4.1,ja,-0.98,7.96,0.0,7.97,,,,
Alloa.json,"Alloa, Scotland, United Kingdom",harmonics_utide_tidetables.txt,neu fitten,31.2,17.8,56.1000,-3.8000,96.6,3.7,13.4,ja,-0.6,6.28,0.0,6.28,,,,
Annan_Waterfoot.json,"Annan Waterfoot, Scotland, United Kingdom",harmonics_utide_tidetables.txt,lassen (Kurve laeuft aus dem Ruder),19.2,34.8,54.9667,-3.2667,94.1,7.0,10.5,nein,-8.85,8.31,0.0,8.19,,,,
Redkirk.json,"Redkirk (Gretna), Scotland, United Kingdom",harmonics_utide_tidetables.txt,lassen (Kurve laeuft aus dem Ruder),41.8,107.3,54.9833,-3.1000,86.5,8.1,11.7,nein,-87.8,5.86,0.02,5.04,,,,
Torduff_Point.json,"Torduff Point, Scotland, United Kingdom",harmonics_utide_tidetables.txt,lassen (Kurve laeuft aus dem Ruder),22.6,103.1,54.9667,-3.1500,82.5,7.7,9.8,nein,-89.26,6.67,1.14,6.49,,,,
Burton_Stather.json,"Burton Stather, England, United Kingdom",harmonics_utide_tidetables.txt,neu fitten,25.8,22.0,53.6500,-0.7000,77.1,6.4,7.8,ja,-0.72,6.19,0.0,6.24,,,,
Bridgwater.json,"Bridgwater, England, United Kingdom",harmonics_utide_tidetables.txt,lassen (Kurve laeuft aus dem Ruder),49.3,74.0,51.1333,-3.0000,71.6,6.6,4.0,nein,-12.58,24.36,0.76,5.78,rloi3067.json,557.4,79.7,
Bideford.json,"Bideford, England, United Kingdom",harmonics_utide_tidetables.txt,neu fitten,47.9,13.3,51.0167,-4.2000,73.4,8.5,5.4,ja,-1.3,6.92,0.0,6.94,,,,
Carmarthen.json,"Carmarthen, Wales, United Kingdom",harmonics_utide_tidetables.txt,lassen (Kurve laeuft aus dem Ruder),60.7,108.9,51.8500,-4.3000,68.4,7.1,4.3,nein,-5.21,96.94,0.0,3.59,,,,
Hammersmith_Bridge.json,"Hammersmith Bridge, England, United Kingdom",harmonics_utide_tidetables.txt,lassen (Nachbarn widersprechen),21.7,31.5,51.4833,-0.2333,65.2,5.7,14.8,ja,-0.4,6.37,0.0,6.16,rloi7392.json,204.6,169.2,
Flixborough_Wharf.json,"Flixborough Wharf, England, United Kingdom",harmonics_utide_tidetables.txt,lassen (Nachbarn widersprechen),18.2,23.3,53.6167,-0.7000,61.9,6.7,8.5,ja,-1.11,6.12,0.0,6.14,,,,
Glasson_Dock.json,"Glasson Dock, England, United Kingdom",harmonics_utide_tidetables.txt,lassen (Kurve laeuft aus dem Ruder),18.1,90.6,54.0000,-2.8500,60.3,5.6,8.1,nein,-64.38,7.99,3.28,7.64,,,,
Richborough.json,"Richborough, England, United Kingdom",harmonics_utide_tidetables.txt,neu fitten,42.6,13.0,51.3000,1.3500,57.1,2.5,5.3,ja,-0.53,4.12,0.0,4.15,,,,
Ferryside.json,"Ferryside, Wales, United Kingdom",harmonics_utide_tidetables.txt,lassen (Nachbarn widersprechen),24.4,28.3,51.7667,-4.3667,60.5,7.1,6.1,ja,-0.34,7.52,0.0,7.58,,,,
Kew_Bridge.json,"Kew Bridge, England, United Kingdom",harmonics_utide_tidetables.txt,lassen (Nachbarn widersprechen),32.4,45.6,51.4833,-0.2833,60.4,7.5,14.3,ja,-0.36,6.78,0.0,5.8,,,,
Blacktoft.json,"Blacktoft (River Ouse), England, United Kingdom",harmonics_utide_tidetables.txt,offen (Nachbarn unentschieden),23.9,25.1,53.7000,-0.7167,58.8,6.5,8.8,ja,-0.77,6.66,0.0,6.63,,,,
Keadby.json,"Keadby, England, United Kingdom",harmonics_utide_tidetables.txt,offen (Nachbarn unentschieden),21.0,19.3,53.6000,-0.7333,57.2,5.9,8.0,ja,-0.99,5.34,0.0,5.35,rloi2144.json,41.9,62.6,
Chester.json,"Chester, England, United Kingdom",harmonics_utide_tidetables.txt,lassen (Kurve laeuft aus dem Ruder),40.8,102.1,53.2000,-2.9000,55.1,4.9,7.7,nein,-67.58,5.05,0.92,4.91,,,,
Brough.json,"Brough, England, United Kingdom",harmonics_utide_tidetables.txt,offen (Nachbarn unentschieden),23.8,23.1,53.7167,-0.5833,54.4,5.0,7.1,ja,-0.82,6.9,0.0,6.95,rloi8036.json,90.8,86.1,
Weston-Super-Mare.json,"Weston-Super-Mare, England, United Kingdom",harmonics_utide_tidetables.txt,offen (Nachbarn unentschieden),11.7,13.5,51.3500,-2.9833,56.1,8.0,8.3,ja,0.28,12.96,0.33,13.0,,,,
Lancaster.json,"Lancaster, England, United Kingdom",harmonics_utide_tidetables.txt,lassen (Kurve laeuft aus dem Ruder),41.5,89.0,54.0500,-2.8167,53.0,5.0,8.8,nein,-54.1,5.22,1.56,5.15,,,,
Wells.json,"Wells, England, United Kingdom",harmonics_utide_tidetables.txt,lassen (Kurve laeuft aus dem Ruder),43.4,23.7,52.9667,0.8500,50.6,2.8,3.0,nein,-1.15,4.15,0.0,4.13,rloi6013.json,35.6,69.4,
Haverfordwest.json,"Haverfordwest, Wales, United Kingdom",harmonics_utide_tidetables.txt,lassen (Kurve laeuft aus dem Ruder),57.9,109.8,51.8000,-4.9667,54.0,6.2,4.5,nein,-4.88,87.81,0.0,3.06,,,,
Arnside.json,"Arnside, England, United Kingdom",harmonics_utide_tidetables.txt,lassen (Kurve laeuft aus dem Ruder),29.4,95.4,54.2000,-2.8500,52.8,6.4,9.8,nein,-66.64,11.01,6.48,10.84,,,,
St._Thomass_Head.json,"St. Thomas's Head, England, United Kingdom",harmonics_utide_tidetables.txt,lassen (Nachbarn widersprechen),7.2,11.0,51.4000,-2.9333,56.4,10.0,8.0,ja,0.22,14.07,0.1,14.11,,,,
Steep_Holm.json,"Steep Holm, England, United Kingdom",harmonics_utide_tidetables.txt,offen (Nachbarn unentschieden),6.5,7.9,51.3333,-3.1000,55.2,9.2,8.1,ja,-0.22,12.56,0.0,12.63,,,,
English_And_Welsh_Grounds.json,"English And Welsh Grounds, England, United Kingdom",harmonics_utide_tidetables.txt,lassen (Nachbarn widersprechen),5.6,8.0,51.4667,-2.9833,54.9,10.1,7.1,ja,0.2,14.11,0.1,14.23,,,,
Clevedon.json,"Clevedon, England, United Kingdom",harmonics_utide_tidetables.txt,lassen (Nachbarn widersprechen),5.8,8.5,51.4500,-2.8667,55.2,10.9,8.6,ja,0.12,14.05,0.02,14.11,,,,
Wyre_Lighthouse.json,"Wyre Lighthouse, England, United Kingdom",harmonics_utide_tidetables.txt,lassen (Kurve laeuft aus dem Ruder),10.4,88.1,53.9500,-3.0333,48.7,4.7,7.8,nein,-55.86,10.31,6.32,10.09,,,,
Flat_Holm.json,"Flat Holm, Wales, United Kingdom",harmonics_utide_tidetables.txt,lassen (Nachbarn widersprechen),5.0,7.2,51.3833,-3.1167,52.2,8.7,7.9,ja,0.26,12.94,0.16,13.02,,,,
Bembridge_Harbour.json,"Bembridge Harbour, England, United Kingdom",harmonics_utide_tidetables.txt,neu fitten,35.0,20.1,50.7000,-1.1167,45.2,2.1,7.9,ja,-0.5,3.6,0.0,3.54,rloi1018.json,19.2,73.0,
Southerness_Point.json,"Southerness Point, Scotland, United Kingdom",harmonics_utide_tidetables.txt,lassen (Kurve laeuft aus dem Ruder),6.5,89.0,54.8667,-3.6000,47.6,5.1,7.4,nein,-54.94,9.78,5.72,9.49,,,,
Owston_Ferry.json,"Owston Ferry, England, United Kingdom",harmonics_utide_tidetables.txt,lassen (Kurve laeuft aus dem Ruder),18.1,65.8,53.4833,-0.7667,46.6,5.4,5.0,nein,-15.43,5.08,0.96,4.61,,,,
Watchet.json,"Watchet, England, United Kingdom",harmonics_utide_tidetables.txt,offen (Nachbarn unentschieden),12.0,12.4,51.1833,-3.3333,49.3,8.4,6.8,ja,0.4,12.2,0.52,12.24,,,,
Shirehampton.json,"Shirehampton, England, United Kingdom",harmonics_utide_tidetables.txt,offen (Nachbarn unentschieden),11.6,12.6,51.4833,-2.6833,50.6,10.4,9.4,ja,0.35,13.83,0.26,13.9,,,,
Lochgoilhead.json,"Lochgoilhead, Scotland, United Kingdom",harmonics_utide_tidetables.txt,offen (Nachbarn unentschieden),12.4,11.0,56.1667,-4.9000,42.5,2.6,6.6,ja,-0.5,3.71,0.0,3.72,,,,
Mellon_Point.json,"Mellon Point (River Shannon), Ireland",harmonics_utide_tidetables.txt,lassen (Nachbarn widersprechen),11.0,14.5,52.6667,-8.8333,43.8,4.1,9.0,ja,-0.49,6.48,0.0,6.48,,,,
Inward_Rocks.json,"Inward Rocks, England, United Kingdom",harmonics_utide_tidetables.txt,offen (Nachbarn unentschieden),18.8,18.3,51.6500,-2.6167,50.5,11.0,10.8,ja,0.01,13.24,0.02,13.31,,,,
Narlwood_Rocks.json,"Inward Rocks, England, United Kingdom",harmonics_utide_tidetables.txt,offen (Nachbarn unentschieden),18.8,19.8,51.6500,-2.6000,50.2,10.7,9.5,ja,-0.26,12.65,0.0,12.74,,,,
Beachley_(Aust).json,"Beachley (Aust), England, United Kingdom",harmonics_utide_tidetables.txt,lassen (Nachbarn widersprechen),13.5,16.5,51.6000,-2.6333,50.7,11.4,11.6,ja,0.25,14.02,0.16,14.07,,,,
Sea_Mills.json,"Sea Mills, England, United Kingdom",harmonics_utide_tidetables.txt,offen (Nachbarn unentschieden),15.6,14.0,51.4833,-2.6500,49.6,10.4,10.0,ja,0.45,13.17,0.41,13.24,,,,
Minehead.json,"Minehead, England, United Kingdom",harmonics_utide_tidetables.txt,offen (Nachbarn unentschieden),8.5,8.9,51.2167,-3.4667,46.9,8.0,6.4,ja,0.11,11.63,0.06,11.69,,,,
Porlock_Bay.json,"Porlock Bay, England, United Kingdom",harmonics_utide_tidetables.txt,offen (Nachbarn unentschieden),4.4,3.4,51.2167,-3.6333,46.5,8.0,7.2,ja,0.15,10.93,0.32,11.0,,,,
Rye_(Harbour).json,"Rye (Harbour), England, United Kingdom",harmonics_utide_tidetables.txt,lassen (Kurve laeuft aus dem Ruder),20.1,30.5,50.9333,0.7667,40.7,2.7,6.9,nein,-8.83,7.79,3.05,6.02,,,,
Cleavel_Point.json,"Cleavel Point, England, United Kingdom",harmonics_utide_tidetables.txt,neu fitten,35.7,22.3,50.6667,-2.0000,39.7,2.0,12.4,ja,0.12,2.37,0.11,2.36,,,,
Rye_(Approaches).json,"Rye (Approaches), England, United Kingdom",harmonics_utide_tidetables.txt,lassen (Kurve laeuft aus dem Ruder),4.6,30.9,50.9167,0.7833,39.7,2.7,6.9,nein,-6.43,10.19,5.45,8.42,,,,
Birkenhead_(Alfred_Dock).json,"Birkenhead (Alfred Dock), England, United Kingdom",harmonics_utide_tidetables.txt,lassen (Nachbarn widersprechen),12.7,18.9,53.3917,-3.0208,40.4,3.8,5.7,ja,0.11,10.22,0.06,10.2,,,,
Burnham_(Overy_Staithe).json,"Burnham (Overy Staithe), England, United Kingdom",harmonics_utide_tidetables.txt,lassen (Kurve laeuft aus dem Ruder),47.8,39.4,52.9667,0.7500,39.6,3.0,4.5,nein,-7.68,3.75,0.25,2.95,,,,
Porthcawl.json,"Porthcawl, Wales, United Kingdom",harmonics_utide_tidetables.txt,lassen (Nachbarn widersprechen),1.7,8.2,51.4667,-3.7000,41.8,6.0,5.1,ja,-0.02,10.8,0.04,10.86,,,,
Haws_Point.json,"Haws Point, England, United Kingdom",harmonics_utide_tidetables.txt,lassen (Nachbarn widersprechen),5.2,10.4,54.0500,-3.1667,40.1,4.5,6.0,ja,0.17,10.46,0.12,10.45,,,,
Roa_Island.json,"Roa Island, England, United Kingdom",harmonics_utide_tidetables.txt,lassen (Nachbarn widersprechen),5.5,11.2,54.0667,-3.1667,39.4,4.2,5.4,ja,0.13,10.29,0.09,10.29,,,,
Les_Ecrehou.json,"Les Écréhous, Channel Islands",harmonics_utide_tidetables.txt,lassen (Nachbarn widersprechen),3.2,10.6,49.2833,-1.9333,41.5,6.5,8.8,ja,0.43,11.62,0.46,11.65,,,,
Morecambe.json,"Morecambe, England, United Kingdom",harmonics_utide_tidetables.txt,lassen (Nachbarn widersprechen),8.1,12.2,54.0667,-2.8833,40.7,5.8,6.6,ja,0.21,10.59,0.21,10.49,,,,
Port_Talbot.json,"Port Talbot, Wales, United Kingdom",harmonics_utide_tidetables.txt,lassen (Nachbarn widersprechen),2.7,7.0,51.5833,-3.8167,39.9,5.2,6.0,ja,0.4,10.45,0.35,10.49,,,,
Berkeley.json,"Berkeley, England, United Kingdom",harmonics_utide_tidetables.txt,lassen (Kurve laeuft aus dem Ruder),21.8,40.8,51.7000,-2.5000,50.0,15.8,13.1,nein,-0.57,15.19,0.26,8.03,,,,
Rhu_Marina.json,"Rhu Marina, Scotland, United Kingdom",harmonics_utide_tidetables.txt,offen (Nachbarn unentschieden),8.5,10.1,56.0167,-4.7667,36.5,2.4,6.0,ja,-0.46,3.74,0.0,3.74,,,,
Rosneath.json,"Rhu Marina, Scotland, United Kingdom",harmonics_utide_tidetables.txt,offen (Nachbarn unentschieden),8.9,10.5,56.0000,-4.7833,36.5,2.4,5.8,ja,-0.46,3.74,0.0,3.74,,,,
Formby.json,"Formby, England, United Kingdom",harmonics_utide_tidetables.txt,lassen (Nachbarn widersprechen),4.1,7.7,53.5333,-3.1167,38.0,4.5,6.2,ja,0.03,9.91,0.06,9.77,,,,
Halfway_Shoal.json,"Halfway Shoal, England, United Kingdom",harmonics_utide_tidetables.txt,offen (Nachbarn unentschieden),6.4,6.9,54.0167,-3.2000,37.6,4.1,5.3,ja,0.13,9.92,0.09,9.91,,,,
Blackpool.json,"Blackpool, England, United Kingdom",harmonics_utide_tidetables.txt,offen (Nachbarn unentschieden),5.6,7.6,53.8167,-3.0667,37.9,4.7,6.4,ja,0.08,9.86,0.11,9.76,,,,
Foynes_Island.json,"Foynes Island, Ireland",harmonics_utide_tidetables.txt,neu fitten,10.6,8.6,52.6167,-9.1167,42.4,9.4,8.9,ja,-0.4,5.89,0.0,5.9,,,,
Maryport.json,"Maryport, England, United Kingdom",harmonics_utide_tidetables.txt,lassen (Nachbarn widersprechen),6.5,9.6,54.7167,-3.5000,37.8,4.8,6.7,ja,0.15,9.52,0.1,9.53,,,,
Rochester_(Strood_Pier).json,"Rochester (Strood Pier), England, United Kingdom",harmonics_utide_tidetables.txt,lassen (Nachbarn widersprechen),9.3,16.2,51.4000,0.5000,36.7,4.0,12.7,ja,-0.27,6.57,0.01,6.42,,,,
Connahs_Quay.json,"Connah's Quay, Wales, United Kingdom",harmonics_utide_tidetables.txt,lassen (Kurve laeuft aus dem Ruder),30.4,88.1,53.2167,-3.0500,36.3,3.7,8.5,nein,-54.27,5.72,2.07,5.47,,,,
Duddon_Bar.json,"Duddon Bar, England, United Kingdom",harmonics_utide_tidetables.txt,lassen (Nachbarn widersprechen),4.7,7.2,54.1500,-3.3333,37.0,5.4,6.2,ja,0.06,9.49,0.06,9.39,,,,
St._Catherine_Bay.json,"St. Catherine Bay, Jersey, Channel Islands",harmonics_utide_tidetables.txt,offen (Nachbarn unentschieden),3.6,4.8,49.2167,-2.0167,39.3,7.9,8.1,ja,0.33,12.12,0.24,12.19,,,,
Bouley_Bay.json,"Bouley Bay, Jersey, Channel Islands",harmonics_utide_tidetables.txt,lassen (Nachbarn widersprechen),3.2,5.3,49.2500,-2.0833,38.7,7.4,9.2,ja,0.28,11.57,0.25,11.63,,,,
Newquay.json,"Newquay, England, United Kingdom",harmonics_utide_tidetables.txt,lassen (Nachbarn widersprechen),19.7,23.5,50.4167,-5.0833,37.7,6.6,6.6,ja,-0.36,7.75,0.01,7.77,,,,
Humber_Bridge.json,"Humber Bridge, England, United Kingdom",harmonics_utide_tidetables.txt,lassen (Nachbarn widersprechen),16.8,19.5,53.7167,-0.4500,36.3,5.4,5.9,ja,-0.18,8.03,0.0,7.99,,,,
Hestan_Islet.json,"Hestan Islet, Scotland, United Kingdom",harmonics_utide_tidetables.txt,lassen (Nachbarn widersprechen),6.5,12.4,54.8333,-3.8000,36.7,5.9,13.0,ja,0.13,9.42,0.14,9.24,,,,
Tarn_Point.json,"Tarn Point, England, United Kingdom",harmonics_utide_tidetables.txt,offen (Nachbarn unentschieden),8.9,7.5,54.2833,-3.4167,36.1,5.4,6.5,ja,0.1,9.27,0.1,9.19,,,,
Dale_Roads.json,"Dale Roads, Wales, United Kingdom",harmonics_utide_tidetables.txt,lassen (Nachbarn widersprechen),10.7,13.6,51.7000,-5.1500,35.3,4.6,5.4,ja,-0.23,7.7,0.0,7.72,,,,
Garelochhead.json,"Garelochhead, Scotland, United Kingdom",harmonics_utide_tidetables.txt,lassen (Nachbarn widersprechen),4.9,10.7,56.0833,-4.8333,32.9,2.4,5.6,ja,-0.37,3.84,0.0,3.84,,,,
Rathmullan.json,"Rathmullan, Ireland",harmonics_utide_tidetables.txt,offen (Nachbarn unentschieden),34.6,34.1,55.1000,-7.5333,34.3,4.2,5.8,ja,-0.33,4.94,0.0,4.98,,,,
Lostwithiel.json,"Lostwithiel, England, United Kingdom",harmonics_utide_tidetables.txt,lassen (Kurve laeuft aus dem Ruder),63.7,26.7,50.4000,-4.6667,32.0,2.0,5.1,nein,-7.87,3.02,0.0,1.82,,,,
Conwy.json,"Conwy, Wales, United Kingdom",harmonics_utide_tidetables.txt,lassen (Nachbarn widersprechen),7.5,13.6,53.2833,-3.8333,32.7,2.8,5.1,ja,0.34,8.89,0.32,8.9,,,,
Tenby.json,"Tenby, Wales, United Kingdom",harmonics_utide_tidetables.txt,lassen (Nachbarn widersprechen),10.8,13.6,51.6667,-4.7000,34.9,5.0,5.0,ja,-0.04,9.21,0.03,9.24,,,,
Sovereign_Harbour.json,"Sovereign Harbour, England, United Kingdom",harmonics_utide_tidetables.txt,lassen (Nachbarn widersprechen),2.5,8.6,50.7833,0.3167,32.7,3.1,5.4,ja,0.26,7.93,0.23,7.91,,,,
Arrochar.json,"Arrochar, Scotland, United Kingdom",harmonics_utide_tidetables.txt,lassen (Nachbarn widersprechen),4.7,12.0,56.2000,-4.7500,31.6,2.2,5.8,ja,-0.32,3.84,0.0,3.84,,,,
Preston.json,"Preston, England, United Kingdom",harmonics_utide_tidetables.txt,lassen (Kurve laeuft aus dem Ruder),49.7,37.1,53.7500,-2.7500,42.8,13.5,15.8,nein,-20.35,8.32,0.0,6.21,,,,
Eastbourne.json,"Eastbourne, England, United Kingdom",harmonics_utide_tidetables.txt,lassen (Nachbarn widersprechen),3.8,10.0,50.7667,0.3000,32.6,3.4,5.7,ja,0.28,7.97,0.26,7.96,,,,
Beaumaris.json,"Beaumaris, Wales, United Kingdom",harmonics_utide_tidetables.txt,lassen (Nachbarn widersprechen),6.3,10.3,53.2667,-4.0833,31.9,2.8,4.9,ja,-0.04,8.53,0.03,8.54,,,,
Hale_Head.json,"Hale Head, England, United Kingdom",harmonics_utide_tidetables.txt,lassen (Kurve laeuft aus dem Ruder),20.5,101.4,53.3167,-2.8000,33.0,4.5,6.3,nein,-60.87,8.12,3.82,7.81,,,,
Cumberland_Basin_Entrance.json,"Cumberland Basin Entrance, England, United Kingdom",harmonics_utide_tidetables.txt,lassen (Kurve laeuft aus dem Ruder),15.1,59.3,51.4500,-2.6167,37.1,8.7,4.1,nein,-14.66,31.79,5.69,11.74,,,,
Dungeness.json,"Dungeness, England, United Kingdom",harmonics_utide_tidetables.txt,offen (Nachbarn unentschieden),8.4,10.1,50.9167,0.9667,32.5,4.2,7.3,ja,0.2,8.44,0.17,8.45,,,,
Wouldham.json,"Wouldham, England, United Kingdom",harmonics_utide_tidetables.txt,lassen (Nachbarn widersprechen),17.4,27.9,51.3500,0.4500,31.7,3.5,17.1,ja,0.13,6.33,0.18,6.06,,,,
Newburgh.json,"Newburgh (Tay River), Scotland, United Kingdom",harmonics_utide_tidetables.txt,lassen (Nachbarn widersprechen),30.2,34.5,56.3500,-3.2333,30.7,2.6,11.0,ja,-0.3,4.72,0.0,4.75,,,,
Erith.json,"Erith, England, United Kingdom",harmonics_utide_tidetables.txt,lassen (Nachbarn widersprechen),11.8,19.3,51.4833,0.1833,33.6,5.6,16.4,ja,0.51,7.39,0.46,7.31,,,,
Padstow.json,"Padstow, England, United Kingdom",harmonics_utide_tidetables.txt,lassen (Nachbarn widersprechen),9.9,13.7,50.5500,-4.9333,32.6,4.7,5.9,ja,-0.12,7.93,0.07,7.98,rloi3146.json,130.7,110.5,
North_Fambridge.json,"North Fambridge, England, United Kingdom",harmonics_utide_tidetables.txt,lassen (Nachbarn widersprechen),11.9,20.4,51.6333,0.6833,31.7,3.8,13.9,ja,-0.29,5.95,0.0,5.97,,,,
Poole_Harbour.json,"Poole Harbour, England, United Kingdom",harmonics_utide_tidetables.txt,neu fitten,39.2,19.5,50.7167,-1.9833,30.8,3.0,8.6,ja,0.05,2.62,0.02,2.65,,,,
Lundy.json,"Lundy, England, United Kingdom",harmonics_utide_tidetables.txt,offen (keine Nachbarn),,,51.1667,-4.6500,35.0,7.5,6.2,ja,-0.2,8.89,0.01,8.9,,,,
Mullaghmore.json,"Mullaghmore, Ireland",harmonics_utide_tidetables.txt,lassen (Nachbarn widersprechen),9.5,13.4,54.4667,-8.4500,30.1,2.7,6.9,ja,-0.37,4.11,0.0,4.12,,,,
Clovelly.json,"Clovelly, England, United Kingdom",harmonics_utide_tidetables.txt,lassen (Nachbarn widersprechen),14.4,17.7,51.0000,-4.4000,34.8,7.5,6.8,ja,-0.03,9.18,0.0,9.2,,,,
Blakeney.json,"Blakeney, England, United Kingdom",harmonics_utide_tidetables.txt,lassen (Kurve laeuft aus dem Ruder),25.1,44.6,52.9500,1.0167,30.1,2.9,5.0,nein,-7.02,5.18,1.35,4.05,,,,
Amlwch.json,"Amlwch, Wales, United Kingdom",harmonics_utide_tidetables.txt,lassen (Nachbarn widersprechen),5.6,9.1,53.4167,-4.3333,29.5,2.3,5.6,ja,0.19,7.92,0.17,7.93,,,,
Burry_Port.json,"Burry Port, Wales, United Kingdom",harmonics_utide_tidetables.txt,lassen (Nachbarn widersprechen),13.9,16.4,51.6833,-4.2500,34.5,7.4,7.0,ja,0.21,9.48,0.25,9.5,,,,
Black_Tar.json,"Black Tar, Wales, United Kingdom",harmonics_utide_tidetables.txt,lassen (Nachbarn widersprechen),10.5,15.6,51.7500,-4.9000,33.7,6.8,6.3,ja,-0.28,7.9,0.0,7.91,,,,
Hullbridge.json,"Hullbridge, England, United Kingdom",harmonics_utide_tidetables.txt,lassen (Nachbarn widersprechen),12.9,23.5,51.6333,0.6333,30.2,3.3,13.9,ja,-0.26,5.89,0.0,5.9,,,,
Richmond_Lock.json,"Richmond Lock, England, United Kingdom",harmonics_utide_tidetables.txt,offen (Nachbarn unentschieden),19.7,18.4,51.4667,-0.3167,33.8,7.0,12.1,ja,-0.5,5.42,0.0,5.48,rloi7393.json,41.0,24.6,
Hull_(Albert_Dock).json,"Hull (Albert Dock), England, United Kingdom",harmonics_utide_tidetables.txt,lassen (Nachbarn widersprechen),12.2,16.3,53.7333,-0.3500,31.5,4.9,5.7,ja,-0.09,8.44,0.01,8.43,rloi8103.json,65.3,54.2,
Widnes.json,"Widnes, England, United Kingdom",harmonics_utide_tidetables.txt,lassen (Kurve laeuft aus dem Ruder),50.8,37.3,53.3500,-2.7333,38.8,12.2,15.0,nein,-18.1,7.3,0.25,6.06,,,,
Albert_Bridge.json,"Chelsea Bridge, England, United Kingdom",harmonics_utide_tidetables.txt,lassen (Nachbarn widersprechen),25.3,31.9,51.4833,-0.1667,31.2,4.7,13.0,ja,-0.35,6.83,0.0,6.66,,,,
Isle_Of_Whithorn.json,"Isle Of Whithorn, Scotland, United Kingdom",harmonics_utide_tidetables.txt,lassen (Nachbarn widersprechen),4.4,7.8,54.7000,-4.3667,30.5,4.0,5.9,ja,0.03,7.59,0.05,7.6,,,,
Maseline_Pier.json,"Maseline Harbour, Sark, Channel Islands",harmonics_utide_tidetables.txt,offen (keine Nachbarn),,,49.4333,-2.3500,33.1,6.6,7.7,ja,0.01,9.77,0.12,9.8,,,,
Faslane.json,"Faslane (Gare Loch), Scotland, United Kingdom",harmonics_utide_tidetables.txt,lassen (Nachbarn widersprechen),5.7,11.1,56.0667,-4.8167,28.9,2.5,5.9,ja,-0.36,3.93,0.0,3.93,,,,
Hull_(Alexandra_Dock).json,"Hull (Alexandra Dock), England, United Kingdom",harmonics_utide_tidetables.txt,lassen (Nachbarn widersprechen),8.8,14.5,53.7333,-0.3000,30.3,4.1,7.4,ja,0.16,8.2,0.12,8.2,,,,
Gravesend.json,"Gravesend, England, United Kingdom",harmonics_utide_tidetables.txt,lassen (Nachbarn widersprechen),10.2,16.1,51.4500,0.3833,31.1,5.0,15.0,ja,-0.03,6.97,0.01,6.95,,,,
Neyland.json,"Neyland, Wales, United Kingdom",harmonics_utide_tidetables.txt,lassen (Nachbarn widersprechen),7.0,12.7,51.7000,-4.9500,30.8,4.7,5.5,ja,-0.09,7.69,0.02,7.72,,,,
Douglas.json,"Douglas, Isle of Man",harmonics_utide_tidetables.txt,lassen (Nachbarn widersprechen),8.9,17.6,54.1500,-4.4670,29.4,3.4,6.7,ja,-0.17,7.63,0.08,7.62,,,,
Limerick_Dock.json,"Limerick Dock, Ireland",harmonics_utide_tidetables.txt,offen (keine Nachbarn),,,52.6667,-8.6333,29.1,3.1,9.0,ja,-0.22,6.7,0.02,6.72,,,,
Blacksod_Quay.json,"Blacksod Quay, Ireland",harmonics_utide_tidetables.txt,offen (keine Nachbarn),,,54.1000,-10.0667,28.0,2.3,6.1,ja,-0.28,4.43,0.0,4.45,,,,
Roundstone_Bay.json,"Roundstone Bay, Ireland",harmonics_utide_tidetables.txt,lassen (Nachbarn widersprechen),4.1,8.0,53.3833,-9.9167,27.7,2.2,5.6,ja,-0.22,4.82,0.01,4.83,,,,
Stackpole_Quay.json,"Stackpole Quay, Wales, United Kingdom",harmonics_utide_tidetables.txt,lassen (Nachbarn widersprechen),7.7,14.5,51.6167,-4.9000,32.2,7.1,7.6,ja,0.12,8.79,0.24,8.8,,,,
Sunk_Dredged_Channel.json,"Sunk Dredged Channel, England, United Kingdom",harmonics_utide_tidetables.txt,offen (Nachbarn unentschieden),7.0,7.1,53.6167,-0.0333,28.4,3.6,5.5,ja,0.25,7.78,0.29,7.79,,,,
Kilkieran_Cove.json,"Kilkieran Cove, Ireland",harmonics_utide_tidetables.txt,lassen (Nachbarn widersprechen),4.4,13.4,53.3167,-9.7333,27.3,2.6,6.0,ja,-0.25,5.4,0.0,5.42,,,,
Goole.json,"Goole, England, United Kingdom",harmonics_utide_tidetables.txt,offen (Nachbarn unentschieden),23.9,23.4,53.7000,-0.8667,31.1,6.6,7.2,ja,-1.0,6.54,0.0,6.59,,,,
Northney.json,"Northney, England, United Kingdom",harmonics_utide_tidetables.txt,lassen (Nachbarn widersprechen),7.3,17.5,50.8333,-0.9667,28.0,3.5,7.5,ja,-0.25,5.33,0.0,5.31,,,,
Outer_Westmark_Knock.json,"Outer Westmark Knock, England, United Kingdom",harmonics_utide_tidetables.txt,offen (Nachbarn unentschieden),9.2,10.1,52.8833,0.2167,28.7,4.2,6.2,ja,-0.15,7.92,0.0,7.91,,,,
Cemaes_Bay.json,"Cemaes Bay, Wales, United Kingdom",harmonics_utide_tidetables.txt,lassen (Nachbarn widersprechen),15.1,22.3,53.4167,-4.4500,26.9,2.6,5.4,ja,0.04,7.47,0.02,7.48,,,,
Humber_Sea_Terminal.json,"Humber Sea Terminal, England, United Kingdom",harmonics_utide_tidetables.txt,lassen (Nachbarn widersprechen),8.8,11.0,53.6667,-0.2333,28.5,4.3,6.6,ja,0.08,7.9,0.09,7.93,,,,
Boscastle.json,"Boscastle, England, United Kingdom",harmonics_utide_tidetables.txt,offen (Nachbarn unentschieden),7.7,8.2,50.6833,-4.7000,30.6,6.5,6.6,ja,-0.03,8.04,0.0,8.07,,,,
Grimsby.json,"Grimsby, England, United Kingdom",harmonics_utide_tidetables.txt,offen (Nachbarn unentschieden),7.0,8.1,53.5833,-0.0667,27.1,3.1,5.2,ja,0.73,7.66,0.74,7.67,,,,
Darnett_Ness.json,"Darnett Ness, England, United Kingdom",harmonics_utide_tidetables.txt,lassen (Nachbarn widersprechen),7.9,12.8,51.4000,0.6000,27.9,4.0,11.3,ja,-0.08,6.56,0.0,6.46,,,,
Rona.json,"Rona, Scotland, United Kingdom",harmonics_utide_tidetables.txt,offen (keine Nachbarn),,,59.1333,-5.8167,27.1,3.3,4.9,ja,-0.41,3.69,0.0,3.73,,,,
Spurn_Head.json,"Spurn Head, England, United Kingdom",harmonics_utide_tidetables.txt,offen (Nachbarn unentschieden),5.7,5.2,53.5833,0.1167,26.9,3.2,4.7,ja,0.22,7.67,0.28,7.69,rloi8194.json,23.6,24.2,
Bee_Ness.json,"Bee Ness, England, United Kingdom",harmonics_utide_tidetables.txt,lassen (Nachbarn widersprechen),8.0,12.7,51.4167,0.6500,27.3,3.8,11.8,ja,0.08,6.56,0.05,6.46,,,,
Cape_Cornwall.json,"Cape Cornwall, England, United Kingdom",harmonics_utide_tidetables.txt,offen (Nachbarn unentschieden),7.9,6.9,50.1333,-5.7000,27.4,4.0,6.9,ja,-0.14,6.65,0.01,6.68,,,,
Grovehurst_Jetty.json,"Grovehurst Jetty, England, United Kingdom",harmonics_utide_tidetables.txt,lassen (Nachbarn widersprechen),6.8,12.5,51.3667,0.7667,27.0,3.7,10.1,ja,-0.07,6.35,0.0,6.22,,,,
Worthing.json,"Worthing, England, United Kingdom",harmonics_utide_tidetables.txt,lassen (Nachbarn widersprechen),2.9,7.7,50.8000,-0.3667,26.2,3.0,5.2,ja,0.13,6.8,0.1,6.76,,,,
Appledore.json,"Appledore, England, United Kingdom",harmonics_utide_tidetables.txt,lassen (Nachbarn widersprechen),16.4,19.7,51.0500,-4.2000,33.0,10.0,10.1,ja,0.2,8.5,0.08,8.55,,,,
Middlesbrough_(Dock_Entrance).json,"Middlesbrough (Dock Entrance), England, United Kingdom",harmonics_utide_tidetables.txt,lassen (Nachbarn widersprechen),1.9,7.3,54.5833,-1.2167,25.3,2.5,6.7,ja,-0.19,6.1,0.0,6.11,,,,
Inishtrahull.json,"Inishtrahull, Ireland",harmonics_utide_tidetables.txt,lassen (Nachbarn widersprechen),11.1,14.5,55.4333,-7.2333,26.8,4.1,6.3,ja,-0.31,3.76,0.0,3.79,,,,
Luce_Bay_(Offshore_Platform).json,"Luce Bay (Offshore Platform), Scotland, United Kingdom",harmonics_utide_tidetables.txt,lassen (Nachbarn widersprechen),11.6,16.9,54.8333,-4.8833,27.3,4.6,6.6,ja,0.15,7.21,0.13,7.15,,,,
Port_St._Mary.json,"Port Saint Mary, Isle of Man",harmonics_utide_tidetables.txt,lassen (Nachbarn widersprechen),5.1,11.7,54.0667,-4.7333,26.3,3.6,8.2,ja,-0.06,6.48,0.0,6.41,,,,
Osea_Island.json,"Osea Island (Blackwater River), England, United Kingdom",harmonics_utide_tidetables.txt,lassen (Nachbarn widersprechen),9.6,19.1,51.7167,0.7667,26.1,3.6,17.1,ja,-0.22,5.86,0.03,5.85,,,,
Tabs_Head.json,"Tabs Head, England, United Kingdom",harmonics_utide_tidetables.txt,lassen (Nachbarn widersprechen),5.4,7.7,52.9333,0.0833,27.6,5.1,6.4,ja,0.01,8.35,0.04,8.35,,,,
Greenore.json,"Greenore (Carlingford Lough), Ireland",harmonics_utide_tidetables.txt,lassen (Nachbarn widersprechen),7.2,10.9,54.0333,-6.1333,25.2,2.8,6.2,ja,-0.25,5.88,0.0,5.89,,,,
Perranporth.json,"Perranporth, England, United Kingdom",harmonics_utide_tidetables.txt,lassen (Nachbarn widersprechen),11.3,16.2,50.3500,-5.1500,28.6,6.3,7.0,ja,-0.08,7.64,0.0,7.67,,,,
Hunstanton.json,"Hunstanton, England, United Kingdom",harmonics_utide_tidetables.txt,lassen (Nachbarn widersprechen),5.9,9.3,52.9333,0.4833,26.7,4.5,6.3,ja,0.23,8.2,0.21,8.21,,,,
West_Stones.json,"West Stones, England, United Kingdom",harmonics_utide_tidetables.txt,lassen (Nachbarn widersprechen),6.8,9.0,52.8333,0.3500,27.5,5.3,6.0,ja,0.16,8.25,0.07,8.26,,,,
Skomer_Island.json,"Skomer Island, Wales, United Kingdom",harmonics_utide_tidetables.txt,lassen (Nachbarn widersprechen),11.0,14.6,51.7333,-5.2833,28.1,6.1,6.8,ja,-0.11,7.28,0.02,7.28,,,,
Calf_Sound.json,"Calf Sound, Isle of Man",harmonics_utide_tidetables.txt,lassen (Nachbarn widersprechen),4.1,8.7,54.0667,-4.8000,26.1,4.2,6.6,ja,-0.09,6.77,0.0,6.7,,,,
Skegness.json,"Skegness, England, United Kingdom",harmonics_utide_tidetables.txt,offen (keine Nachbarn),,,53.1500,0.3500,25.5,3.7,6.9,ja,0.41,7.5,0.38,7.5,,,,
Whitstable_Approaches.json,"Whitstable Approaches, England, United Kingdom",harmonics_utide_tidetables.txt,lassen (Nachbarn widersprechen),13.8,21.7,51.3667,1.0333,25.0,3.2,11.8,ja,0.09,5.7,0.09,5.71,,,,
Drummore.json,"Drummore, Scotland, United Kingdom",harmonics_utide_tidetables.txt,lassen (Nachbarn widersprechen),13.5,16.9,54.7000,-4.8833,25.8,4.1,6.7,ja,-0.1,6.48,0.0,6.36,,,,
New_Hythe.json,"New Hythe, England, United Kingdom",harmonics_utide_tidetables.txt,lassen (Kurve laeuft aus dem Ruder),39.0,50.0,51.3167,0.4667,25.6,4.3,18.0,nein,-0.07,6.15,0.3,4.66,,,,
St._Ives.json,"St. Ives, England, United Kingdom",harmonics_utide_tidetables.txt,lassen (Nachbarn widersprechen),10.7,16.7,50.2167,-5.4833,27.1,6.3,7.0,ja,-0.02,7.36,0.04,7.37,rloi3154.json,26.4,28.6,
Kincardine.json,"Kincardine, Scotland, United Kingdom",harmonics_utide_tidetables.txt,lassen (Nachbarn widersprechen),18.8,27.5,56.0667,-3.7167,26.9,6.4,18.9,ja,-0.14,7.08,0.0,6.43,,,,
Fremington.json,"Fremington, England, United Kingdom",harmonics_utide_tidetables.txt,neu fitten,20.8,18.0,51.0833,-4.1167,27.8,8.1,9.1,ja,-0.22,6.99,0.06,7.03,,,,
