np203_no,name_alt,lat,lon,kandidat,art,km,schrift,buchhafen,buchhafen_nr,buchhafen_km,name_neu
415,"Red Sea, Bab-el-Mandeb Current",12.6450,43.3333,Bab-el-Mandeb Strait,strait,8.19,,"Mayyun / Perim (Bab el Mandeb Strait), Yemen",4153,7.7,"Mayyun / Perim (Bab el Mandeb Strait), Yemen Current"
415,"Red Sea, Bab-el-Mandeb Current",12.6450,43.3333,Dact-el-Mayun,strait,9.85,,"Mayyun / Perim (Bab el Mandeb Strait), Yemen",4153,7.7,
415,"Red Sea, Bab-el-Mandeb Current",12.6450,43.3333,Bab Iskander strait,strait,13.73,,"Mayyun / Perim (Bab el Mandeb Strait), Yemen",4153,7.7,
416,"Red Sea, West off Mokha Current",13.3967,42.9333,,,,,"Balhaf, Yemen",4160,569.9,
417,"Zuqar / Abu Ali Islands, Yemen Current",14.0533,42.8283,Abu Ail Islands,archipelago,3.38,,"Ash Shuwaymiyah, Oman",4170a,1409.7,
417,"Zuqar / Abu Ali Islands, Yemen Current",14.0533,42.8283,Jazirat Khawin,island,4.52,,"Ash Shuwaymiyah, Oman",4170a,1409.7,
417,"Zuqar / Abu Ali Islands, Yemen Current",14.0533,42.8283,Abu `Ali Island,coastline,2.97,,"Ash Shuwaymiyah, Oman",4170a,1409.7,
418,"Ras Hilf (Masirah Island), Oman Current",20.6983,58.8650,Juzayrah,island,14.94,,"Sur, Oman",4182,219.8,
419,"Off Muscat, Oman Current",23.6317,58.5900,Khawr Kalbuh,bay,1.19,,"Suhar (Sohar), Oman",4190,205.6,
419,"Off Muscat, Oman Current",23.6317,58.5900,Khor Muscat,bay,1.31,,"Suhar (Sohar), Oman",4190,205.6,
419,"Off Muscat, Oman Current",23.6317,58.5900,Khawr Riyam,bay,1.76,,"Suhar (Sohar), Oman",4190,205.6,"Khawr Riyam / Al Jazirah, Oman Current"
420,"Strait of Hormuz, Oman Current",26.3700,56.6950,,,,,"Saqr Port (Mina Saqr), United Arab Emirates",4200,77.6,"Strait of Hormuz (Jazirat Musandam), Oman Current"
420a,"Khawr Quway, Oman Current",26.3617,56.3633,Bab Shuraytah,strait,3.42,,"Saqr Port (Mina Saqr), United Arab Emirates",4200,52.7,
420a,"Khawr Quway, Oman Current",26.3617,56.3633,Strait of Hormuz,strait,12.84,,"Saqr Port (Mina Saqr), United Arab Emirates",4200,52.7,
420a,"Khawr Quway, Oman Current",26.3617,56.3633,Khawr Qaltah,bay,2.81,,"Saqr Port (Mina Saqr), United Arab Emirates",4200,52.7,
421,Al Ghallan / Al Tok Island Current,24.8633,53.7050,Zakum Tower 38 (1971),platform,6.81,,"Zaqqum Oilfield (Platform Zws), United Arab Emirates",4215,19.1,
421,Al Ghallan / Al Tok Island Current,24.8633,53.7050,Flare 2,platform,8.19,,"Zaqqum Oilfield (Platform Zws), United Arab Emirates",4215,19.1,
421,Al Ghallan / Al Tok Island Current,24.8633,53.7050,ADNOC Offshore Central Island,coastline,5.30,,"Zaqqum Oilfield (Platform Zws), United Arab Emirates",4215,19.1,
421a,"Sir Abu Nu'ayr N, United Arab Emirates Current",25.3000,54.2333,Sir Bu Nair Island,coastline,7.70,,"Sir Abu Nu'ayr, United Arab Emirates",4211,9.0,
421b,"Sir Abu Nu'ayr E, United Arab Emirates Current",25.2167,54.2833,Sir Bu Nair Island,coastline,6.64,,"Sir Abu Nu'ayr, United Arab Emirates",4211,4.8,
422,The Gulf (NP203 422) Current,24.3883,52.6383,Sir Bani Yas,island,8.82,,"Ghasha Light Buoy, United Arab Emirates",4223a,8.8,"Sir Bani Yas / Ghashshah (Persian Gulf), United Arab Emirates Current"
422,The Gulf (NP203 422) Current,24.3883,52.6383,Ghashshah,coastline,2.93,,"Ghasha Light Buoy, United Arab Emirates",4223a,8.8,
422,The Gulf (NP203 422) Current,24.3883,52.6383,Sir Bani Yas,coastline,10.39,,"Ghasha Light Buoy, United Arab Emirates",4223a,8.8,
422a,"Jazirat Arzanah S, United Arab Emirates Current",24.6533,52.5783,,,,,"Jazirat Arzanah, United Arab Emirates",4224,14.5,
422b,"Zirku SW, United Arab Emirates Current",24.8217,52.9367,,,,,"Zirku Terminal, United Arab Emirates",4220,27.7,
422c,"Zirku NW, United Arab Emirates Current",24.9383,52.9550,connection to island,pipeline_submarine,14.55,,"Zirku Terminal, United Arab Emirates",4220,16.7,
422c,"Zirku NW, United Arab Emirates Current",24.9383,52.9550,Zirku Island,coastline,13.80,,"Zirku Terminal, United Arab Emirates",4220,16.7,
422d,"El Bunduq Oilfield, United Arab Emirates Current",25.1000,52.6167,,,,,"El Bunduq Oilfield, United Arab Emirates",4221a,0.0,
424,"Doha SE (Persian Gulf), Qatar Current",25.2183,51.7417,Banana Island Resort Doha,light_minor,13.37,,"Sumaysimah, Qatar",4240,45.7,
424,"Doha SE (Persian Gulf), Qatar Current",25.2183,51.7417,Banana Island,coastline,13.20,,"Sumaysimah, Qatar",4240,45.7,
424a,"Doha Offshore (Persian Gulf), Qatar Current",25.3600,52.0117,,,,,"Sumaysimah, Qatar",4240,56.3,
424b,The Gulf (NP203 424b) Current,24.8683,51.7100,,,,,"Sumaysimah, Qatar",4240,80.5,"Mesaieed offshore (Persian Gulf), Qatar Current"
424c,"Ras Laffan NE (Persian Gulf), Qatar Current",26.1800,51.8667,,,,,"Ras Laffan, Qatar",4242,40.5,
424d,"Doha E (Persian Gulf), Qatar Current",25.2933,51.7833,Banana Island Resort Doha,light_minor,14.22,,"Sumaysimah, Qatar",4240,41.6,
424d,"Doha E (Persian Gulf), Qatar Current",25.2933,51.7833,Banana Island,coastline,14.13,,"Sumaysimah, Qatar",4240,41.6,
424e,"Al Chaur E (Persian Gulf), Qatar Current",25.7733,52.0400,,,,,"Ras Laffan, Qatar",4242,48.4,
424f,Ras Laffan <-> Lavan Island (Persian Gulf) Current,26.2867,52.4000,,,,,"Ras Laffan, Qatar",4242,91.1,
424g,"Sir Abu Nu'ayr NW, United Arab Emirates Current",25.4967,53.7517,,,,,"Ras Laffan, Qatar",4242,222.1,
426a,"Khafji, Saudi Arabia Current",28.4517,48.5950,Ra's Bard Halq,cape,10.36,,"Khafji, Saudi Arabia",4260f,7.4,
426a,"Khafji, Saudi Arabia Current",28.4517,48.5950,Khawr al Khafji,bay,12.40,,"Khafji, Saudi Arabia",4260f,7.4,
426a,"Khafji, Saudi Arabia Current",28.4517,48.5950,Dawhat al `Asli,bay,13.87,,"Khafji, Saudi Arabia",4260f,7.4,
426b,"Khafji Oilfield, Saudi Arabia Current",28.4750,48.9367,,,,,"Khafji Oilfield, Saudi Arabia",4260d,1.0,
426c,"Khafji N, Saudi Arabia Current",28.5250,48.7333,,,,,"Jazirat Umm al Maradim, Kuwait",4260g,18.6,
426d,"Khafji NE, Saudi Arabia Current",28.6017,48.9983,,,,,"Hout Oilfield, Saudi Arabia",4260e,9.5,
426e,"Khowr-e Musa, Iran Current",29.9467,49.1267,,,,,"Shatt al Arab Outer Bar, Iraq",4268,41.5,
429,"Nakhiloo / Thamadoo S, Iran Current",27.4483,51.4183,,,,,"Jazireh-ye Lavan, Iran",4290,208.0,
429a,"Lavan / Hendorabi S, Iran Current",26.5833,53.4167,,,,,"Jazireh-ye Lavan, Iran",4290,23.6,
470,Singapore Strait (NP203 470) Current,1.2333,103.3167,Marko,strait,12.82,,"Kukup, Malaysia",4707a,18.5,"Posal Piya (Singapore Strait), Indonesia Current"
470,Singapore Strait (NP203 470) Current,1.2333,103.3167,Tanjung Puluh,cape,12.34,,"Kukup, Malaysia",4707a,18.5,
470,Singapore Strait (NP203 470) Current,1.2333,103.3167,Tanjung Selayang,cape,12.51,,"Kukup, Malaysia",4707a,18.5,
471,Singapore Strait (NP203 471) Current,1.1367,103.6100,Main Strait,strait,13.97,,"Sultan Shoal, Singapore",4714,11.6,
471,Singapore Strait (NP203 471) Current,1.1367,103.6100,Selat Pawai,strait,14.07,,"Sultan Shoal, Singapore",4714,11.6,
471,Singapore Strait (NP203 471) Current,1.1367,103.6100,Selat Salu,strait,14.19,,"Sultan Shoal, Singapore",4714,11.6,
471a,Singapore Strait (NP203 471a) Current,1.1217,103.7167,Phillip Strait,strait,3.70,,"Raffles Lighthouse, Singapore",4717,6.2,"Pulau Takong Besar (Singapore Strait), Indonesia Current"
471a,Singapore Strait (NP203 471a) Current,1.1217,103.7167,Main Strait,strait,4.27,,"Raffles Lighthouse, Singapore",4717,6.2,
471a,Singapore Strait (NP203 471a) Current,1.1217,103.7167,Selat Biola,strait,5.58,,"Raffles Lighthouse, Singapore",4717,6.2,
471b,"Singapore Strait, Riau Current",1.0000,103.5667,Pulau Parit,island,14.31,,"Sultan Shoal, Singapore",4714,27.5,
471b,"Singapore Strait, Riau Current",1.0000,103.5667,Mantaras Kecil,island,14.72,,"Sultan Shoal, Singapore",4714,27.5,
471b,"Singapore Strait, Riau Current",1.0000,103.5667,Pulau Pandan Kecil,coastline,9.67,,"Sultan Shoal, Singapore",4714,27.5,
472,Singapore Strait (NP203 472) Current,1.0950,103.7300,Phillip Strait,strait,1.13,,"Sembawang Shipyard, Singapore",4725,42.9,"Takong Kecil Lighthouse (Singapore Strait), Indonesia Current"
472,Singapore Strait (NP203 472) Current,1.0950,103.7300,Main Strait,strait,6.78,,"Sembawang Shipyard, Singapore",4725,42.9,
472,Singapore Strait (NP203 472) Current,1.0950,103.7300,Selat Biola,strait,8.01,,"Sembawang Shipyard, Singapore",4725,42.9,
472a,Singapore Strait (NP203 472a) Current,1.2333,103.8150,Singapore Strait,strait,2.75,,"Sembawang Shipyard, Singapore",4725,26.0,"Terumbu Selegi / Sentosa (Singapore Strait), Singapore Current"
472a,Singapore Strait (NP203 472a) Current,1.2333,103.8150,Selat Tanjong Hakim,strait,2.86,,"Sembawang Shipyard, Singapore",4725,26.0,
472a,Singapore Strait (NP203 472a) Current,1.2333,103.8150,Keppel Harbour,strait,3.23,,"Sembawang Shipyard, Singapore",4725,26.0,
472b,Singapore Strait (NP203 472b) Current,1.1650,103.8000,Singapore Strait,strait,5.09,,"Sungai Changi, Malaysia",4721,33.1,"Semakau & Sebarok / Pulau Subar (Singapore Strait), Indonesia Current  "
472b,Singapore Strait (NP203 472b) Current,1.1650,103.8000,Selat Biola,strait,6.74,,"Sungai Changi, Malaysia",4721,33.1,
472b,Singapore Strait (NP203 472b) Current,1.1650,103.8000,Main Strait,strait,7.39,,"Sungai Changi, Malaysia",4721,33.1,
472d,Singapore Strait (NP203 472d) Current,1.2500,103.8200,Keppel Harbour,strait,1.36,,"Sembawang Shipyard, Singapore",4725,24.1,"Palawan / Sentosa (Singapore Strait), Singapore Current"
472d,Singapore Strait (NP203 472d) Current,1.2500,103.8200,Selat Sengkir,strait,1.72,,"Sembawang Shipyard, Singapore",4725,24.1,
472d,Singapore Strait (NP203 472d) Current,1.2500,103.8200,Selat Tanjong Hakim,strait,3.71,,"Sembawang Shipyard, Singapore",4725,24.1,
472e,Singapore Strait (NP203 472e) Current,1.2433,103.8500,Cooper Channel,strait,2.17,,"Sungai Changi, Malaysia",4721,22.9,"Pulau Buran / Sentosa (Cooper Channel), Singapore Current"
472e,Singapore Strait (NP203 472e) Current,1.2433,103.8500,Selat Sengkir,strait,2.28,,"Sungai Changi, Malaysia",4721,22.9,
472e,Singapore Strait (NP203 472e) Current,1.2433,103.8500,Selat Tanjong Hakim,strait,2.71,,"Sungai Changi, Malaysia",4721,22.9,
472f,Singapore Strait (NP203 472f) Current,1.2400,103.9167,Cooper Channel,strait,7.88,,"Sungai Changi, Malaysia",4721,19.3,"Southeast of Marina South (Cooper Channel), Singapore Current"
472f,Singapore Strait (NP203 472f) Current,1.2400,103.9167,Selat Tanjong Hakim,strait,8.96,,"Sungai Changi, Malaysia",4721,19.3,
472f,Singapore Strait (NP203 472f) Current,1.2400,103.9167,Selat Sengkir,strait,9.35,,"Sungai Changi, Malaysia",4721,19.3,
473,Singapore Strait E (NP203 473) Current,1.2900,104.1633,Tanjung Kapal,cape,5.86,,"Tanjung Ayam, Malaysia",4736,6.3,"Pengerang Anchorage (Singapore Strait), Malaysia Current"
473,Singapore Strait E (NP203 473) Current,1.2900,104.1633,Teluk Ampang,bay,5.91,,"Tanjung Ayam, Malaysia",4736,6.3,
473,Singapore Strait E (NP203 473) Current,1.2900,104.1633,Tanjung Setapa,cape,6.63,,"Tanjung Ayam, Malaysia",4736,6.3,
473a,Singapore Strait (NP203 473a) Current,1.2150,103.9533,Cooper Channel,strait,11.79,,"Tanjung Pengelih, Malaysia",4735,22.2,"Northwest of Pulau Batam (Singapore Strait), Indonesia Current"
473a,Singapore Strait (NP203 473a) Current,1.2150,103.9533,Selat Tanjong Hakim,strait,12.83,,"Tanjung Pengelih, Malaysia",4735,22.2,
473a,Singapore Strait (NP203 473a) Current,1.2150,103.9533,Selat Sengkir,strait,14.03,,"Tanjung Pengelih, Malaysia",4735,22.2,
473b,Singapore Strait (NP203 473b) Current,1.1950,103.8767,Cooper Channel,strait,4.56,,"Tanjung Pengelih, Malaysia",4735,29.9,"Batu Berhanti Lighthouse (Singapore Strait), Indonesia Current"
473b,Singapore Strait (NP203 473b) Current,1.1950,103.8767,Selat Tanjong Hakim,strait,5.23,,"Tanjung Pengelih, Malaysia",4735,29.9,
473b,Singapore Strait (NP203 473b) Current,1.1950,103.8767,Singapore Strait,strait,7.11,,"Tanjung Pengelih, Malaysia",4735,29.9,
473c,Singapore Strait E (NP203 473c) Current,1.3333,104.3333,Lima Channel,strait,6.22,,"Horsburgh Lighthouse, Malaysia",4738,7.4,"Falloden Hall Shoal (Singapore Strait), Malaysia Current"
473c,Singapore Strait E (NP203 473c) Current,1.3333,104.3333,South Channel,strait,9.33,,"Horsburgh Lighthouse, Malaysia",4738,7.4,
473c,Singapore Strait E (NP203 473c) Current,1.3333,104.3333,Tanjung Penyusuh,cape,6.97,,"Horsburgh Lighthouse, Malaysia",4738,7.4,
473d,Riau Archipelago (NP203 473d) Current,1.0000,104.2000,Tanjung Talu,cape,3.76,,"Tanjung Ayam, Malaysia",4736,37.1,"Tanjung Talu / Ngenang (Riau), Indonesia Current"
473d,Riau Archipelago (NP203 473d) Current,1.0000,104.2000,Tanjung Romin,cape,5.84,,"Tanjung Ayam, Malaysia",4736,37.1,
473d,Riau Archipelago (NP203 473d) Current,1.0000,104.2000,Tanjung Uban,cape,7.62,,"Tanjung Ayam, Malaysia",4736,37.1,
474,Riau Archipelago (NP203 474) Current,0.6167,104.4167,Pulau Korek Busung,island,10.99,,"Tanjungpinang, Indonesia",4741,33.4,"East of Pantai Cakang, Pulau Garang-baru (Riau), Indonesia Current"
474,Riau Archipelago (NP203 474) Current,0.6167,104.4167,Pulau Batubelobang,island,12.54,,"Tanjungpinang, Indonesia",4741,33.4,
474,Riau Archipelago (NP203 474) Current,0.6167,104.4167,Pulau Tadjungdahan,island,13.31,,"Tanjungpinang, Indonesia",4741,33.4,
474a,Riau Archipelago (NP203 474a) Current,0.8000,104.6217,Selat Maralimau,strait,4.41,,"Pelabuhan Kijang, Indonesia",4742,5.6,"Pulau Ngalih / Pulau Kelong (Riau), Indonesia Current"
474a,Riau Archipelago (NP203 474a) Current,0.8000,104.6217,Pulau Mantang,island,8.87,,"Pelabuhan Kijang, Indonesia",4742,5.6,
474a,Riau Archipelago (NP203 474a) Current,0.8000,104.6217,Pulau Malangorang,bare_rock,10.53,,"Pelabuhan Kijang, Indonesia",4742,5.6,
475,Karimata approaches Current,-0.2833,105.1667,,,,,"Tanjung Butun, Indonesia",4751,63.0,"Bulungkor (Pulau Lingga), Indonesia Current"
475a,Berhala Strait (NP203 475a) Current,-0.8667,104.3667,Berhala Strait,strait,5.77,,"Pulau Berhala, Indonesia",4756,3.7,"Pulau Berhala (Berhala Strait), Indonesia Current"
475a,Berhala Strait (NP203 475a) Current,-0.8667,104.3667,Pulau Ujung Batu,islet,6.16,,"Pulau Berhala, Indonesia",4756,3.7,
475a,Berhala Strait (NP203 475a) Current,-0.8667,104.3667,Pulau Lampu,coastline,4.24,,"Pulau Berhala, Indonesia",4756,3.7,
476,Berhala Strait (NP203 476) Current,-0.6667,103.7000,,,,,"Kuala Lajau, Indonesia",4760,34.1,"Northeast of Kuala Tungkal (Berhala Strait), Indonesia Current"
485,Bangka Strait (NP203 485) Current,-1.4000,105.1667,,,,,"Pulau Cebia, Indonesia",4854,24.1,"Pulau Cebia (Bangka Strait), Indonesia Current"
485a,Bangka Strait (NP203 485a) Current,-2.2167,105.2500,Brom-Brom Reef,reef,9.55,,"Tanjung Kelian, Indonesia",4857,21.0,"Southeast of Muntok (Bangka Strait), Indonesia Current"
485b,Gaspar Strait Current,-2.8833,106.0000,Pulau Besar,island,14.81,,"Pulau Besar, Indonesia",4859,14.8,"Pulau Besar (Gaspar Strait), Indonesia Current"
490,E Malaysia coast Current,3.9533,103.4583,Tanjung Gelang,cape,2.28,,"Chendering, Malaysia",4901,149.2,"Tanjung Gelang (Kuantan Port), Malaysia Current"
490,E Malaysia coast Current,3.9533,103.4583,Teluk Pak Long,bay,2.62,,"Chendering, Malaysia",4901,149.2,
490,E Malaysia coast Current,3.9533,103.4583,Teluk Air Tawar,bay,2.69,,"Chendering, Malaysia",4901,149.2,
496,Philippine Islands (NP203 496) Current,10.6833,122.5833,Nabitasan Lake Island,islet,4.04,,"Moalbual, Philippines",4961,122.2,"Iloilo Strait (Iloilo City), Philippines Current"
496,Philippine Islands (NP203 496) Current,10.6833,122.5833,Isla Verde,islet,6.24,,"Moalbual, Philippines",4961,122.2,
496,Philippine Islands (NP203 496) Current,10.6833,122.5833,Guimaras Island,island,11.68,,"Moalbual, Philippines",4961,122.2,
497,Philippine Islands (NP203 497) Current,10.2833,123.9000,Cebu Strait,strait,13.47,,"Nin Bay, Philippines",4970,227.0,"Shell Island (Cebu Strait), Philippines Current"
497,Philippine Islands (NP203 497) Current,10.2833,123.9000,Cansaga Bay,bay,10.80,,"Nin Bay, Philippines",4970,227.0,
497,Philippine Islands (NP203 497) Current,10.2833,123.9000,Magellan Bay,bay,14.13,,"Nin Bay, Philippines",4970,227.0,
503,San Bernardino Strait Current,12.5000,124.1167,Bato Island,island,7.55,,"Biri Island, Philippines",5034,31.9,"San Bernardino Strait (Calintaan, Capul Lighthouse), Philippines Current"
503,San Bernardino Strait Current,12.5000,124.1167,Capul Island,island,9.08,,"Biri Island, Philippines",5034,31.9,
503,San Bernardino Strait Current,12.5000,124.1167,Capul Lighthouse,light_major,3.37,,"Biri Island, Philippines",5034,31.9,
504,Philippine Islands (NP203 504) Current,11.2667,125.0000,San Juanico Strait,strait,10.37,,"Tacloban, Philippines",5043,1.9,"Tacloban / Bintac Point (San Juanico Strait), Philippines Current"
504,Philippine Islands (NP203 504) Current,11.2667,125.0000,Cancabato Bay,bay,4.90,,"Tacloban, Philippines",5043,1.9,
504,Philippine Islands (NP203 504) Current,11.2667,125.0000,Lazaretto Island,island,1.82,,"Tacloban, Philippines",5043,1.9,
504a,Philippine Islands (NP203 504a) Current,11.3667,124.9833,San Juanico Strait,strait,1.81,,"Santa Elena River, Philippines",5042,1.9,"Uban Point (San Juanico Strait), Leyte, Philippines Current"
504a,Philippine Islands (NP203 504a) Current,11.3667,124.9833,Caracapan Islands,island,0.00,,"Santa Elena River, Philippines",5042,1.9,
504a,Philippine Islands (NP203 504a) Current,11.3667,124.9833,Bagalibas Island,island,1.85,,"Santa Elena River, Philippines",5042,1.9,
506,Basilan Strait Current,6.9000,122.0667,Coast Guard Sub-station Rio Hondo,coastguard_station,2.23,,"Zamboanga, Philippines",5068,0.0,"Zamboanga (Basilan Strait), Philippines Current"
506,Basilan Strait Current,6.9000,122.0667,Little Santa Cruz Lighthouse,light_major,3.20,,"Zamboanga, Philippines",5068,0.0,
506,Basilan Strait Current,6.9000,122.0667,Little Santa Cruz Island,coastline,3.15,,"Zamboanga, Philippines",5068,0.0,
511,Off Borneo (NP203 511) Current,5.8317,118.1200,Sandakan Bay,bay,1.26,,"Sandakan, Malaysia",5115,0.4,"Teluk Sandakan, Malaysia Current"
511,Off Borneo (NP203 511) Current,5.8317,118.1200,Berhala Island,island,5.25,,"Sandakan, Malaysia",5115,0.4,
511,Off Borneo (NP203 511) Current,5.8317,118.1200,Berhala Island Lighthouse,light_major,5.32,,"Sandakan, Malaysia",5115,0.4,
514,Off Borneo (NP203 514) Current,5.2517,115.1333,Kuraman Island,island,2.97,,"Muara, Brunei",5143,25.4,"Pulau Kuraman (north), Malaysia Current"
514,Off Borneo (NP203 514) Current,5.2517,115.1333,Labuan Island,island,11.47,,"Muara, Brunei",5143,25.4,
514,Off Borneo (NP203 514) Current,5.2517,115.1333,Trident Shoal,reef,11.13,,"Muara, Brunei",5143,25.4,
514a,Off Borneo (NP203 514a) Current,5.2267,115.1567,Kuraman Island,island,2.55,,"Muara, Brunei",5143,23.7,"Pulau Kuraman (northeast), Malaysia Current"
514a,Off Borneo (NP203 514a) Current,5.2267,115.1567,Labuan Island,island,11.87,,"Muara, Brunei",5143,23.7,
514a,Off Borneo (NP203 514a) Current,5.2267,115.1567,Papan Island,islet,12.99,,"Muara, Brunei",5143,23.7,
532,Sulawesi (NP203 532) Current,-1.4367,125.1917,,,,,"Dofa, Indonesia",5328,48.2,"Pulau Taliabu (northeast), Indonesia Current"
532a,Sulawesi (NP203 532a) Current,-1.8000,125.3333,Kepulauan Sula,island,8.29,,"Dofa, Indonesia",5328,7.6,"Selat Capalulu (Pulau Taliabu / Mangoli), Indonesia Current"
532a,Sulawesi (NP203 532a) Current,-1.8000,125.3333,Pulau Ipa,island,10.86,,"Dofa, Indonesia",5328,7.6,
532a,Sulawesi (NP203 532a) Current,-1.8000,125.3333,Pulau Liku,coastline,10.16,,"Dofa, Indonesia",5328,7.6,
535,Sunda Strait Current,-5.9667,105.9167,Pulau Ular,island,4.72,,"Genteng (Westbaai), Indonesia",5351,168.1,"Sangiang (Sunda Strait), Indonesia Current"
535,Sunda Strait Current,-5.9667,105.9167,Sangiang Island,island,7.64,,"Genteng (Westbaai), Indonesia",5351,168.1,
535,Sunda Strait Current,-5.9667,105.9167,Pulau Merak,island,9.93,,"Genteng (Westbaai), Indonesia",5351,168.1,
537,Madura Strait Current,-7.1000,112.6667,Madura Strait,strait,10.79,,"Gading, Indonesia",5370,29.7,"Gresik / Junganyar (Madura Strait), Indonesia Current"
537,Madura Strait Current,-7.1000,112.6667,Lamong Bay,bay,11.80,,"Gading, Indonesia",5370,29.7,
537,Madura Strait Current,-7.1000,112.6667,Tanjung Perak,harbour,12.39,,"Gading, Indonesia",5370,29.7,
538,Lombok Strait Current,-8.7500,115.7500,Pulau Batuaba,island,13.57,,"Tanjung Pandanan, Indonesia",5386,14.6,"Nusa Penida / Tanjung Pandanan (Lombok Strait), Indonesia Current"
538,Lombok Strait Current,-8.7500,115.7500,Nusa Batuabah,coastline,13.57,,"Tanjung Pandanan, Indonesia",5386,14.6,
538,Lombok Strait Current,-8.7500,115.7500,Batujineng Kandik Timur,coastline,13.65,,"Tanjung Pandanan, Indonesia",5386,14.6,
550,Irian Jaya (NP203 550) Current,-1.4000,130.9667,Tanjung Kanyolo,cape,4.61,,"Sailolof, Indonesia",5500,25.7,"Selat Sele (Seget), Indonesia Current"
550,Irian Jaya (NP203 550) Current,-1.4000,130.9667,Tanjung Menonket,cape,13.16,,"Sailolof, Indonesia",5500,25.7,
550,Irian Jaya (NP203 550) Current,-1.4000,130.9667,Lugo Island,coastline,0.84,,"Sailolof, Indonesia",5500,25.7,
551,Irian Jaya (NP203 551) Current,-2.2267,133.6433,,,,,"Muturi Terminal, Indonesia",5514a,3.9,"Sungai Muturi, New Guinea, Indonesia Current"
